_internalId,codHidrante,nomHidrante,codLegado,dscLocalidade,dscEndereco,pontoReferencia,dscPontoReferencia,numLatitude,numLongitude,flgAtivo,status,problemasHidrante,dscObservacao,datHoraVistoria,datHoraUltimaVistoria,vistoriadorNome,diametro,fotoPerfil
"hid_0","23","TAG00001","23","TAGUATINGA","Setor A Norte Qna 11, 13-18 - Taguatinga, Brasília - DF, República Federativa do Brasil","QNA 11 AVENIDA DAS PALMEIRAS LOTE 34","QNA 11 AVENIDA DAS PALMEIRAS LOTE 34",-15.830361,-48.054556,true,"Operante","","","26/03/2025 07:40:00","26/03/2025 07:40:00","","100mm",""
"hid_1","26","TAG00003","26","TAGUATINGA","QS 01 RUA 214 LOTE 26","PRÓXIMO A CVP","PRÓXIMO A CVP",-15.838139,-48.044889,true,"Operante","","","26/03/2025 07:40:00","26/03/2025 07:40:00","","100mm",""
"hid_2","30","TAG00005","30","TAGUATINGA","Setor B Sul Qsb 3, 16 - Taguatinga, Brasília - DF, República Federativa do Brasil","Proximo ao Alameda Shopping/6º Ofício de Notas","Proximo ao Alameda Shopping/6º Ofício de Notas",-15.836222,-48.057528,true,"Operante","","","26/03/2025 10:40:00","26/03/2025 10:40:00","","100mm",""
"hid_3","32","TAG00006","32","TAGUATINGA","Qs 1 Rua 212 - Taguatinga, Brasília - DF, República Federativa do Brasil","QS 01 rua 212Frente a Faculdade Anhanguera","QS 01 rua 212Frente a Faculdade Anhanguera",-15.838417,-48.047111,false,"Inoperante","","","26/03/2025 08:10:00","26/03/2025 08:10:00","","100mm",""
"hid_4","40","SAM00002","40","SAMAMBAIA","Qr/Qn 215 Conjunto 2 3, 1-10 - Samambaia, Brasília - DF, República Federativa do Brasil","QR 215 conjunto 3 próximo a casa 21 - Igreja Assembléia de Deus","QR 215 conjunto 3 próximo a casa 21 - Igreja Assembléia de Deus",-15.883528,-48.111664,true,"Operante","","","02/06/2026 06:45:00","02/06/2026 06:45:00","","100mm",""
"hid_5","41","SAM00003","41","SAMAMBAIA","Qr 215 Conjunto 5, 1-42 - Samambaia, Brasília - DF, República Federativa do Brasil","Qr 2015 conjunto 5 proximo a casa 42","Qr 2015 conjunto 5 proximo a casa 42",-15.884336,-48.111147,false,"Inoperante","","","10/03/2025 13:30:00","10/03/2025 13:30:00","","100mm",""
"hid_6","44","SAM00006","44","SAMAMBAIA","Smse Conjunto 8, 2 - Samambaia, Brasília - DF, República Federativa do Brasil","SMSE CONJUNTO 08 LOTE 01 - PRÓXIMO A CPRV - VIA DE ACESSO SAMAMBAIA","SMSE CONJUNTO 08 LOTE 01 - PRÓXIMO A CPRV - VIA DE ACESSO SAMAMBAIA",-15.874486,-48.055064,true,"Operante","","","26/02/2025 09:30:00","26/02/2025 09:30:00","","100mm",""
"hid_7","45","SAM00007","45","SAMAMBAIA","Smse 13/14 Conjunto 13 14, 2-4 - Samambaia, Brasília - DF, República Federativa do Brasil","SMSE -CONJ 14 LOTE 04 / VIA DE ACESSO BR 060","SMSE -CONJ 14 LOTE 04 / VIA DE ACESSO BR 060",-15.877869,-48.054308,true,"Operante","","","26/02/2025 10:00:00","26/02/2025 10:00:00","","100mm",""
"hid_8","46","SAM00008","46","SAMAMBAIA","Smse 14 Conjunto 14, 1-9 - Samambaia, Brasília - DF, República Federativa do Brasil","SMSE CONJUNTO 19 LOTE 10 CASA 01 / VIA DE ACESSO A BR 060","SMSE CONJUNTO 19 LOTE 10 CASA 01 / VIA DE ACESSO A BR 060",-15.879439,-48.054747,true,"Operante","","","26/02/2025 10:30:00","26/02/2025 10:30:00","","100mm",""
"hid_9","48","TAG00007","48","TAGUATINGA","QI 10 LOTE 02","PROXIMO AO POSTO BR","PROXIMO AO POSTO BR",-15.805639,-48.075194,false,"Inoperante","CAIXA DE REGISTRO CHEIA D'ÁGUA","","31/03/2025 09:30:00","31/03/2025 09:30:00","","100mm",""
"hid_10","51","TAG00008","51","TAGUATINGA","QI 3 LOTE 22","FRENTE A AUTO PEÇAS ENVIAPEÇAS","FRENTE A AUTO PEÇAS ENVIAPEÇAS",-15.806083,-48.0725,true,"Operante","FALTA CABEÇOTE DA HASTE DO REGISTRO (LUVA)","","26/03/2025 18:21:00","26/03/2025 18:21:00","","100mm",""
"hid_11","61","TAG00009","61","TAGUATINGA","C5/C4 LOTE 7 TAGUATINGA-DF","EM FRENTE AO LOTE 7 / PROXIMO A AGENCIA DO TRABALHADOR / 12ª DP","EM FRENTE AO LOTE 7 / PROXIMO A AGENCIA DO TRABALHADOR / 12ª DP",-15.831139,-48.054944,true,"Operante","","","26/03/2025 11:10:00","26/03/2025 11:10:00","","100mm",""
"hid_12","62","BSB00002","62","BRASILIA","EIXO MONUMENTAL - PRAÇA DOS TRES PODERES / CONGRESSO NACIONAL - BRASILIA-DF","ESTACIONAMENTO PRIVATIVO DO CONGRESSO NACIONAL / LADO DIREITO.","ESTACIONAMENTO PRIVATIVO DO CONGRESSO NACIONAL / LADO DIREITO.",-15.801061,-47.862631,true,"Operante","","","19/01/2026 15:00:00","19/01/2026 15:00:00","","100mm",""
"hid_13","66","BSB00004","66","BRASILIA","ESPLANADA DOS MINISTERIOS - MINISTERIO DA ECONOMIA - BRASILIA-DF","ENTRE OS MINISTÉRIOS DA ECONOMIA / AGRICULTURA, PECUÁRIA E ABASTECIMENTO.","ENTRE OS MINISTÉRIOS DA ECONOMIA / AGRICULTURA, PECUÁRIA E ABASTECIMENTO.",-15.798725,-47.870933,true,"Operante","","","25/01/2026 22:04:00","25/01/2026 22:04:00","","100mm",""
"hid_14","69","BSB00005","69","BRASILIA","ESPLANADA DOS MINISTERIOS - MINISTERIO DA SAUDE/PALACIO DO ITAMARATY BRASILIA-DF","ENTRE O MINISTERIO DA SAUDE EO PALACIO DO ITAMARATY (PROXIMO AO PONTO DE TAXI)","ENTRE O MINISTERIO DA SAUDE EO PALACIO DO ITAMARATY (PROXIMO AO PONTO DE TAXI)",-15.799694,-47.867917,true,"Operante","","","19/01/2026 15:22:00","19/01/2026 15:22:00","","100mm",""
"hid_15","83","SAM00009","83","SAMAMBAIA","Qr 413 Conjunto 5A 5, 17 - Samambaia, Brasília - DF, República Federativa do Brasil","","",-15.879081,-48.109939,false,"Inoperante","","","10/03/2025 15:00:00","10/03/2025 15:00:00","","100mm",""
"hid_16","85","SAM00010","85","SAMAMBAIA","Qn/Qr 431 Qn 431 Conjunto 22, 1 - Samambaia, Brasília - DF, República Federativa do Brasil","CASA 02 CONJUNTO 22","CASA 02 CONJUNTO 22",-15.892036,-48.144714,true,"Operante","","","28/02/2025 13:45:00","28/02/2025 13:45:00","","100mm",""
"hid_17","86","SAM00011","86","SAMAMBAIA","Qs 607 Conjunto B, 1 - Samambaia, Brasília - DF, República Federativa do Brasil","605/607 AREA VERDE PROX. IGREJA EVANGELICA","605/607 AREA VERDE PROX. IGREJA EVANGELICA",-15.870661,-48.102767,true,"Operante","","","10/04/2025 17:24:00","10/04/2025 17:24:00","","100mm",""
"hid_18","89","TAG00011","89","TAGUATINGA","Setor F Norte Qnf 11, 3-7 - Taguatinga, Brasília - DF, República Federativa do Brasil","PRO LOT 15","PRO LOT 15",-15.815306,-48.076611,true,"Operante","","","27/03/2025 13:30:00","27/03/2025 13:30:00","","100mm",""
"hid_19","90","TAG00012","90","TAGUATINGA","Setor F Norte Cnf 2 Qnf Cnf 1, 15 - Taguatinga, Brasília - DF, República Federativa do Brasil","ANTIGA QUADRA DE FUTEBOL ARIMATEIA","ANTIGA QUADRA DE FUTEBOL ARIMATEIA",-15.8139,-48.067944,true,"Operante","","","27/03/2025 17:00:00","27/03/2025 17:00:00","","100mm",""
"hid_20","94","BSB00006","94","BRASILIA","SETOR DE EMBAIXADAS SUL QUADRA 807 - BRASILIA-DF","SES QUADRA 807, FUNDOS DA EMBAIXADA DA ALEMANHA.","SES QUADRA 807, FUNDOS DA EMBAIXADA DA ALEMANHA.",-15.820644,-47.887661,true,"Operante","","","06/08/2025 12:00:00","06/08/2025 12:00:00","","100mm",""
"hid_21","97","BSB00009","97","BRASILIA","SES QUADRA 805 - BRASÍLIA-DF","FUNDOS DA EMBAIXADA DA HUNGRIA","FUNDOS DA EMBAIXADA DA HUNGRIA",-15.815,-47.886111,true,"Operante","","","25/01/2026 22:10:00","25/01/2026 22:10:00","","100mm",""
"hid_22","101","TAG00013","101","TAGUATINGA","QNL 1 AREA ESPECIAL 2 - TAGUATINGA-DF","LADO DIREITO DO POSTO DE SAUDE Nº 3 DE TAGUATINGA.","LADO DIREITO DO POSTO DE SAUDE Nº 3 DE TAGUATINGA.",-15.832667,-48.077583,true,"Operante","","","27/03/2025 13:25:00","27/03/2025 13:25:00","","100mm",""
"hid_23","134","TAG00016","134","TAGUATINGA","QNL 10 CONJUNTO J CASA 17","FRENTE A ULTRAGAZ / POSTO DE COMBUSTÍVEIS MELHOR.","FRENTE A ULTRAGAZ / POSTO DE COMBUSTÍVEIS MELHOR.",-15.820139,-48.077139,true,"Operante","","","27/03/2025 15:06:00","27/03/2025 15:06:00","","100mm",""
"hid_24","147","TAG00017","147","TAGUATINGA","QNH LOTE 05 Via Hn Dezesseis","Frente ao deposito do Campeão da Construção","Frente ao deposito do Campeão da Construção",-15.799111,-48.093861,true,"Operante","","","27/03/2025 09:00:00","27/03/2025 09:00:00","","100mm",""
"hid_25","148","TAG00018","148","TAGUATINGA","Setor M Norte Eqnm 36/38 Bl G H Conjunto Z - Setor M-Norte, Taguatinga, Brasília - DF, Brasil","EQNM 36/38 AE.06 LOTO 06 LATERAL DA IGREJA BRAÇO FORTE","EQNM 36/38 AE.06 LOTO 06 LATERAL DA IGREJA BRAÇO FORTE",-15.799278,-48.094944,true,"Operante","FALTA TAMPÃO DE 4""","","27/03/2025 08:30:00","27/03/2025 08:30:00","","100mm",""
"hid_26","149","TAG00019","149","TAGUATINGA","QNH LOTE 13/15 Via Hn Dezesseis","Frente ao Depósito do Campeão da Construção","Frente ao Depósito do Campeão da Construção",-15.797694,-48.094694,true,"Operante","PINTAR HIDRANTE DE AMARELO","","27/03/2025 08:00:00","27/03/2025 08:00:00","","100mm",""
"hid_27","151","TAG00020","151","TAGUATINGA","Setor H Norte Qnh Conjunto D - Taguatinga, Brasília - DF, Brasil","SHN - ÁREA ESPECIAL Nº 60, apos o posto de Gasolina, ( FRENTE A BOX 4 ESCAPAMENTOS)","SHN - ÁREA ESPECIAL Nº 60, apos o posto de Gasolina, ( FRENTE A BOX 4 ESCAPAMENTOS)",-15.804333,-48.084889,true,"Operante","","","26/03/2025 17:51:00","26/03/2025 17:51:00","","100mm",""
"hid_28","173","TAG00022","173","TAGUATINGA","CSA 02 LOTE 10 LOJA 05 - Taguatinga SUL, Brasília - DF, Brasil","EM FRENTE AO EDIFÍCIO VIENA/COPIADORA","EM FRENTE AO EDIFÍCIO VIENA/COPIADORA",-15.835722,-48.05,true,"Operante","","","26/03/2025 09:10:00","26/03/2025 09:10:00","","100mm",""
"hid_29","178","TAG00023","178","TAGUATINGA","Setor D Sul Qsd Ae 25 Qsd 30, 1-2 - Taguatinga, Brasília - DF, Brasil","QSD 28 AE 25 - FRENTE A PARÓQUIA SÃO PEDRO","QSD 28 AE 25 - FRENTE A PARÓQUIA SÃO PEDRO",-15.851667,-48.047694,true,"Operante","","","21/03/2025 07:30:00","21/03/2025 07:30:00","","100mm",""
"hid_30","184","TAG00024","184","TAGUATINGA","SETOR E SUL AREA ESPECIAL 16 LOTE 1 - TAGUATINGA SUL - BRASILIA-DF","EM FRENTE AO HOSPITAL SANTA MARTA/AO LADO DO CENTRO CLINICO SANTA CLARA.","EM FRENTE AO HOSPITAL SANTA MARTA/AO LADO DO CENTRO CLINICO SANTA CLARA.",-15.860778,-48.042139,true,"Operante","","","20/02/2025 11:58:00","20/02/2025 11:58:00","","100mm",""
"hid_31","194","TAG00025","194","TAGUATINGA","QS 7/8 Avenida Águas Claras / PARADA DE ÔNIBUS","NO CANTEIRO CENTRAL","NO CANTEIRO CENTRAL",-15.863056,-48.025056,true,"Operante","","","21/03/2025 10:30:00","21/03/2025 10:30:00","","100mm",""
"hid_32","231","BRZ00001","231","BRAZLANDIA","Setor Tradicional Ae 1 Q 3 Conjunto C, 1-16 - Brazlândia, Brasília - DF, Brasil","Lateral do 7º GBM","Lateral do 7º GBM",-15.684861,-48.203361,true,"Operante","FALTA CABEÇOTE DA HASTE DO REGISTRO (LUVA)","","22/01/2026 15:43:00","22/01/2026 15:43:00","","100mm","/hidrantes/brazlandia/BRZ00001.jpeg"
"hid_33","233","CEI00001","233","CEILANDIA","CNM 01 CENTRO","PRÓXIMO AO COMPER/CAESB","PRÓXIMO AO COMPER/CAESB",-15.817806,-48.101889,true,"Operante","FALTA CABEÇOTE DA HASTE DO REGISTRO (LUVA)","","20/03/2025 10:26:00","20/03/2025 10:26:00","","100mm",""
"hid_34","234","CEI00002","234","CEILANDIA","CNM 02 BLOCO D LOTE 06/07 - CEILÂNDIA-DF","Na esquina das lojas pernambucanas e do semáforo","Na esquina das lojas pernambucanas e do semáforo",-15.815861,-48.102167,false,"Inoperante","CAIXA DE REGISTRO CHEIA DE LIXO; REGISTRO SOTERRADO","","20/03/2025 09:54:00","20/03/2025 09:54:00","","100mm",""
"hid_35","235","CEI00003","235","CEILANDIA","AE Nº 02 8º GBM","FRENTE AO 8º GBM","FRENTE AO 8º GBM",-15.813111,-48.097056,true,"Operante","","","20/03/2025 09:39:00","20/03/2025 09:39:00","","100mm",""
"hid_36","236","CEI00004","236","CEILANDIA","QNN 37 CONJUNTO B CASA 33","EM FRENTE A CASA 33","EM FRENTE A CASA 33",-15.813583,-48.125444,true,"Operante","","","20/03/2025 11:51:00","20/03/2025 11:51:00","","100mm",""
"hid_37","237","CEI00005","237","CEILANDIA","QNN 37 conjunto D CASA 10","ESQUINA EM FRENTE A FEIRA PERMANENTE DO P NORTE","ESQUINA EM FRENTE A FEIRA PERMANENTE DO P NORTE",-15.812028,-48.126028,true,"Operante","","","13/08/2025 10:45:00","13/08/2025 10:45:00","","100mm",""
"hid_38","240","CEI00006","240","CEILANDIA","QNN 39 CONJUNTO D CASA 24","EM FRENTE A CASA 24","EM FRENTE A CASA 24",-15.805667,-48.128472,true,"Operante","","","13/08/2025 10:23:00","13/08/2025 10:23:00","","100mm",""
"hid_39","241","CEI00007","241","CEILANDIA","QNN 37 CONJUNTO G CASA 23","EM FRENTE A CASA 23","EM FRENTE A CASA 23",-15.809833,-48.126861,true,"Operante","","","13/08/2025 10:41:00","13/08/2025 10:41:00","","100mm",""
"hid_40","243","CEI00009","243","CEILANDIA","QNO 07 CONJUNTO C CASA 57","NA LATERAL DA CASA 57","NA LATERAL DA CASA 57",-15.784583,-48.128611,false,"Inoperante","REGISTRO SOTERRADO","","20/03/2025 08:59:00","20/03/2025 08:59:00","","100mm",""
"hid_41","245","CEI00010","245","CEILANDIA","QNM 02 - CEILANDIA-DF","AO LADO DA CAIXA D'ÁGUA NO CENTRO DE CEILANDIA.

LOCALIZAÇÃO CORRETA: S15º49'01.4"" W48º 06'17.4""","AO LADO DA CAIXA D'ÁGUA NO CENTRO DE CEILANDIA.

LOCALIZAÇÃO CORRETA: S15º49'01.4"" W48º 06'17.4""",-15.817111,-48.104917,true,"Operante","FALTA CABEÇOTE DA HASTE DO REGISTRO (LUVA)","","20/03/2025 10:18:00","20/03/2025 10:18:00","","100mm",""
"hid_42","246","CEI00011","246","CEILANDIA","CNM 01 BLOCO D LOTE 06/07","ENTRE O FÓRUM E O PONTO FRIO","ENTRE O FÓRUM E O PONTO FRIO",-15.818417,-48.103056,true,"Operante","FALTA CABEÇOTE DA HASTE DO REGISTRO (LUVA)","","20/03/2025 10:26:00","20/03/2025 10:26:00","","100mm",""
"hid_43","247","CEI00012","247","CEILANDIA","EQNN 06/08 BLOCO A","PRÓX. PARADA DE ÔNIBUS/HOTEL VENEZA","PRÓX. PARADA DE ÔNIBUS/HOTEL VENEZA",-15.831833,-48.101722,true,"Operante","","","20/03/2025 11:10:00","20/03/2025 11:10:00","","100mm",""
"hid_44","248","CEI00013","248","CEILANDIA","EQNN 04/06 BLOCO A","PRÓX. A PARADA DE ÔNIBUS/QUIOSQUES VIA LESTE","PRÓX. A PARADA DE ÔNIBUS/QUIOSQUES VIA LESTE",-15.827111,-48.104333,true,"Operante","","","31/03/2025 08:00:00","31/03/2025 08:00:00","","100mm",""
"hid_45","249","CEI00014","249","CEILANDIA","EQNN 20/22 BLOCO D","PRÓX. AO PONTO DE ÔNIBUS","PRÓX. AO PONTO DE ÔNIBUS",-15.832694,-48.113028,true,"Operante","","","20/03/2025 11:00:00","20/03/2025 11:00:00","","100mm",""
"hid_46","250","CEI00015","250","CEILANDIA","QNN 12","No estacionamento da UBS 10","No estacionamento da UBS 10",-15.824282,-48.113891,true,"Operante","","","20/03/2025 11:23:00","20/03/2025 11:23:00","","100mm",""
"hid_47","251","CEI00016","251","CEILANDIA","QNN 40 CONJUNTO B CASA 18","EM FRENTE A CASA 18","EM FRENTE A CASA 18",-15.841083,-48.109139,true,"Operante","","","20/03/2025 08:30:00","20/03/2025 08:30:00","","100mm",""
"hid_48","252","CEI00017","252","CEILANDIA","QNN 40 CONJUNTO H CASA 25","EM FRENTE A CASA 25","EM FRENTE A CASA 25",-15.844083,-48.106833,true,"Operante","","","20/03/2025 09:00:00","20/03/2025 09:00:00","","100mm",""
"hid_49","253","CEI00018","253","CEILANDIA","QNM 38 CONJUNTO G CASA 10","FUNDOS DA FEIRA LIVRE DO P. SUL","FUNDOS DA FEIRA LIVRE DO P. SUL",-15.838667,-48.110417,true,"Operante","","","20/03/2025 09:00:00","20/03/2025 09:00:00","","100mm",""
"hid_50","254","CEI00019","254","CEILANDIA","QNM 36/38","ESQUINA DA EC 59","ESQUINA DA EC 59",-15.8355,-48.112861,true,"Operante","","","20/03/2025 09:30:00","20/03/2025 09:30:00","","100mm",""
"hid_51","255","CEI00020","255","CEILANDIA","QNN 36 CONJUNTO B CASA 36","LATERAL CASA 36","LATERAL CASA 36",-15.833222,-48.115056,false,"Inoperante","REGISTRO SOTERRADO","","12/05/2025 11:21:00","12/05/2025 11:21:00","","100mm",""
"hid_52","256","CEI00021","256","CEILANDIA","QNP 24","ÁREA VERDE/TERMINAL P. SUL","ÁREA VERDE/TERMINAL P. SUL",-15.83975,-48.127472,true,"Operante","FALTA CABEÇOTE DA HASTE DO REGISTRO (LUVA); FALTA TAMPÃO DE 2.1/2""","","12/05/2025 10:59:00","12/05/2025 10:59:00","","100mm",""
"hid_53","258","CEI00022","258","CEILANDIA","QNO 08 CONJUNTO B AE 36","EM FRENTE LOJA 01 ESQUINA","EM FRENTE LOJA 01 ESQUINA",-15.802056,-48.130194,true,"Operante","FALTA CABEÇOTE DA HASTE DO REGISTRO (LUVA); REGISTRO COM VAZAMENTO","","19/08/2025 09:00:00","19/08/2025 09:00:00","","100mm",""
"hid_54","259","CEI00023","259","CEILANDIA","QNO 08 CONJUNTO B LOTE 17 - SETOR DE OFICINAS","EM FRENTE AO LOTE 17","EM FRENTE AO LOTE 17",-15.801083,-48.13,true,"Operante","","","19/08/2025 09:40:00","19/08/2025 09:40:00","","100mm",""
"hid_55","260","CEI00024","260","CEILANDIA","QNO 08 CONJUNTO B AE 02","ESQUINA DA TORNEADORA ARAÚJ0","ESQUINA DA TORNEADORA ARAÚJ0",-15.800472,-48.130806,true,"Operante","","","19/08/2025 09:30:00","19/08/2025 09:30:00","","100mm",""
"hid_56","261","CEI00025","261","CEILANDIA","EQNO 13/15 BLOCO D","AO LADO DA PARADA DE ÔNIBUS/QUIOSQUE","AO LADO DA PARADA DE ÔNIBUS/QUIOSQUE",-15.787528,-48.129028,true,"Operante","FALTA CABEÇOTE DA HASTE DO REGISTRO (LUVA)","","19/08/2025 10:32:00","19/08/2025 10:32:00","","100mm",""
"hid_57","262","CEI00026","262","CEILANDIA","QNO 08 CONJUNTO A AE 18","EM FRENTE AO LOTE 18","EM FRENTE AO LOTE 18",-15.800778,-48.129278,true,"Operante","REGISTRO COM VAZAMENTO","","19/08/2025 09:53:00","19/08/2025 09:53:00","","100mm",""
"hid_58","263","CEI00027","263","CEILANDIA","QNO 08 BLOCO A LOJA 05","EM FRENTE AUTO PEÇAS FOX","EM FRENTE AUTO PEÇAS FOX",-15.801861,-48.128528,true,"Operante","","","19/08/2025 08:30:00","19/08/2025 08:30:00","","100mm",""
"hid_59","264","CEI00028","264","CEILANDIA","QNO 18 CONJUNTO 38 LOTE 36","EM FRENTE A IGREJA ASSEMBLÉIA DE DEUS","EM FRENTE A IGREJA ASSEMBLÉIA DE DEUS",-15.793806,-48.134639,true,"Operante","FALTA CABEÇOTE DA HASTE DO REGISTRO (LUVA)","","19/08/2025 10:00:00","19/08/2025 10:00:00","","100mm",""
"hid_60","265","CEI00029","265","CEILANDIA","QNO 19 CONJUNTO 38 LOTE 18","ESQUINA ÁREA VERDE","ESQUINA ÁREA VERDE",-15.791889,-48.136694,false,"Inoperante","FALTA CABEÇOTE DA HASTE DO REGISTRO (LUVA); FALTA TAMPÃO DE 2.1/2""","","19/08/2025 10:03:00","19/08/2025 10:03:00","","100mm",""
"hid_61","266","CEI00030","266","CEILANDIA","QNP 7/11 AE N° 02 EC 40","VC 311 - FUNDOS DA ESCOLA","VC 311 - FUNDOS DA ESCOLA",-15.819083,-48.131444,true,"Operante","FALTA CABEÇOTE DA HASTE DO REGISTRO (LUVA)","","13/08/2025 11:10:00","13/08/2025 11:10:00","","100mm",""
"hid_62","267","CEI00031","267","CEILANDIA","QNP 09 CONJUNTO X LOTE 25","SUPERMERCADO VIVENDAS","SUPERMERCADO VIVENDAS",-15.8135,-48.130556,true,"Operante","FALTA CABEÇOTE DA HASTE DO REGISTRO (LUVA)","","13/08/2025 11:02:00","13/08/2025 11:02:00","","100mm",""
"hid_63","268","CEI00032","268","CEILANDIA","EQNP 06/10 AE ""C""","PRÓX. A IGREJA BATISTA CANAÃ","PRÓX. A IGREJA BATISTA CANAÃ",-15.834417,-48.116472,false,"Inoperante","REGISTRO SOTERRADO","","12/05/2025 11:16:00","12/05/2025 11:16:00","","100mm",""
"hid_64","271","OCT00001","271","SUDOESTE E OCTOGONAL","AOS 4/5, BLOCO B, COMÉRCIO LOCAL","PRÓXIMO AO ESTACIONAMENTO","PRÓXIMO AO ESTACIONAMENTO",-15.809642,-47.942628,false,"Inoperante","REGISTRO SOTERRADO","","25/07/2025 11:32:00","25/07/2025 11:32:00","","100mm",""
"hid_65","273","OCT00003","273","SUDOESTE E OCTOGONAL","AOS 7, BLOCO C","ENTRADA GARAGEM B/C","ENTRADA GARAGEM B/C",-15.805056,-47.94375,true,"Operante","","","25/07/2025 10:42:00","25/07/2025 10:42:00","","100mm",""
"hid_66","275","CRU00002","275","CRUZEIRO","SRES 10, BLOCO V, CASA 05","PRÓXIMO À CASA 05","PRÓXIMO À CASA 05",-15.78399,-47.931735,true,"Operante","","","26/06/2025 10:30:00","26/06/2025 10:30:00","","100mm",""
"hid_67","277","CRU00003","277","CRUZEIRO","SRES 10, BLOCO Y, CASA 24","LATERAL DA CASA 24","LATERAL DA CASA 24",-15.780842,-47.931197,true,"Operante","REGISTRO COM VAZAMENTO","","26/06/2025 10:30:00","26/06/2025 10:30:00","","100mm",""
"hid_68","278","OCT00004","278","SUDOESTE E OCTOGONAL","AOS 7, BLOCO F","BLOCO F/E","BLOCO F/E",-15.803764,-47.944406,true,"Operante","","","25/07/2025 10:42:00","25/07/2025 10:42:00","","100mm",""
"hid_69","282","CEI00034","282","CEILANDIA","QD 01 CONJUNTO A LOTE 24/25","TERRA PERFILADOS - FRENTE A AVENIDA ESTÁDIO","TERRA PERFILADOS - FRENTE A AVENIDA ESTÁDIO",-15.845694,-48.106028,true,"Operante","","","20/03/2025 10:00:00","20/03/2025 10:00:00","","100mm",""
"hid_70","283","CEI00035","283","CEILANDIA","QD 01 CONJUNTO A LOTE 46","NÃO ENCONTRADO","NÃO ENCONTRADO",-15.847139,-48.104333,true,"Operante","","","20/03/2025 10:30:00","20/03/2025 10:30:00","","100mm",""
"hid_71","284","CEI00036","284","CEILANDIA","QD 02 CONJUNTO A LOTE 25","LOTE 25","LOTE 25",-15.848222,-48.106528,true,"Operante","REGISTRO COM VAZAMENTO","","12/05/2025 10:26:00","12/05/2025 10:26:00","","100mm",""
"hid_72","285","CEI00037","285","CEILANDIA","QD 02 CONJUNTO A LOTE 31","FRENTE AO LOTE 31","FRENTE AO LOTE 31",-15.848083,-48.105306,true,"Operante","","","12/05/2025 10:20:00","12/05/2025 10:20:00","","100mm",""
"hid_73","286","CEI00038","286","CEILANDIA","QD 01 CONJUNTO B LOTE 34","FRENTE AO LOTE 34","FRENTE AO LOTE 34",-15.84725,-48.105333,false,"Inoperante","HIDRANTE ABAIXO DO NÍVEL DO CHÃO; HIDRANTE SOTERRADO","","12/05/2025 10:29:00","12/05/2025 10:29:00","","100mm",""
"hid_74","287","CEI00039","287","CEILANDIA","QD 04 CONJUNTO A LOTE 02","SALÃO DE FESTAS VIP","SALÃO DE FESTAS VIP",-15.849889,-48.108417,false,"Inoperante","FALTA FLANGE; FALTA TAMPÃO DE 2.1/2""; FALTA TAMPÃO DE 4""; TAMPA DA CAIXA LACRADA (CONCRETADA)","","12/05/2025 10:04:00","12/05/2025 10:04:00","","100mm",""
"hid_75","289","CEI00040","289","CEILANDIA","ADE Q 2 CONJUNTO B LOTE 03","EM FRENTE AO LOTE 03","EM FRENTE AO LOTE 03",-15.84925,-48.105028,true,"Operante","","","12/05/2025 10:16:00","12/05/2025 10:16:00","","100mm",""
"hid_76","290","CEI00041","290","CEILANDIA","QD 03 CONJUNTO H LOTE 19","AUTO CENTRO 2 IRMÃOS","AUTO CENTRO 2 IRMÃOS",-15.850556,-48.113,false,"Inoperante","TAMPA DA CAIXA LACRADA (CONCRETADA)","","12/05/2025 10:01:00","12/05/2025 10:01:00","","100mm",""
"hid_77","291","CEI00042","291","CEILANDIA","ADE Q 3 CONJUNTO B LOTE 16","LATERAL DO POSTO DE COMBUSTÍVEL BR","LATERAL DO POSTO DE COMBUSTÍVEL BR",-15.848528,-48.109972,true,"Operante","","","12/05/2025 09:57:00","12/05/2025 09:57:00","","100mm",""
"hid_78","294","CEI00044","294","CEILANDIA","QNN 11 VIA NN 11 B LOTE 22","ED. NOVO HORIZONTE","ED. NOVO HORIZONTE",-15.81775,-48.115944,true,"Operante","FALTA CABEÇOTE DA HASTE DO REGISTRO (LUVA)","","20/03/2025 11:31:00","20/03/2025 11:31:00","","100mm",""
"hid_79","296","CEI00046","296","CEILANDIA","EQNM 8/10","POSTO DE COMBUSTÍVEL - BRAGA","POSTO DE COMBUSTÍVEL - BRAGA",-15.800167,-48.114278,true,"Operante","FALTA CABEÇOTE DA HASTE DO REGISTRO (LUVA)","","20/03/2025 09:13:00","20/03/2025 09:13:00","","100mm",""
"hid_80","298","CEI00048","298","CEILANDIA","QNM 12 VIA CNM 02 BLOCO B LOTE 13 - CEILANDIA-DF","LATERAL DA CHURRASCARIA FOGO DO GALPÃO","LATERAL DA CHURRASCARIA FOGO DO GALPÃO",-15.81525,-48.104278,true,"Operante","","","13/08/2025 09:00:00","13/08/2025 09:00:00","","100mm",""
"hid_81","299","CEI00049","299","CEILANDIA","EQNM 23/25 BLOCO B","PRÓX. BANCA DE REVISTA","PRÓX. BANCA DE REVISTA",-15.834639,-48.093917,true,"Operante","FALTA CABEÇOTE DA HASTE DO REGISTRO (LUVA)","","20/03/2025 11:10:00","20/03/2025 11:10:00","","100mm",""
"hid_82","303","CEI00052","303","CEILANDIA","EQNM 17/19 BLOCO D","VIA M3 FRENTE FUNERÁRIAS/QUIOSQUES","VIA M3 FRENTE FUNERÁRIAS/QUIOSQUES",-15.817389,-48.096556,true,"Operante","FALTA CABEÇOTE DA HASTE DO REGISTRO (LUVA)","","12/05/2025 12:05:00","12/05/2025 12:05:00","","100mm",""
"hid_83","304","CEI00053","304","CEILANDIA","EQNM 17/19 BLOCO A","AGROCAMPO - PRÓX. A PARADA DE ÔNIBUS","AGROCAMPO - PRÓX. A PARADA DE ÔNIBUS",-15.818667,-48.100333,true,"Operante","","","13/08/2025 08:30:00","13/08/2025 08:30:00","","100mm",""
"hid_84","305","CEI00054","305","CEILANDIA","QNM18 CONJUNTO H CASA 05","KISHI MOTOS - YAMAHA","KISHI MOTOS - YAMAHA",-15.813556,-48.098333,true,"Operante","FALTA CABEÇOTE DA HASTE DO REGISTRO (LUVA)","","20/03/2025 09:46:00","20/03/2025 09:46:00","","100mm",""
"hid_85","307","CEI00056","307","CEILANDIA","EQNM 22/24 BLOCO D LOJA 05","VIA M3 - IGREJA CRISTÃ EVANGÉLICA DA ALIANÇA","VIA M3 - IGREJA CRISTÃ EVANGÉLICA DA ALIANÇA",-15.801694,-48.107139,true,"Operante","","","20/03/2025 09:24:00","20/03/2025 09:24:00","","100mm",""
"hid_86","310","CEI00058","310","CEILANDIA","EQNN 03/05","PARADA DE ÔNIBUS - SUPERMERCADO ESPÍRITO SANTO","PARADA DE ÔNIBUS - SUPERMERCADO ESPÍRITO SANTO",-15.812083,-48.112778,true,"Operante","","","13/08/2025 09:46:00","13/08/2025 09:46:00","","100mm",""
"hid_87","311","CEI00059","311","CEILANDIA","EQNN 05/07 BLOCO F LOJA 05","VIADUTO METRO","VIADUTO METRO",-15.809083,-48.118667,true,"Operante","CAIXA DE REGISTRO CHEIA D'ÁGUA","","13/08/2025 09:53:00","13/08/2025 09:53:00","","100mm",""
"hid_88","312","CEI00060","312","CEILANDIA","EQNN 07/09 BLOCO A","FRENTE AO SUPERCEI","FRENTE AO SUPERCEI",-15.802083,-48.118333,true,"Operante","","","13/08/2025 10:09:00","13/08/2025 10:09:00","","100mm",""
"hid_89","313","CEI00061","313","CEILANDIA","EQNN 23/25 CONJUNTO D CASA 45","OPÇÃO ATACADISTA","OPÇÃO ATACADISTA",-15.804667,-48.124306,true,"Operante","","","13/08/2025 10:16:00","13/08/2025 10:16:00","","100mm",""
"hid_90","314","CEI00062","314","CEILANDIA","EQNN 17/19 BLOCO A","PARADA DE ÔNIBUS","PARADA DE ÔNIBUS",-15.81975,-48.116694,true,"Operante","FALTA CABEÇOTE DA HASTE DO REGISTRO (LUVA)","","20/03/2025 11:42:00","20/03/2025 11:42:00","","100mm",""
"hid_91","315","CEI00063","315","CEILANDIA","EQNN 17/19 BLOCO D LOJA 06","ZETEC MECÂNICA","ZETEC MECÂNICA",-15.821111,-48.120472,false,"Inoperante","FALTA TAMPÃO DE 4""","","19/08/2025 08:00:00","19/08/2025 08:00:00","","100mm",""
"hid_92","317","CEI00064","317","CEILANDIA","Setor Q Qnq 2 Conjunto 1 4, 1-2 - Ceilândia, Brasília - DF, Brasil","QNQ 02 conjunto 01 casa 30 - em frente a casa 30","QNQ 02 conjunto 01 casa 30 - em frente a casa 30",-15.806222,-48.140556,true,"Operante","","","20/08/2025 08:00:00","20/08/2025 08:00:00","","100mm",""
"hid_93","318","CEI00065","318","CEILANDIA","Setor Q Qnq 2 Conjunto 22 23, 4-8 - Ceilândia, Brasília - DF, Brasil","QNQ 02 conjunto 22 casa 19/22 - em frente a casa 19","QNQ 02 conjunto 22 casa 19/22 - em frente a casa 19",-15.802444,-48.141556,true,"Operante","","","20/08/2025 08:30:00","20/08/2025 08:30:00","","100mm",""
"hid_94","319","CEI00066","319","CEILANDIA","QNQ 4 Conjunto 1 CASA 20 - Ceilândia","QNQ 04 conjunto 01 casa 20 - na esquina da casa 20","QNQ 04 conjunto 01 casa 20 - na esquina da casa 20",-15.807306,-48.144417,true,"Operante","FALTA CABEÇOTE DA HASTE DO REGISTRO (LUVA)","","20/08/2025 09:00:00","20/08/2025 09:00:00","","100mm",""
"hid_95","320","CEI00067","320","CEILANDIA","Setor R Qnr 1 Conjunto J, 2-44 - Ceilândia, Brasília - DF, 72275-110, Brasil","QNR 01 conjunto J casa 01- na lateral da casa 01","QNR 01 conjunto J casa 01- na lateral da casa 01",-15.808944,-48.155028,true,"Operante","FALTA TAMPÃO DE 2.1/2""","","20/08/2025 10:36:00","20/08/2025 10:36:00","","100mm",""
"hid_96","321","CEI00068","321","CEILANDIA","QNM 15 MOD. E","AO LADO DO POSTO DE SAÚDE Nº 03","AO LADO DO POSTO DE SAÚDE Nº 03",-15.830472,-48.097028,true,"Operante","","","13/08/2025 08:00:00","13/08/2025 08:00:00","","100mm",""
"hid_97","322","CEI00069","322","CEILANDIA","EQNP 26/30","AV. CENTRAL","AV. CENTRAL",-15.843694,-48.118778,false,"Inoperante","REGISTRO SOTERRADO","","12/05/2025 10:47:00","12/05/2025 10:47:00","","100mm",""
"hid_98","323","CEI00070","323","CEILANDIA","EQNM 21/23 BLOCO D","EM FRENTE AO COMÉRCIO BEIRA DA PISTA","EM FRENTE AO COMÉRCIO BEIRA DA PISTA",-15.828139,-48.092417,true,"Operante","","","12/05/2025 12:16:00","12/05/2025 12:16:00","","100mm",""
"hid_99","324","CEI00071","324","CEILANDIA","QNR 01 CONJUNTO F CASA 22","EM FRENTE A CASA 22","EM FRENTE A CASA 22",-15.806389,-48.153861,true,"Operante","","","20/08/2025 10:39:00","20/08/2025 10:39:00","","100mm",""
"hid_100","325","CEI00072","325","CEILANDIA","QNR 01 CONJUNTO C CASA 43","EM FRENTE A CASA 43","EM FRENTE A CASA 43",-15.805944,-48.15225,true,"Operante","","","20/08/2025 10:42:00","20/08/2025 10:42:00","","100mm",""
"hid_101","326","CEI00073","326","CEILANDIA","QNQ 5 CONJUNTO 13 CASA 1 CEILANDIA-DF","NA LATERAL DA CASA 01 - EM FRENTE A PRAÇA","NA LATERAL DA CASA 01 - EM FRENTE A PRAÇA",-15.806278,-48.148611,true,"Operante","FALTA CABEÇOTE DA HASTE DO REGISTRO (LUVA)","","20/08/2025 09:30:00","20/08/2025 09:30:00","","100mm",""
"hid_102","327","CEI00074","327","CEILANDIA","QNR 01 CONJUNTO F CASA 01","EM FRENTE A IGREJA ESPIRITO SANTO","EM FRENTE A IGREJA ESPIRITO SANTO",-15.808417,-48.153194,true,"Operante","","","20/08/2025 10:34:00","20/08/2025 10:34:00","","100mm",""
"hid_103","328","CEI00075","328","CEILANDIA","QI 15 LOTES 25/31","EM FRENTE AOS LOTES 25/31","EM FRENTE AOS LOTES 25/31",-15.800028,-48.143361,true,"Operante","FALTA CABEÇOTE DA HASTE DO REGISTRO (LUVA)","","16/05/2025 10:40:00","16/05/2025 10:40:00","","100mm",""
"hid_104","330","CEI00076","330","CEILANDIA","QI 08 LOTE 67","LOTE 67","LOTE 67",-15.803167,-48.150306,false,"Inoperante","REGISTRO SOTERRADO; TAMPA DE CONCRETO QUEBRADA OU REMOVIDA","","16/05/2025 10:06:00","16/05/2025 10:06:00","","100mm",""
"hid_105","331","CEI00077","331","CEILANDIA","QI 15 LOTE 25/31","EM FRENTE AOS LOTES 25/31","EM FRENTE AOS LOTES 25/31",-15.798444,-48.143889,true,"Operante","FALTA CABEÇOTE DA HASTE DO REGISTRO (LUVA)","","16/05/2025 10:40:00","16/05/2025 10:40:00","","100mm",""
"hid_106","332","CEI00078","332","CEILANDIA","QI 01 LOTE 43/45","EM FRENTE AO GUERREIRO GÁS","EM FRENTE AO GUERREIRO GÁS",-15.802194,-48.142806,true,"Operante","FALTA CABEÇOTE DA HASTE DO REGISTRO (LUVA)","","16/05/2025 09:51:00","16/05/2025 09:51:00","","100mm",""
"hid_107","333","CEI00079","333","CEILANDIA","QI 7 LOTE 1 A 8","FRENTE A BRASÍLIA ALIMENTOS DISTRIBUIÇÃO","FRENTE A BRASÍLIA ALIMENTOS DISTRIBUIÇÃO",-15.801722,-48.145472,true,"Operante","","","16/05/2025 09:58:00","16/05/2025 09:58:00","","100mm",""
"hid_108","334","CEI00080","334","CEILANDIA","QI 06 AVENIDA PRINCIPAL","ÁREA VERDE","ÁREA VERDE",-15.800667,-48.141639,true,"Operante","FALTA CABEÇOTE DA HASTE DO REGISTRO (LUVA)","","16/05/2025 09:55:00","16/05/2025 09:55:00","","100mm",""
"hid_109","335","CEI00081","335","CEILANDIA","QI 04 LOTES 41/43","PRÓX. MÁRMORE GRANITOS","PRÓX. MÁRMORE GRANITOS",-15.804917,-48.152417,true,"Operante","","","16/05/2025 09:38:00","16/05/2025 09:38:00","","100mm",""
"hid_110","336","CEI00082","336","CEILANDIA","QI 03 LOTES 55/57","EM FRENTE AO SALÃO DO REINO DAS TESTEMUNHAS DE JEOVÁ","EM FRENTE AO SALÃO DO REINO DAS TESTEMUNHAS DE JEOVÁ",-15.804139,-48.1495,true,"Operante","","","16/05/2025 09:44:00","16/05/2025 09:44:00","","100mm",""
"hid_111","337","CEI00083","337","CEILANDIA","QI 09 LOTE 31","AO LADO BOSE COMÉRCIO DE PVC","AO LADO BOSE COMÉRCIO DE PVC",-15.803833,-48.152667,true,"Operante","","","16/05/2025 10:08:00","16/05/2025 10:08:00","","100mm",""
"hid_112","340","CEI00086","340","CEILANDIA","EQNP 17/13 BLOCO B LOJA 01","CHEFON PIZZARIA","CHEFON PIZZARIA",-15.807583,-48.132694,true,"Operante","","","13/08/2025 10:30:00","13/08/2025 10:30:00","","100mm",""
"hid_113","341","CEI00087","341","CEILANDIA","QNR 01 CONJUNTO C CASA 01","EM FRENTE AO PIT STOP LANTERNAGEM","EM FRENTE AO PIT STOP LANTERNAGEM",-15.807944,-48.151639,false,"Inoperante","FALTA TAMPÃO DE 2.1/2""; TAMPA DA CAIXA LACRADA (CONCRETADA)","","20/08/2025 10:00:00","20/08/2025 10:00:00","","100mm",""
"hid_114","343","CEI00089","343","CEILANDIA","QI 20 LOTES 02/14","Frente a Kari-Kari Alimentos","Frente a Kari-Kari Alimentos",-15.79575,-48.147639,true,"Operante","","","19/08/2025 10:56:00","19/08/2025 10:56:00","","100mm",""
"hid_115","344","CEI00090","344","CEILANDIA","QI 19 LATERAL ESQUERDA DO MOTEL AME MAIS","FUNDOS DO QUARTEL DA PM - ÁREA VERDE","FUNDOS DO QUARTEL DA PM - ÁREA VERDE",-15.795639,-48.143056,true,"Operante","FALTA CABEÇOTE DA HASTE DO REGISTRO (LUVA); REGISTRO COM VAZAMENTO","","19/08/2025 11:04:00","19/08/2025 11:04:00","","100mm",""
"hid_116","345","CEI00091","345","CEILANDIA","QI 20 LOTE 01/07","FRENTE A SOLUÇÕES CONSTRUTIVAS","FRENTE A SOLUÇÕES CONSTRUTIVAS",-15.797667,-48.146944,true,"Operante","FALTA CABEÇOTE DA HASTE DO REGISTRO (LUVA)","","19/08/2025 11:08:00","19/08/2025 11:08:00","","100mm",""
"hid_117","348","CEI00094","348","CEILANDIA","QI 22 lote 59","A direita da empresa Colunas Brasil","A direita da empresa Colunas Brasil",-15.800639,-48.157361,false,"Inoperante","REGISTRO SOTERRADO","","19/08/2025 11:28:00","19/08/2025 11:28:00","","100mm",""
"hid_118","349","CEI00095","349","CEILANDIA","QI 18 - TERRENO BALDIO","ÁREA VERDE","ÁREA VERDE",-15.802194,-48.156833,false,"Inoperante","FALTA FLANGE; FALTAM BUJÕES E TAMPÕES ; FALTA TAMPÃO DE 2.1/2""","","16/05/2025 10:43:00","16/05/2025 10:43:00","","100mm",""
"hid_119","350","CEI00096","350","CEILANDIA","QNR 4 CONJUNTO C LOTE 4","Frente a MD Distribuidora","Frente a MD Distribuidora",-15.799306,-48.159139,false,"Inoperante","FALTA TAMPÃO DE 2.1/2""","","20/08/2025 11:48:00","20/08/2025 11:48:00","","100mm",""
"hid_120","351","CEI00097","351","CEILANDIA","QI 22 LOTE 62/64","A DIREITA DA MR TRANSPORTES","A DIREITA DA MR TRANSPORTES",-15.79875,-48.157972,true,"Operante","","","20/08/2025 11:49:00","20/08/2025 11:49:00","","100mm",""
"hid_121","355","CEI00100","355","CEILANDIA","QI 5 ÁREA VERDE","FRENTE CNR 01 CONJUNTO P","FRENTE CNR 01 CONJUNTO P",-15.806,-48.155667,false,"Inoperante","FALTA FLANGE; FALTA TAMPÃO DE 2.1/2""","","16/05/2025 09:32:00","16/05/2025 09:32:00","","100mm",""
"hid_122","357","CEI00101","357","CEILANDIA","QD 03 LOTE 61 - SDMC","CENTRAL TEK EXTINTORES - LATERAL","CENTRAL TEK EXTINTORES - LATERAL",-15.792972,-48.146778,true,"Operante","FALTA CABEÇOTE DA HASTE DO REGISTRO (LUVA)","","19/08/2025 10:45:00","19/08/2025 10:45:00","","100mm",""
"hid_123","362","CEI00104","362","CEILANDIA","QI 15","ÁREA VERDE - LATERAL DIREITA DO MOTEL AME MAIS","ÁREA VERDE - LATERAL DIREITA DO MOTEL AME MAIS",-15.797667,-48.142417,true,"Operante","FALTA CABEÇOTE DA HASTE DO REGISTRO (LUVA)","","19/08/2025 11:16:00","19/08/2025 11:16:00","","100mm",""
"hid_124","364","CEI00105","364","CEILANDIA","QD 03 LOTE 01 - SDMC","LATERAL LOTE 01","LATERAL LOTE 01",-15.791611,-48.142639,true,"Operante","","","19/08/2025 10:39:00","19/08/2025 10:39:00","","100mm",""
"hid_125","367","SAM00014","367","SAMAMBAIA","QR 423 CONJUNTO 02 CASA 30","EM FRENTE A CASA 30","EM FRENTE A CASA 30",-15.886667,-48.123306,true,"Operante","","","10/03/2025 15:30:00","10/03/2025 15:30:00","","100mm",""
"hid_126","368","SAM00015","368","SAMAMBAIA","QR 423/425 ESCOLA CLASSE 425","EM FRENTE A ESCOLA CLASSE 425","EM FRENTE A ESCOLA CLASSE 425",-15.887361,-48.124611,false,"Inoperante","FALTAM BUJÕES E TAMPÕES","","28/02/2025 12:00:00","28/02/2025 12:00:00","","100mm",""
"hid_127","375","CRU00005","375","CRUZEIRO","SHCES 105, BLOCOS A/B","ENTRE OS BLOCOS 'A/B'","ENTRE OS BLOCOS 'A/B'",-15.797719,-47.943797,true,"Operante","FALTA CABEÇOTE DA HASTE DO REGISTRO (LUVA)","","04/08/2026 10:44:00","04/08/2026 10:44:00","","100mm",""
"hid_128","376","CRU00006","376","CRUZEIRO","SHCES 203 ESCOLA CLASSE Nº 05","FUNDOS DA ESCOLA","FUNDOS DA ESCOLA",-15.798364,-47.94395,true,"Operante","FALTA CABEÇOTE DA HASTE DO REGISTRO (LUVA)","","04/08/2026 10:47:00","04/08/2026 10:47:00","","100mm",""
"hid_129","377","CRU00007","377","CRUZEIRO","SHCES 203 ESCOLA CLASSE Nº 05","LATERAL DA ESCOLA BLOCOS C/G","LATERAL DA ESCOLA BLOCOS C/G",-15.798311,-47.943644,true,"Operante","","","04/08/2026 10:48:00","04/08/2026 10:48:00","","100mm",""
"hid_130","378","CRU00008","378","CRUZEIRO","SHCES 403, BLOCOS G/H","LATERAL DOS BLOCOS","LATERAL DOS BLOCOS",-15.7983,-47.941947,true,"Operante","","","04/08/2026 10:56:00","04/08/2026 10:56:00","","100mm",""
"hid_131","379","CRU00009","379","CRUZEIRO","SHCES 407, BLOCOS E/F","EM FRENTE AOS BLOCOS","EM FRENTE AOS BLOCOS",-15.796769,-47.941425,false,"Inoperante","TAMPA DE CONCRETO QUEBRADA OU REMOVIDA","","04/08/2026 11:10:00","04/08/2026 11:10:00","","100mm",""
"hid_132","380","CRU00010","380","CRUZEIRO","SHCES 203, BLOCOS G/H","ENTRE OS BLOCOS","ENTRE OS BLOCOS",-15.797908,-47.943192,true,"Operante","","","04/08/2026 10:42:00","04/08/2026 10:42:00","","100mm",""
"hid_133","382","CRU00011","382","CRUZEIRO","SHCES 801, BLOCO C","ENTRE BLOCO C E ESCOLA MUNDO MÁGICO","ENTRE BLOCO C E ESCOLA MUNDO MÁGICO",-15.799647,-47.939567,true,"Operante","","","29/07/2026 11:09:00","29/07/2026 11:09:00","","100mm",""
"hid_134","383","CRU00012","383","CRUZEIRO","SHCES 703, BLOCO F","ENTRE BLOCOS F/G","ENTRE BLOCOS F/G",-15.798858,-47.940189,true,"Operante","","","04/08/2026 10:53:00","04/08/2026 10:53:00","","100mm",""
"hid_135","384","CRU00013","384","CRUZEIRO","SHCES 1109, BLOCOS C/D","BLOCOS C/D","BLOCOS C/D",-15.793294,-47.936869,true,"Operante","","","29/07/2026 10:13:00","29/07/2026 10:13:00","","100mm",""
"hid_136","385","CRU00014","385","CRUZEIRO","SHCES 1109, BLOCOS G/H","BLOCOS G/H","BLOCOS G/H",-15.793442,-47.936167,true,"Operante","","","29/07/2026 11:02:00","29/07/2026 11:02:00","","100mm",""
"hid_137","386","CRU00015","386","CRUZEIRO","SHCES 703, BLOCOS D/E","ENTRE OS BLOCOS D/E","ENTRE OS BLOCOS D/E",-15.797214,-47.94005,true,"Operante","","","04/08/2026 11:12:00","04/08/2026 11:12:00","","100mm",""
"hid_138","388","CRU00016","388","CRUZEIRO","SHCES 305, BLOCOS I/J","ENTRE OS BLOCOS","ENTRE OS BLOCOS",-15.796583,-47.942036,true,"Operante","REGISTRO COM VAZAMENTO","","04/08/2026 11:01:00","04/08/2026 11:01:00","","100mm",""
"hid_139","390","CRU00017","390","CRUZEIRO","SHCES 1103, BLOCO A","BLOCO A","BLOCO A",-15.798747,-47.938333,true,"Operante","","","29/07/2026 11:05:00","29/07/2026 11:05:00","","100mm",""
"hid_140","391","CRU00018","391","CRUZEIRO","SHCES 1105, BLOCOS E/F","ENTRE OS BLOCOS","ENTRE OS BLOCOS",-15.797981,-47.93775,true,"Operante","","","29/07/2026 10:17:00","29/07/2026 10:17:00","","100mm",""
"hid_141","393","CRU00019","393","CRUZEIRO","SHCES 1205, BLOCO C","EM FRENTE AO BLOCO C","EM FRENTE AO BLOCO C",-15.795703,-47.936864,true,"Operante","","","29/07/2026 11:04:00","29/07/2026 11:04:00","","100mm",""
"hid_142","395","CRU00020","395","CRUZEIRO","SHCES 403, BLOCOS C/D","ENTRE OS BLOCOS C/D","ENTRE OS BLOCOS C/D",-15.798167,-47.942456,true,"Operante","","","04/08/2026 10:40:00","04/08/2026 10:40:00","","100mm",""
"hid_143","396","CRU00021","396","CRUZEIRO","SHCES 501, BLOCOS B/C","ENTRE OS BLOCOS","ENTRE OS BLOCOS",-15.799839,-47.942292,true,"Operante","","","02/07/2025 10:30:00","02/07/2025 10:30:00","","100mm",""
"hid_144","398","CRU00022","398","CRUZEIRO","SHCES 601 BLOCOS C/D","ENTRE BLOCOS C/D","ENTRE BLOCOS C/D",-15.798675,-47.940725,true,"Operante","","","04/08/2026 10:53:00","04/08/2026 10:53:00","","100mm",""
"hid_145","402","OCT00005","402","SUDOESTE E OCTOGONAL","AOS 01 COND. BELLA VISTA","ACESSO A PORTARIA CENTRAL","ACESSO A PORTARIA CENTRAL",-15.808306,-47.939139,true,"Operante","","","28/07/2025 08:00:00","28/07/2025 08:00:00","","100mm",""
"hid_146","405","CRU00023","405","CRUZEIRO","SHCES 805, BLOCOS A/B","ENTRE OS BLOCOS","ENTRE OS BLOCOS",-15.797453,-47.939303,true,"Operante","","","04/08/2026 11:14:00","04/08/2026 11:14:00","","100mm",""
"hid_147","408","CRU00024","408","CRUZEIRO","SHCES 913, BLOCO B","EM FRENTE AO BLOCO B","EM FRENTE AO BLOCO B",-15.792561,-47.937178,true,"Operante","","","04/08/2026 11:40:00","04/08/2026 11:40:00","","100mm",""
"hid_148","409","CRU00025","409","CRUZEIRO","SHCES 1101, BLOCO A","ESTACIONAMENTO DO ANTIGO SUPER MAIA/ACADEMIA FIT ONE","ESTACIONAMENTO DO ANTIGO SUPER MAIA/ACADEMIA FIT ONE",-15.799964,-47.938725,true,"Operante","","","29/07/2026 11:18:00","29/07/2026 11:18:00","","100mm",""
"hid_149","410","CRU00026","410","CRUZEIRO","SHCES 605, BLOCOS E/F","ENTRE BLOCOS E/F","ENTRE BLOCOS E/F",-15.795675,-47.939717,true,"Operante","","","04/08/2026 11:17:00","04/08/2026 11:17:00","","100mm",""
"hid_150","411","CRU00027","411","CRUZEIRO","SHCES 609, BLOCOS A/B","ENTRE OS BLOCOS","ENTRE OS BLOCOS",-15.794,-47.939675,true,"Operante","FALTA CABEÇOTE DA HASTE DO REGISTRO (LUVA)","","04/08/2026 11:25:00","04/08/2026 11:25:00","","100mm",""
"hid_151","412","CRU00028","412","CRUZEIRO","SHCE Q. 407 ESCOLA CLASSE Nº 04","ATRÁS DA ESCOLA","ATRÁS DA ESCOLA",-15.795644,-47.941669,false,"Inoperante","CARRETEL DO REGISTRO DANIFICADO; FALTA CABEÇOTE DA HASTE DO REGISTRO (LUVA); FALTA TAMPÃO DE 4""","","04/08/2026 11:05:00","04/08/2026 11:05:00","","100mm",""
"hid_152","413","CRU00029","413","CRUZEIRO","SHCES 407, BLOCOS A/E","FRENTE ESCOLA CLASSE Nº 04","FRENTE ESCOLA CLASSE Nº 04",-15.796175,-47.941239,true,"Operante","","","04/08/2026 11:08:00","04/08/2026 11:08:00","","100mm",""
"hid_153","414","CRU00030","414","CRUZEIRO","SHCE Q. 301 BLOCOS B/C","ENTRE OS BLOCOS","ENTRE OS BLOCOS",-15.799481,-47.9436,true,"Operante","","","04/08/2026 10:40:00","04/08/2026 10:40:00","","100mm",""
"hid_154","416","CRU00031","416","CRUZEIRO","SHCE Q. 411 BLOCO B","PROX. AO BLOCO B","PROX. AO BLOCO B",-15.792686,-47.939986,true,"Operante","","","04/08/2026 11:33:00","04/08/2026 11:33:00","","100mm",""
"hid_155","417","SAM00017","417","SAMAMBAIA","QR 601 CONJUNTO 11 CASA 11","EM FRENTE A CASA 11","EM FRENTE A CASA 11",-15.864194,-48.09675,true,"Operante","","","10/03/2025 15:00:00","10/03/2025 15:00:00","","100mm",""
"hid_156","418","SAM00018","418","SAMAMBAIA","QR 603 conjunto 2 casa 04","EM FRENTE A MASTER LOCAÇÃO","EM FRENTE A MASTER LOCAÇÃO",-15.866972,-48.09875,true,"Operante","","","10/03/2025 15:30:00","10/03/2025 15:30:00","","100mm",""
"hid_157","419","SAM00019","419","SAMAMBAIA","QS 603 CONJUNTO D LOTE 03","ÁREA VERDE - PISTA DE ACESSO 400/600","ÁREA VERDE - PISTA DE ACESSO 400/600",-15.867889,-48.099944,true,"Operante","","","10/03/2025 16:30:00","10/03/2025 16:30:00","","100mm",""
"hid_158","421","SAM00020","421","SAMAMBAIA","QS 615 CONJUNTO E LOTE 01","PRÓX. IGREJA ASSEMBLÉIA DE DEUS","PRÓX. IGREJA ASSEMBLÉIA DE DEUS",-15.877278,-48.117,true,"Operante","","","28/04/2025 13:16:00","28/04/2025 13:16:00","","100mm",""
"hid_159","423","SAM00021","423","SAMAMBAIA","QS 617 CONJUNTO N CASA 02","ÁREA VERDE - LATERAL CASA 02","ÁREA VERDE - LATERAL CASA 02",-15.877861,-48.117889,true,"Operante","","","28/02/2025 11:00:00","28/02/2025 11:00:00","","100mm",""
"hid_160","424","SAM00022","424","SAMAMBAIA","QR 619/621","ÁREA VERDE","ÁREA VERDE",-15.879806,-48.123556,true,"Operante","","","28/02/2025 11:30:00","28/02/2025 11:30:00","","100mm",""
"hid_161","425","SAM00023","425","SAMAMBAIA","QR 629 CONJUNTO I CASA 11","EM FRENTE A CHÁCARA 11 B","EM FRENTE A CHÁCARA 11 B",-15.889278,-48.142278,true,"Operante","","","28/02/2025 12:30:00","28/02/2025 12:30:00","","100mm",""
"hid_162","426","SAM00024","426","SAMAMBAIA","QR 629 CONJUNTO 5 CASA 09","EM FRENTE A CASA 09 - ÁREA VERDE","EM FRENTE A CASA 09 - ÁREA VERDE",-15.889944,-48.144083,true,"Operante","","","28/02/2025 13:30:00","28/02/2025 13:30:00","","100mm",""
"hid_163","427","SAM00025","427","SAMAMBAIA","QR 608 CONJUNTO 07 CASA 01","EM FRENTE A CASA 01 - ESTACIONAMENTO RESIDENCIAL DAS PALMEIRAS","EM FRENTE A CASA 01 - ESTACIONAMENTO RESIDENCIAL DAS PALMEIRAS",-15.856944,-48.081972,true,"Operante","","","10/03/2025 17:35:00","10/03/2025 17:35:00","","100mm",""
"hid_164","428","SAM00026","428","SAMAMBAIA","QR 604 CONJUNTO 3 CASA 14","EM FRENTE A CASA 14","EM FRENTE A CASA 14",-15.860222,-48.088694,true,"Operante","","","13/03/2025 15:51:00","13/03/2025 15:51:00","","100mm",""
"hid_165","429","SAM00027","429","SAMAMBAIA","QR 602 CONJUNTO 18 CASA 01","EM FRENTE A CASA 01","EM FRENTE A CASA 01",-15.862083,-48.092583,true,"Operante","","","10/03/2025 14:00:00","10/03/2025 14:00:00","","100mm",""
"hid_166","431","SAM00028","431","SAMAMBAIA","QR 605 CONJUNTO 04 CASA 01","CASA 01","CASA 01",-15.869111,-48.101444,true,"Operante","","","07/07/2025 11:30:00","07/07/2025 11:30:00","","100mm",""
"hid_167","433","SAM00030","433","SAMAMBAIA","QR 613 CONJUNTO I CASA 01","AREA VERDE - ASSEMBLÉIA DE DEUS DO PLANALTO CENTRAL","AREA VERDE - ASSEMBLÉIA DE DEUS DO PLANALTO CENTRAL",-15.876361,-48.114111,true,"Operante","","","28/02/2025 09:30:00","28/02/2025 09:30:00","","100mm",""
"hid_168","434","SAM00031","434","SAMAMBAIA","QR 416","12º GBM","12º GBM",-15.858278,-48.068833,true,"Operante","","","10/03/2025 17:40:00","10/03/2025 17:40:00","","100mm",""
"hid_169","435","SAM00032","435","SAMAMBAIA","QR 616","PRÓX. AO POSTO DE COMBUSTÍVEL BR","PRÓX. AO POSTO DE COMBUSTÍVEL BR",-15.850306,-48.073083,false,"Inoperante","HIDRANTE SOTERRADO","","13/03/2025 15:50:00","13/03/2025 15:50:00","","100mm",""
"hid_170","436","SAM00033","436","SAMAMBAIA","QR 414 CONJUNTO 7 CASA 05","EM FRENTE A CASA 05 - ÁREA VERDE.","EM FRENTE A CASA 05 - ÁREA VERDE.",-15.858167,-48.072972,true,"Operante","FALTA CABEÇOTE DA HASTE DO REGISTRO (LUVA)","","02/06/2026 06:51:00","02/06/2026 06:51:00","","100mm",""
"hid_171","437","SAM00034","437","SAMAMBAIA","QR 410 CONJUNTO 06 CASA 03","NA ESQUINA DA CASA 03","NA ESQUINA DA CASA 03",-15.860639,-48.078722,true,"Operante","","","10/03/2025 17:37:00","10/03/2025 17:37:00","","100mm",""
"hid_172","438","SAM00035","438","SAMAMBAIA","QR 410 CONJUNTO 21 CASA 16","NA ESSQUINA DA CASA 16","NA ESSQUINA DA CASA 16",-15.857556,-48.078583,true,"Operante","FALTA CABEÇOTE DA HASTE DO REGISTRO (LUVA)","","02/06/2026 06:50:00","02/06/2026 06:50:00","","100mm",""
"hid_173","439","SAM00036","439","SAMAMBAIA","QR 406 CONJUNTO A LOJA 01","ODONTO MINAS","ODONTO MINAS",-15.864278,-48.080972,false,"Inoperante","REGISTRO EMPERRADO","","02/06/2026 06:49:00","02/06/2026 06:49:00","","100mm",""
"hid_174","440","SAM00037","440","SAMAMBAIA","QS 406 CONJUNTO E LOTE 01","ATRÁS DO CONDOMÍNIO RESIDENCIAL ESTAÇÃO","ATRÁS DO CONDOMÍNIO RESIDENCIAL ESTAÇÃO",-15.865417,-48.08225,true,"Operante","","","13/03/2025 15:52:00","13/03/2025 15:52:00","","100mm",""
"hid_175","441","SAM00038","441","SAMAMBAIA","QN 406 CONJUNTO A","PAROQUIA NOSSA SENHORA DE APARECIDA","PAROQUIA NOSSA SENHORA DE APARECIDA",-15.859444,-48.083694,true,"Operante","","","02/06/2026 06:46:00","02/06/2026 06:46:00","","100mm",""
"hid_176","443","SAM00039","443","SAMAMBAIA","QR 402 CONJUNTO 1","AUTO PEÇAS RENOVADA","AUTO PEÇAS RENOVADA",-15.867694,-48.086583,true,"Operante","","","10/03/2025 13:30:00","10/03/2025 13:30:00","","100mm",""
"hid_177","444","SAM00040","444","SAMAMBAIA","QS 401","","",-15.872194,-48.094472,false,"Inoperante","","","10/03/2025 18:00:00","10/03/2025 18:00:00","","100mm",""
"hid_178","445","SAM00041","445","SAMAMBAIA","QR 403 CONJUNTO 13 CASA 16","LATO JATO","LATO JATO",-15.868528,-48.096556,true,"Operante","","","02/06/2026 06:49:00","02/06/2026 06:49:00","","100mm",""
"hid_179","447","BRZ00002","447","BRAZLANDIA","SCDN Bl. ""L""","Feira / Paturí Frios","Feira / Paturí Frios",-15.684667,-48.194389,false,"Inoperante","FALTA CABEÇOTE DA HASTE DO REGISTRO (LUVA); HIDRANTE SEM ÁGUA","","22/01/2026 14:59:00","22/01/2026 14:59:00","","100mm","/hidrantes/brazlandia/BRZ00002.jpeg"
"hid_180","448","BRZ00003","448","BRAZLANDIA","SCDN Bl. ""K""","Rodoviária/Feira / Agência do Trabalhador","Rodoviária/Feira / Agência do Trabalhador",-15.683528,-48.194944,true,"Operante","","","22/01/2026 14:54:00","22/01/2026 14:54:00","","100mm","/hidrantes/brazlandia/BRZ00003.jpeg"
"hid_181","449","BRZ00004","449","BRAZLANDIA","Q. 01 Lote 115 Loja 02","Frente à Luzia Cabeleireiros","Frente à Luzia Cabeleireiros",-15.681722,-48.196611,true,"Operante","","","21/01/2026 16:07:00","21/01/2026 16:07:00","","100mm","/hidrantes/brazlandia/BRZ00004.jpeg"
"hid_182","475","SAM00042","475","SAMAMBAIA","QR 212 CONJ 19 CASA 25","","",-15.863611,-48.072694,true,"Operante","","","10/03/2025 17:39:00","10/03/2025 17:39:00","","100mm",""
"hid_183","476","SAM00043","476","SAMAMBAIA","QR 212 CONJUNTO 19 CASA 14","AREA VERDE","AREA VERDE",-15.864611,-48.072333,true,"Operante","","","09/04/2025 11:48:00","09/04/2025 11:48:00","","100mm",""
"hid_184","477","SAM00044","477","SAMAMBAIA","QR 212 CONJUNTO 13 CASA 22","FRENTE A AREA VERDE","FRENTE A AREA VERDE",-15.865361,-48.073111,true,"Operante","","","09/04/2025 09:00:00","09/04/2025 09:00:00","","100mm",""
"hid_185","478","SAM00045","478","SAMAMBAIA","QR 210 CONJUNTO 17 CASA 09","AREA VERDE","AREA VERDE",-15.868028,-48.075278,true,"Operante","","","09/04/2025 11:30:00","09/04/2025 11:30:00","","100mm",""
"hid_186","479","SAM00046","479","SAMAMBAIA","qr 210 conjunto 12 casa 12","casa 12","casa 12",-15.864833,-48.07525,true,"Operante","","","09/04/2025 10:00:00","09/04/2025 10:00:00","","100mm",""
"hid_187","609","SAM00048","609","SAMAMBAIA","QR 208 CONJUNTO 13 CASA 15","EM FRENTE A CASA 15","EM FRENTE A CASA 15",-15.868472,-48.077028,true,"Operante","","","09/04/2025 12:00:00","09/04/2025 12:00:00","","100mm",""
"hid_188","610","SAM00049","610","SAMAMBAIA","QR 206 CONJUNTO 12 CASA 18","EM FRENTE A CASA 18","EM FRENTE A CASA 18",-15.868056,-48.07925,true,"Operante","","","09/04/2025 09:00:00","09/04/2025 09:00:00","","100mm",""
"hid_189","612","SAM00050","612","SAMAMBAIA","QR 206 CONJUNTO 11 CASA 32","EM FRENTE A CASA 32","EM FRENTE A CASA 32",-15.867444,-48.080889,true,"Operante","","","09/04/2025 09:30:00","09/04/2025 09:30:00","","100mm",""
"hid_190","613","SAM00051","613","SAMAMBAIA","QR 206 CONJUNTO 14 CASA 01","Na esquina do portão verde","Na esquina do portão verde",-15.869656,-48.079777,true,"Operante","","","09/04/2025 10:00:00","09/04/2025 10:00:00","","100mm",""
"hid_191","614","SAM00052","614","SAMAMBAIA","QR 206 CONJUNTO 15 CASA 10","EM FRENTE A ÁREA VERDE","EM FRENTE A ÁREA VERDE",-15.87025,-48.080139,true,"Operante","","","09/04/2025 10:30:00","09/04/2025 10:30:00","","100mm",""
"hid_192","615","SAM00053","615","SAMAMBAIA","QR 204 CONJUNTO 07 CASA 18","EM FRENTE A CASA 18","EM FRENTE A CASA 18",-15.871139,-48.082861,true,"Operante","","","10/04/2025 17:21:00","10/04/2025 17:21:00","","100mm",""
"hid_193","617","SAM00054","617","SAMAMBAIA","QR 239 CONJUNTO 03 CASA 36","EM FRENTE A CASA 36","EM FRENTE A CASA 36",-15.889167,-48.087778,true,"Operante","","","27/02/2025 11:45:00","27/02/2025 11:45:00","","100mm",""
"hid_194","620","SAM00057","620","SAMAMBAIA","QR 204 CONJUNTO 07 CASA 02","EM FRENTE A CAPELA NOSSA SENHORA DO ROSÁRIO","EM FRENTE A CAPELA NOSSA SENHORA DO ROSÁRIO",-15.872028,-48.083972,true,"Operante","","","10/03/2025 13:00:00","10/03/2025 13:00:00","","100mm",""
"hid_195","625","SAM00061","625","SAMAMBAIA","QR 202 CONJUNTO 01 CASA 37","EM FRENTE A ÁREA VERDE","EM FRENTE A ÁREA VERDE",-15.870028,-48.086389,true,"Operante","","","10/04/2025 17:22:00","10/04/2025 17:22:00","","100mm",""
"hid_196","626","SAM00062","626","SAMAMBAIA","QR 210 CONJUNTO 14 CASA 17","CASA 17","CASA 17",-15.865694,-48.073472,true,"Operante","","","09/04/2025 08:30:00","09/04/2025 08:30:00","","100mm",""
"hid_197","627","SAM00063","627","SAMAMBAIA","QR 202 CONJUNTO 05 CASA 01","EM FRENTE A CASA 01","EM FRENTE A CASA 01",-15.8725,-48.085778,true,"Operante","","","10/04/2025 17:22:00","10/04/2025 17:22:00","","100mm",""
"hid_198","628","SAM00064","628","SAMAMBAIA","QR 210 CONJUNTO 16 CASA 16","CASA 16","CASA 16",-15.867056,-48.074,true,"Operante","","","09/04/2025 09:30:00","09/04/2025 09:30:00","","100mm",""
"hid_199","629","SAM00065","629","SAMAMBAIA","C. 05 QR 202 CONJUNTO 06","EM FRENTE A ÁREA VERDE PRÓXIMO A ESTAÇÃO DO METRÔ","EM FRENTE A ÁREA VERDE PRÓXIMO A ESTAÇÃO DO METRÔ",-15.873028,-48.086139,true,"Operante","","","10/04/2025 09:28:00","10/04/2025 09:28:00","","100mm",""
"hid_200","630","SAM00066","630","SAMAMBAIA","QR 208 CONJUNTO 9 CASA 42","CASA 42","CASA 42",-15.866139,-48.078222,true,"Operante","PINTAR HIDRANTE DE AMARELO","","09/04/2025 08:30:00","09/04/2025 08:30:00","","100mm",""
"hid_201","631","SAM00067","631","SAMAMBAIA","C 05 QR 202","ÁREA VERDE","ÁREA VERDE",-15.873333,-48.086889,true,"Operante","","","10/04/2025 17:21:00","10/04/2025 17:21:00","","100mm",""
"hid_202","632","SAM00068","632","SAMAMBAIA","QR 208 CONJUNTO 22 CASA 26","CRECHE BAMBÚ","CRECHE BAMBÚ",-15.867,-48.077444,true,"Operante","PINTAR HIDRANTE DE AMARELO","","09/04/2025 08:00:00","09/04/2025 08:00:00","","100mm",""
"hid_203","633","BSB00010","633","BRASILIA","SHLS - CONJUNTO ""D/E"" HOSPITAL SANTA LUZIA - BRASÍLIA-DF","VIA W4 / EM FRENTE AO HOSPITAL SANTA LUZIA","VIA W4 / EM FRENTE AO HOSPITAL SANTA LUZIA",-15.826811,-47.930028,true,"Operante","","","24/01/2025 07:39:00","24/01/2025 07:39:00","","100mm",""
"hid_204","634","BSB00011","634","BRASILIA","SHLS - CONJUNTO ""C"" HOSPITAL SANTA LÚCIA - BRASÍLIA-DF","VIA W3 - EM FRENTE AO HOSPITAL SANTA LÚCIA

LOCALIZAÇÃO CORRETA: S15º 49' 43.0"" W47º 55' 44.2""","VIA W3 - EM FRENTE AO HOSPITAL SANTA LÚCIA

LOCALIZAÇÃO CORRETA: S15º 49' 43.0"" W47º 55' 44.2""",-15.828625,-47.929058,false,"Inoperante","REGISTRO DANIFICADO; REGISTRO SOTERRADO","","31/03/2025 08:00:00","31/03/2025 08:00:00","","100mm",""
"hid_205","635","BSB00012","635","BRASILIA","SCRS 514 BLOCO ""A"" LOJA 05 - BRASÍLIA-DF","VIA W3 SUL / EM FRENTE A LOJA 05","VIA W3 SUL / EM FRENTE A LOJA 05",-15.823933,-47.921903,true,"Operante","","","17/03/2026 19:44:00","17/03/2026 19:44:00","","100mm",""
"hid_206","636","BSB00013","636","BRASILIA","SCRS 514 BLOCO ""C"" LOJA 77 - BRASÍLIA-DF","VIA DE ACESSO W3 SUL / EM FRENTE A LOJA DE MÓVEIS PARA ESCRITÓRIO","VIA DE ACESSO W3 SUL / EM FRENTE A LOJA DE MÓVEIS PARA ESCRITÓRIO",-15.825311,-47.923872,true,"Operante","","","17/03/2026 19:45:00","17/03/2026 19:45:00","","100mm",""
"hid_207","637","BSB00014","637","BRASILIA","SCRS 515 BLOCO ""A"" LOJA 05 - BRASÍLIA-DF","VIA DE ACESSO W3 SUL / AO LADO DO CENTRO DE SAÚDE Nº 08","VIA DE ACESSO W3 SUL / AO LADO DO CENTRO DE SAÚDE Nº 08",-15.825775,-47.924492,true,"Operante","","","17/03/2026 19:45:00","17/03/2026 19:45:00","","100mm",""
"hid_208","639","SAM00069","639","SAMAMBAIA","QR 221 CONJUNTO 03 CASA13","CASA 13","CASA 13",-15.887417,-48.120528,true,"Operante","","","13/02/2026 09:32:00","13/02/2026 09:32:00","","100mm",""
"hid_209","640","SAM00070","640","SAMAMBAIA","QR 221 CONJUNTO 05 CASA 10","LATERAL DA CASA 10","LATERAL DA CASA 10",-15.888389,-48.120028,false,"Inoperante","FALTAM BUJÕES E TAMPÕES ; FALTA TAMPÃO DE 2.1/2""; FALTA TAMPÃO DE 4""","","13/02/2026 09:29:00","13/02/2026 09:29:00","","100mm",""
"hid_210","641","SAM00071","641","SAMAMBAIA","QE 221 CONJUNTO 5 CASA 23","CASA 23","CASA 23",-15.888611,-48.121028,true,"Operante","","","13/02/2026 09:27:00","13/02/2026 09:27:00","","100mm",""
"hid_211","642","SAM00072","642","SAMAMBAIA","QR 221 CONJUNTO 06 CASA 26","CASA 26","CASA 26",-15.889278,-48.121806,false,"Inoperante","FALTAM BUJÕES E TAMPÕES ; FALTA TAMPÃO DE 2.1/2""","","13/02/2026 09:21:00","13/02/2026 09:21:00","","100mm",""
"hid_212","644","SAM00073","644","SAMAMBAIA","Avenida Noroeste Qn 433 Conjunto B D, 1-161 - Samambaia, Brasília - DF, Brasil","FUNDOS DO CENTRO DE ASSISTENCIA","FUNDOS DO CENTRO DE ASSISTENCIA",-15.892639,-48.148056,true,"Operante","","","16/04/2025 13:13:00","16/04/2025 13:13:00","","100mm",""
"hid_213","646","SAM00074","646","SAMAMBAIA","QR 433 CONJUNTO 6 CASA 01","AREA VERDE - AO LADO DA PARADA DE ÔNIBUS","AREA VERDE - AO LADO DA PARADA DE ÔNIBUS",-15.89625,-48.147389,true,"Operante","","","15/04/2025 09:13:00","15/04/2025 09:13:00","","100mm",""
"hid_214","648","SAM00075","648","SAMAMBAIA","QR 431 CONJUNTO 08 CASA 14","ATRÁS DA ESCOLA CLASSE 431 - ÁREA VERDE","ATRÁS DA ESCOLA CLASSE 431 - ÁREA VERDE",-15.895333,-48.144611,true,"Operante","","","07/07/2025 14:30:00","07/07/2025 14:30:00","","100mm",""
"hid_215","652","SAM00078","652","SAMAMBAIA","QR 429 CONJUNTO 14 CASA 17","LATERAL DA CASA 17","LATERAL DA CASA 17",-15.892611,-48.141583,true,"Operante","","","13/02/2026 08:59:00","13/02/2026 08:59:00","","100mm",""
"hid_216","653","SAM00079","653","SAMAMBAIA","QR 429 CONJUNTO 26 CASA 01","LATERAL DA CASA 01","LATERAL DA CASA 01",-15.891194,-48.14225,true,"Operante","","","13/02/2026 09:09:00","13/02/2026 09:09:00","","100mm",""
"hid_217","655","SAM00080","655","SAMAMBAIA","QR 429 CONJUNTO 16 CASA 19","EM FRENTE A CASA 19","EM FRENTE A CASA 19",-15.893556,-48.142361,true,"Operante","","","07/07/2025 13:30:00","07/07/2025 13:30:00","","100mm",""
"hid_218","656","SAM00081","656","SAMAMBAIA","QR 429 CONJUNTO 08 CASA 08","LATERAL DA CASA 08","LATERAL DA CASA 08",-15.894944,-48.141278,true,"Operante","","","07/07/2025 14:00:00","07/07/2025 14:00:00","","100mm",""
"hid_219","665","SAM00082","665","SAMAMBAIA","QN 122 CONJUNTO 09 LOTE 03","PRÓX. A IGREJA DE CRISTO","PRÓX. A IGREJA DE CRISTO",-15.865528,-48.058444,true,"Operante","","","07/04/2025 10:36:00","07/04/2025 10:36:00","","100mm",""
"hid_220","666","SAM00083","666","SAMAMBAIA","QN 122 CONJUNTO 05 CASA 04","LATERAL DO PONTO MAIS ATACADISTA","LATERAL DO PONTO MAIS ATACADISTA",-15.866278,-48.056528,true,"Operante","","","07/04/2025 11:33:00","07/04/2025 11:33:00","","100mm",""
"hid_221","671","SAM00084","671","SAMAMBAIA","QR 122 CONJUNTO 10 CASA 12","FUNDOS DA MAIS ATACADISTA","FUNDOS DA MAIS ATACADISTA",-15.866972,-48.056639,true,"Operante","FALTA CABEÇOTE DA HASTE DO REGISTRO (LUVA)","","07/04/2025 11:45:00","07/04/2025 11:45:00","","100mm",""
"hid_222","672","SAM00085","672","SAMAMBAIA","QR 122 CONJUNTO 15 CASA 06","","",-15.868139,-48.056639,false,"Inoperante","REGISTRO SOTERRADO","","07/04/2025 11:51:00","07/04/2025 11:51:00","","100mm",""
"hid_223","673","SAM00086","673","SAMAMBAIA","QR 122 CONJUNTO 11 CASA 14","FUNDOS DA ESCOLA CLASSE","FUNDOS DA ESCOLA CLASSE",-15.867944,-48.058889,true,"Operante","","","07/04/2025 11:27:00","07/04/2025 11:27:00","","100mm",""
"hid_224","674","SAM00087","674","SAMAMBAIA","QR 122 ESCOLA CLASSE 120","FUNDOS DA ESCOLA","FUNDOS DA ESCOLA",-15.869528,-48.059667,false,"Inoperante","REGISTRO SOTERRADO","","07/04/2025 12:10:00","07/04/2025 12:10:00","","100mm",""
"hid_225","675","SAM00088","675","SAMAMBAIA","Qr/Qs 427 Qr 427 Conjunto 5, 7-10 - Samambaia, Brasília - DF, Brasil","QR 427 conjunto 5 casa 06 quadra fut. sal.","QR 427 conjunto 5 casa 06 quadra fut. sal.",-15.892917,-48.137111,true,"Operante","","","29/04/2025 10:00:00","29/04/2025 10:00:00","","100mm",""
"hid_226","676","SAM00089","676","SAMAMBAIA","1ª Avenida Norte Qs 427 Conjunto G, 1-10 - Samambaia, Brasília - DF, Brasil","QR 427 conjunto 2 casa 07 / prox. parada de onibus","QR 427 conjunto 2 casa 07 / prox. parada de onibus",-15.893278,-48.135444,true,"Operante","","","29/04/2025 10:40:00","29/04/2025 10:40:00","","100mm",""
"hid_227","677","SAM00090","677","SAMAMBAIA","Qr 427 Conjunto 11, 1-31 - Samambaia, Brasília - DF, Brasil","","",-15.891056,-48.137472,true,"Operante","","","29/04/2025 11:00:00","29/04/2025 11:00:00","","100mm",""
"hid_228","678","SAM00091","678","SAMAMBAIA","Qr 425 Creche Conjunto 10A 28A 28, 2-10 - Samambaia, Brasília - DF, Brasil","qr 425 conjunto 28 casa 09/ em frente casa 09","qr 425 conjunto 28 casa 09/ em frente casa 09",-15.886222,-48.125778,false,"Inoperante","FALTA TAMPÃO DE 2.1/2""; FALTA TAMPÃO DE 4""","","29/04/2025 12:00:00","29/04/2025 12:00:00","","100mm",""
"hid_229","680","SAM00092","680","SAMAMBAIA","Qr 425 Conjunto 15 19, 3-11 - Samambaia, Brasília - DF, Brasil","Qr 425 conjunto 19 casa 13","Qr 425 conjunto 19 casa 13",-15.887194,-48.127167,false,"Inoperante","ROSCA DE TAMPÃO DANIFICADO","","29/04/2025 15:05:00","29/04/2025 15:05:00","","100mm",""
"hid_230","682","SAM00094","682","SAMAMBAIA","Qr 425 Qr 425 Conjunto B 2, 1-24 - Samambaia, Brasília - DF, 72327-002, Brasil","QR 425 CONJUNTO 2 CASA 25 ENFRENTE A CASA 25","QR 425 CONJUNTO 2 CASA 25 ENFRENTE A CASA 25",-15.886167,-48.129889,true,"Operante","","","07/07/2025 13:00:00","07/07/2025 13:00:00","","100mm",""
"hid_231","683","SAM00095","683","SAMAMBAIA","2ª Avenida Norte Qn 425 Conjunto A C e G, 2-6 - Samambaia, Brasília - DF, Brasil","QR 423/425 POSTO DA PM VIA 400/600","QR 423/425 POSTO DA PM VIA 400/600",-15.883,-48.12725,true,"Operante","","","07/07/2025 12:30:00","07/07/2025 12:30:00","","100mm",""
"hid_232","688","SAM00097","688","SAMAMBAIA","Qr 423/421 Conjunto 15 17, 20 - Samambaia, Brasília - DF, Brasil","Qr 421 conjunto 17 casa 02","Qr 421 conjunto 17 casa 02",-15.883139,-48.124111,true,"Operante","","","07/07/2025 12:00:00","07/07/2025 12:00:00","","100mm",""
"hid_233","689","SAM00098","689","SAMAMBAIA","Qr 403 Jardim de Infância Conjunto 7, 13-17 - Samambaia, Brasília - DF, Brasil","Qr 403 conjunto 07 casa 17 - Em frete a casa 17","Qr 403 conjunto 07 casa 17 - Em frete a casa 17",-15.871417,-48.097639,true,"Operante","","","13/02/2026 10:05:00","13/02/2026 10:05:00","","100mm",""
"hid_234","690","SAM00099","690","SAMAMBAIA","Qr 403/405 Conjunto 5A 5, 4-15 - Samambaia, Brasília - DF, Brasil","Qr 403 conjunto 05 casa 11 - Em frente a casa 11","Qr 403 conjunto 05 casa 11 - Em frente a casa 11",-15.872222,-48.097528,true,"Operante","","","13/02/2026 09:54:00","13/02/2026 09:54:00","","100mm",""
"hid_235","691","SAM00100","691","SAMAMBAIA","Qr 403/401 Conjunto 8, 1 - Samambaia, Brasília - DF, Brasil","Qr 403 conjunto 08 casa 02 - Drogaria Menezes","Qr 403 conjunto 08 casa 02 - Drogaria Menezes",-15.870111,-48.095944,true,"Operante","","","10/04/2025 17:24:00","10/04/2025 17:24:00","","100mm",""
"hid_236","693","SAM00101","693","SAMAMBAIA","QN 401 Conjunto B - Samambaia, Brasília - DF, Brasil","AO LADO DO POSTO DE GASOLINA MELHOR","AO LADO DO POSTO DE GASOLINA MELHOR",-15.8675,-48.097028,true,"Operante","","","10/04/2025 17:23:00","10/04/2025 17:23:00","","100mm",""
"hid_237","694","SAM00102","694","SAMAMBAIA","Qn 403 Conjunto C D, 1-5 - Samambaia, Brasília - DF, Brasil","Qn 403 conjunto F - Ref. o conjunto 19 que da acesso as 400/600","Qn 403 conjunto F - Ref. o conjunto 19 que da acesso as 400/600",-15.86825,-48.098722,true,"Operante","","","10/04/2025 17:24:00","10/04/2025 17:24:00","","100mm",""
"hid_238","695","SAM00103","695","SAMAMBAIA","Qn 419 Conjunto D E - Samambaia, Brasília - DF, Brasil","Qn 419 conjunto C - Igreja Comunidade Renovada","Qn 419 conjunto C - Igreja Comunidade Renovada",-15.8815,-48.120111,false,"Inoperante","FALTA TAMPÃO DE 2.1/2""; FALTA TAMPÃO DE 4""","","24/04/2025 07:40:00","24/04/2025 07:40:00","","100mm",""
"hid_239","697","SAM00105","697","SAMAMBAIA","Qr 419/421 Conjunto 5, 20-21 - Samambaia, Brasília - DF, Brasil","Qr 419 conjunto 05 casa 20 - CIGI Nª Sra Mãe dos Homens","Qr 419 conjunto 05 casa 20 - CIGI Nª Sra Mãe dos Homens",-15.88275,-48.120333,true,"Operante","","","24/04/2025 08:10:00","24/04/2025 08:10:00","","100mm",""
"hid_240","699","SAM00106","699","SAMAMBAIA","Qr 419 Conjunto A 1, 25 - Samambaia, Brasília - DF, Brasil","Qr 419 conjunto 01 casa 22","Qr 419 conjunto 01 casa 22",-15.882861,-48.118917,false,"Inoperante","FALTA TAMPÃO DE 2.1/2""; FALTA TAMPÃO DE 4""","","24/04/2025 08:40:00","24/04/2025 08:40:00","","100mm",""
"hid_241","701","SAM00107","701","SAMAMBAIA","Qs 417 Conjunto I, 3 - Samambaia, Brasília - DF, Brasil","Qs 417 conjunto G lote 01/02 - Brasil telecom","Qs 417 conjunto G lote 01/02 - Brasil telecom",-15.883917,-48.116861,true,"Operante","","","11/04/2025 11:20:00","11/04/2025 11:20:00","","100mm",""
"hid_242","702","SAM00108","702","SAMAMBAIA","Qr 419 Qs 419 Escola Classe Conjunto I 4 6A, 21-31 - Samambaia, Brasília - DF, Brasil","Qr 419 conjunto 04 casa 16 - Em frente a casa 16","Qr 419 conjunto 04 casa 16 - Em frente a casa 16",-15.884833,-48.118833,false,"Inoperante","FALTA TAMPÃO DE 2.1/2""; FALTA TAMPÃO DE 4""","","24/04/2025 12:41:00","24/04/2025 12:41:00","","100mm",""
"hid_243","712","SAM00109","712","SAMAMBAIA","Qn 417 - Samambaia, Brasília - DF, Brasil","Qr 415 - Escola Classe 415","Qr 415 - Escola Classe 415",-15.878583,-48.1165,true,"Operante","FALTAM BUJÕES E TAMPÕES","","27/02/2025 12:41:00","27/02/2025 12:41:00","","100mm",""
"hid_244","713","SAM00110","713","SAMAMBAIA","SMSE conjunto 09 lote 05 casa 03","Frente a casa 03","Frente a casa 03",-15.876557,-48.058094,true,"Operante","","","07/04/2025 13:03:00","07/04/2025 13:03:00","","100mm",""
"hid_245","715","SAM00112","715","SAMAMBAIA","Qn 421 Conjunto C D M O Q, 1 - Samambaia, Brasília - DF, Brasil","Qn 421 conjunto C casa 01 - fundos da Assembleia de Deus","Qn 421 conjunto C casa 01 - fundos da Assembleia de Deus",-15.881444,-48.123778,false,"Inoperante","FALTA TAMPÃO DE 2.1/2""; FALTA TAMPÃO DE 4""","","24/04/2025 10:30:00","24/04/2025 10:30:00","","100mm",""
"hid_246","716","SAM00113","716","SAMAMBAIA","Qr 405/407 Qr 407 Conjunto 1, 2-10 - Samambaia, Brasília - DF, 72319-201, Brasil","Qr 407 conjunto 01 casa 02","Qr 407 conjunto 01 casa 02",-15.875694,-48.100167,true,"Operante","","","24/04/2025 10:50:00","24/04/2025 10:50:00","","100mm",""
"hid_247","717","SAM00114","717","SAMAMBAIA","Qr 417 Ae 2 Conjunto 12, 15-25 - Samambaia, Brasília - DF, Brasil","Qr 417 conjunto 12 casa 15","Qr 417 conjunto 12 casa 15",-15.883,-48.115139,false,"Inoperante","FALTA TAMPÃO DE 2.1/2""; FALTA TAMPÃO DE 4""","","24/04/2025 12:30:00","24/04/2025 12:30:00","","100mm",""
"hid_248","718","SAM00115","718","SAMAMBAIA","Qr 417 Conjunto 11 Casa 16 - Samambaia, Brasília - DF, 72323-100, Brasil","","",-15.881389,-48.116417,true,"Operante","","","24/04/2025 07:40:00","24/04/2025 07:40:00","","100mm",""
"hid_249","719","SAM00116","719","SAMAMBAIA","SMSE conjunto 03 lote 08","Frente a casa 01","Frente a casa 01",-15.876944,-48.059444,true,"Operante","","","13/03/2025 16:18:00","13/03/2025 16:18:00","","100mm",""
"hid_250","720","SAM00117","720","SAMAMBAIA","SMSE conjunto 10 lote 09 casa 02","Frente ao conjunto 09","Frente ao conjunto 09",-15.877194,-48.056611,true,"Operante","","","13/03/2025 16:18:00","13/03/2025 16:18:00","","100mm",""
"hid_251","721","SAM00118","721","SAMAMBAIA","SMSE conjunto 11 lote 2A","Frente a pista","Frente a pista",-15.875889,-48.053778,true,"Operante","FALTA CABEÇOTE DA HASTE DO REGISTRO (LUVA)","","02/06/2026 07:14:00","02/06/2026 07:14:00","","100mm",""
"hid_252","723","SAM00119","723","SAMAMBAIA","Qn 413/415 Qn 415 Conjunto B C - Samambaia, Brasília - DF, Brasil","Qr 413 conjunto 14 casa 20 em frente a casa 20","Qr 413 conjunto 14 casa 20 em frente a casa 20",-15.877417,-48.113722,true,"Operante","","","24/04/2025 08:10:00","24/04/2025 08:10:00","","100mm",""
"hid_253","724","SAM00120","724","SAMAMBAIA","Qs 415 Conjunto G, 2-3 - Samambaia, Brasília - DF, Brasil","Qs 415 conjunto B lote 1/2 - lateral da Igreja Presbiteriana","Qs 415 conjunto B lote 1/2 - lateral da Igreja Presbiteriana",-15.882056,-48.112,false,"Inoperante","ROSCA DE TAMPÃO DANIFICADO","","24/04/2025 08:30:00","24/04/2025 08:30:00","","100mm",""
"hid_254","726","SAM00122","726","SAMAMBAIA","Qr 120 Conjunto 09 CASA 17","Em frente a casa 17","Em frente a casa 17",-15.867361,-48.062,true,"Operante","","","07/04/2025 10:41:00","07/04/2025 10:41:00","","100mm",""
"hid_255","728","SAM00123","728","SAMAMBAIA","Qr 118 Conjunto 04 CASA 12","Frete a casa 12","Frete a casa 12",-15.868528,-48.063917,true,"Operante","","","07/04/2025 10:50:00","07/04/2025 10:50:00","","100mm",""
"hid_256","730","SAM00124","730","SAMAMBAIA","Qs 122 Conjunto 02 LOTE 01","fundos da samambaia tintas","fundos da samambaia tintas",-15.870944,-48.058361,true,"Operante","","","07/04/2025 12:49:00","07/04/2025 12:49:00","","100mm",""
"hid_257","763","SEB00001","763","SAO SEBASTIAO","Rua 11 lote 674 - Bairro Vila Nova","Rua 11 lote 674 - Bairro Vila Nova - lateral esquerda da panificadora SKINA","Rua 11 lote 674 - Bairro Vila Nova - lateral esquerda da panificadora SKINA",-15.907806,-47.760472,true,"Operante","","","25/09/2025 11:30:00","25/09/2025 11:30:00","","100mm",""
"hid_258","764","SEB00002","764","SAO SEBASTIAO","Quadra 206 conjunto 02 loja 10","Quadra 206 conjunto 02 loja 10 - Frente a Ferragens Mesquita","Quadra 206 conjunto 02 loja 10 - Frente a Ferragens Mesquita",-15.897333,-47.786167,true,"Operante","","","23/09/2025 08:30:00","23/09/2025 08:30:00","","100mm",""
"hid_259","765","SEB00003","765","SAO SEBASTIAO","Quadra 201 conjunto 02 casa 32","Quadra 201 conjunto 02 casa 32","Quadra 201 conjunto 02 casa 32",-15.905889,-47.773917,true,"Operante","","","25/09/2025 08:00:00","25/09/2025 08:00:00","","100mm",""
"hid_260","766","SEB00004","766","SAO SEBASTIAO","Quadra 203 conjunto 18 casa 14","Quadra 203 conjunto 18 casa 14 - lateral","Quadra 203 conjunto 18 casa 14 - lateral",-15.90125,-47.784,true,"Operante","","","23/09/2025 09:30:00","23/09/2025 09:30:00","","100mm",""
"hid_261","769","SEB00005","769","SAO SEBASTIAO","Quadra 22 conjunto A casa 02","Quadra 22 conjunto A casa 02 - frente","Quadra 22 conjunto A casa 02 - frente",-15.910472,-47.753944,true,"Operante","","","01/04/2025 11:00:00","01/04/2025 11:00:00","","100mm",""
"hid_262","773","SEB00006","773","SAO SEBASTIAO","Quadra 201 conjunto 13","Quadra 201 conjunto 13 - Frente ao 17° BPM","Quadra 201 conjunto 13 - Frente ao 17° BPM",-15.903333,-47.776389,true,"Operante","","","01/04/2025 14:39:00","01/04/2025 14:39:00","","100mm",""
"hid_263","774","SEB00007","774","SAO SEBASTIAO","ADE conjunto 02 lote 3","ADE conjunto 02 lote 3 - frente ao lote","ADE conjunto 02 lote 3 - frente ao lote",-15.908417,-47.7775,false,"Inoperante","FALTA TAMPÃO DE 2.1/2""; FALTA TAMPÃO DE 4""","","23/09/2025 12:00:00","23/09/2025 12:00:00","","100mm",""
"hid_264","775","SEB00008","775","SAO SEBASTIAO","ADE conjunto 09 lote 28","ADE conjunto 09 lote 28 - Frente ao lote","ADE conjunto 09 lote 28 - Frente ao lote",-15.905111,-47.782361,true,"Operante","","","23/09/2025 10:30:00","23/09/2025 10:30:00","","100mm",""
"hid_265","776","SEB00009","776","SAO SEBASTIAO","ADE conjunto 12 lotes 9/10","ADE conjunto 12 lotes 9/10 - Frente ao lote","ADE conjunto 12 lotes 9/10 - Frente ao lote",-15.903417,-47.784194,true,"Operante","","","23/09/2025 10:00:00","23/09/2025 10:00:00","","100mm",""
"hid_266","777","SEB00010","777","SAO SEBASTIAO","Quadra 30 lote 01 casa 03 - Vila São José","Quadra 30 lote 01 casa 03 - Esquina","Quadra 30 lote 01 casa 03 - Esquina",-15.908778,-47.7645,true,"Operante","","","25/09/2025 11:00:00","25/09/2025 11:00:00","","100mm",""
"hid_267","778","SEB00011","778","SAO SEBASTIAO","Quadra 01 casa 42 - Vila São José","Quadra 01 casa 42 - frente","Quadra 01 casa 42 - frente",-15.91025,-47.761917,true,"Operante","","","24/09/2025 10:20:00","24/09/2025 10:20:00","","100mm",""
"hid_268","780","SEB00013","780","SAO SEBASTIAO","Av. Central - 1071 - Vila Nova","Av. Central - 1071 - Próximo a lanchonete dos anões","Av. Central - 1071 - Próximo a lanchonete dos anões",-15.911167,-47.758694,true,"Operante","","","24/09/2025 10:16:00","24/09/2025 10:16:00","","100mm",""
"hid_269","781","SEB00014","781","SAO SEBASTIAO","QUADRA 02 CONJUNTO C CASA 15","Avenida comercial - lote 2101 - Odonto Company","Avenida comercial - lote 2101 - Odonto Company",-15.904556,-47.772611,false,"Inoperante","REGISTRO DANIFICADO","","25/09/2025 08:30:00","25/09/2025 08:30:00","","100mm",""
"hid_270","782","SEB00015","782","SAO SEBASTIAO","Quadra 22 casa 35/36","Quadra 22 casa 35/36 - ao lado da Academia Master","Quadra 22 casa 35/36 - ao lado da Academia Master",-15.908139,-47.762528,false,"Inoperante","FALTA TAMPÃO DE 2.1/2""","","24/09/2025 10:22:00","24/09/2025 10:22:00","","100mm",""
"hid_271","788","JAR00004","788","JARDIM BOTANICO","SHJB QUADRA 09 CONJUNTO A e B","endereço","endereço",-15.888278,-47.802778,true,"Operante","","","12/11/2025 10:00:00","12/11/2025 10:00:00","","100mm",""
"hid_272","789","JAR00005","789","JARDIM BOTANICO","Balão de acesso entre Av. Das Paineiras e Av. Dos Eucalíptos.","1º Balão após Administração Regional do Jardim Botânico","1º Balão após Administração Regional do Jardim Botânico",-15.884917,-47.809389,true,"Operante","","","13/11/2025 11:00:00","13/11/2025 11:00:00","","100mm",""
"hid_273","790","JAR00006","790","JARDIM BOTANICO","SHJB QUADRA 08 LOTE D JARDIM BOTANICO 3","PROXIMO AO ZPH NOTURNO","PROXIMO AO ZPH NOTURNO",-15.884611,-47.804278,true,"Operante","","","13/11/2025 08:00:00","13/11/2025 08:00:00","","100mm",""
"hid_274","791","BSB00015","791","BRASILIA","SQS 111 BLOCO ""E"" - BRASÍLIA-DF","EM FRENTE AO BLOCO ""E""","EM FRENTE AO BLOCO ""E""",-15.822194,-47.911306,true,"Operante","","","15/01/2025 18:15:00","15/01/2025 18:15:00","","100mm",""
"hid_275","792","BSB00016","792","BRASILIA","SQS 111 BLOCO ""C"" - BRASÍLIA-DF","LATERAL DO BLOCO ""C""","LATERAL DO BLOCO ""C""",-15.822556,-47.912583,true,"Operante","","","15/01/2025 18:14:00","15/01/2025 18:14:00","","100mm",""
"hid_276","793","BSB00017","793","BRASILIA","SQS 108 BLOCO ""F"" - BRASÍLIA-DF","EM FRENTE AO BLOCO ""F""","EM FRENTE AO BLOCO ""F""",-15.816472,-47.904528,true,"Operante","","","18/07/2025 11:00:00","18/07/2025 11:00:00","","100mm",""
"hid_277","795","BSB00019","795","BRASILIA","SQS 108 BLOCO ""E"" - BRASÍLIA-DF","LADO ESQUERDO DO BLOCO ""E""","LADO ESQUERDO DO BLOCO ""E""",-15.816194,-47.903167,true,"Operante","","","17/06/2025 09:30:00","17/06/2025 09:30:00","","100mm",""
"hid_278","796","BSB00020","796","BRASILIA","SQS 303 BLOCO ""K"" - BRASÍLIA-DF","LADO ESQUERDO DO ESTACIONAMENTO DO BLOCO ""K""","LADO ESQUERDO DO ESTACIONAMENTO DO BLOCO ""K""",-15.802778,-47.894028,true,"Operante","","","09/07/2025 08:00:00","09/07/2025 08:00:00","","100mm",""
"hid_279","797","BSB00021","797","BRASILIA","SQS 303 BLOCO ""H"" - BRASÍLIA-DF","LADO DIREITO DOESTACIONAMENTO BLOCO ""H""","LADO DIREITO DOESTACIONAMENTO BLOCO ""H""",-15.804028,-47.895111,true,"Operante","","","09/07/2025 07:30:00","09/07/2025 07:30:00","","100mm",""
"hid_280","798","BSB00022","798","BRASILIA","SQS 304 BLOCO ""F"" - BRASÍLIA-DF","LADO DIREITO DO BLOCO ""F""","LADO DIREITO DO BLOCO ""F""",-15.805861,-47.895861,true,"Operante","","","16/05/2025 12:00:00","16/05/2025 12:00:00","","100mm",""
"hid_281","799","BSB00023","799","BRASILIA","SQS 110 BLOCO 'G' - BRASÍLIA-DF","LADO DIREITO DO BLOCO 'G'","LADO DIREITO DO BLOCO 'G'",-15.820667,-47.909472,true,"Operante","","","20/01/2025 09:34:00","20/01/2025 09:34:00","","100mm",""
"hid_282","800","BSB00024","800","BRASILIA","SQS 110 BLOCO 'H' - BRASÍLIA-DF","LADO ESQUERDO DO BLOCO 'H' / PRÓXIMO AO PARQUINHO","LADO ESQUERDO DO BLOCO 'H' / PRÓXIMO AO PARQUINHO",-15.820944,-47.908778,true,"Operante","","","20/01/2025 09:34:00","20/01/2025 09:34:00","","100mm",""
"hid_283","801","BSB00025","801","BRASILIA","SQS 110 BLOCO 'C' - BRASÍLIA-DF","LADO ESQUERDO DO ESTACIONAMENTO DO BLOCO 'C'","LADO ESQUERDO DO ESTACIONAMENTO DO BLOCO 'C'",-15.820194,-47.908417,true,"Operante","","","20/01/2025 09:30:00","20/01/2025 09:30:00","","100mm",""
"hid_284","804","BSB00027","804","BRASILIA","SQS 302 BLOCO 'H' - BRASÍLIA-DF","LADO ESQUERDO DO BLOCO 'H'","LADO ESQUERDO DO BLOCO 'H'",-15.802167,-47.892861,true,"Operante","","","09/07/2025 08:30:00","09/07/2025 08:30:00","","100mm",""
"hid_285","805","BSB00028","805","BRASILIA","SQS 302 BLOCO 'C' - BRASÍLIA-DF","LADO DIREITO DO BLOCO 'C'","LADO DIREITO DO BLOCO 'C'",-15.802056,-47.89175,true,"Operante","","","17/06/2025 10:30:00","17/06/2025 10:30:00","","100mm",""
"hid_286","806","BSB00029","806","BRASILIA","SQS 307 BLOCO 'K' - BRASÍLIA-DF","LADO ESQUERDO DO BLOCO 'K'","LADO ESQUERDO DO BLOCO 'K'",-15.811667,-47.903167,true,"Operante","","","15/01/2025 10:46:00","15/01/2025 10:46:00","","100mm",""
"hid_287","807","BSB00030","807","BRASILIA","SQS 307 BLOCO ""C"" - BRASÍLIA-DF","LADO ESQUERDO DO BLOCO ""C""","LADO ESQUERDO DO BLOCO ""C""",-15.813528,-47.903056,true,"Operante","","","15/01/2025 18:00:00","15/01/2025 18:00:00","","100mm",""
"hid_288","808","BSB00031","808","BRASILIA","SCLS 304 BLOCO B/C - BRASILIA-DF","SCLS 304 BLOCO B/C ( FRENTE DA LOJA WNDSON)","SCLS 304 BLOCO B/C ( FRENTE DA LOJA WNDSON)",-15.807583,-47.897028,true,"Operante","","","16/05/2025 11:00:00","16/05/2025 11:00:00","","100mm",""
"hid_289","809","BSB00032","809","BRASILIA","SQS 306 BLOCO 'E' - BRASÍLIA-DF","LADO DIREITO DO BLOCO 'E'","LADO DIREITO DO BLOCO 'E'",-15.810722,-47.899889,true,"Operante","","","15/01/2025 10:38:00","15/01/2025 10:38:00","","100mm",""
"hid_290","810","BSB00033","810","BRASILIA","SCLS 306 BLOCO 'B/C' - BRASÍLIA-DF","VIA DE ACESSO W1/W2, ENTRE O BLOCO 'B/C'","VIA DE ACESSO W1/W2, ENTRE O BLOCO 'B/C'",-15.811694,-47.901528,true,"Operante","","","19/05/2025 09:00:00","19/05/2025 09:00:00","","100mm",""
"hid_291","812","BSB00035","812","BRASILIA","SQS 308 BLOCO 'B' - BRASÍLIA-DF","LADO ESQUERDO DO ESTACIONAMENTO BLOCO 'B'","LADO ESQUERDO DO ESTACIONAMENTO BLOCO 'B'",-15.81425,-47.904611,true,"Operante","","","15/01/2025 18:04:00","15/01/2025 18:04:00","","100mm",""
"hid_292","813","BSB00036","813","BRASILIA","SQS 308 BLOCO 'I' - BRASÍLIA-DF","LADO DIREITO DO BLOCO 'I' / PRÓXIMO AO COLÉGIO","LADO DIREITO DO BLOCO 'I' / PRÓXIMO AO COLÉGIO",-15.813639,-47.905778,true,"Operante","","","15/01/2025 18:05:00","15/01/2025 18:05:00","","100mm",""
"hid_293","815","BSB00038","815","BRASILIA","SQS 309 BLOCO 'A' - BRASÍLIA-DF","FUNDOS AO LADO ESQUERDO DO BLOCO ""A"" / PRÓXIMO AO PONTO DE TÁXI","FUNDOS AO LADO ESQUERDO DO BLOCO ""A"" / PRÓXIMO AO PONTO DE TÁXI",-15.817528,-47.907972,true,"Operante","","","19/05/2025 08:30:00","19/05/2025 08:30:00","","100mm",""
"hid_294","816","BSB00039","816","BRASILIA","SQS 309 BLOCO 'E' - BRASÍLIA-DF","LADO ESQUERDO DO BLOCO 'E'","LADO ESQUERDO DO BLOCO 'E'",-15.815944,-47.907639,true,"Operante","","","15/01/2025 18:06:00","15/01/2025 18:06:00","","100mm",""
"hid_295","817","BSB00040","817","BRASILIA","SQS 314 BLOCO 'D' - BRASÍLIA-DF","LATERAL DIREITA DO BLOCO ' D'","LATERAL DIREITA DO BLOCO ' D'",-15.825333,-47.921944,true,"Operante","","","17/03/2026 20:17:00","17/03/2026 20:17:00","","100mm",""
"hid_296","818","BSB00041","818","BRASILIA","SQS 314 BLOCO 'F' - BRASÍLIA-DF","LADO ESQUERDO DO BLOCO 'F'","LADO ESQUERDO DO BLOCO 'F'",-15.826083,-47.920833,true,"Operante","","","19/05/2025 07:30:00","19/05/2025 07:30:00","","100mm",""
"hid_297","819","BSB00042","819","BRASILIA","SQS 314 BLOCO 'G' - BRASÍLIA-DF","FUNDOS DO BLOCO 'G'","FUNDOS DO BLOCO 'G'",-15.826694,-47.922167,true,"Operante","","","21/01/2025 13:53:00","21/01/2025 13:53:00","","100mm",""
"hid_298","820","BSB00043","820","BRASILIA","SQS 314 BLOCO 'J' - BRASÍLIA-DF","FUNDOS DO BLOCO 'J' / PRÓXIMO AO JARDIM DE INFÂNCIA","FUNDOS DO BLOCO 'J' / PRÓXIMO AO JARDIM DE INFÂNCIA",-15.826,-47.922639,true,"Operante","","","03/07/2025 09:00:00","03/07/2025 09:00:00","","100mm",""
"hid_299","821","BSB00044","821","BRASILIA","SQS 310 BLOCO 'D' - BRASILIA-DF","VIA DE ACESSO W1 - LATERAL DIREITA DO BLOCO 'D"" - PROXIMO AO PLAY GROUND","VIA DE ACESSO W1 - LATERAL DIREITA DO BLOCO 'D"" - PROXIMO AO PLAY GROUND",-15.818861,-47.910417,true,"Operante","","","17/03/2026 20:16:00","17/03/2026 20:16:00","","100mm",""
"hid_300","822","BSB00045","822","BRASILIA","SQS 310 BLOCO 'E' - BRASILIA-DF","VIA DE ACESSO W1 - LATERAL ESQUERDA DO BLOCO 'E""","VIA DE ACESSO W1 - LATERAL ESQUERDA DO BLOCO 'E""",-15.818333,-47.9115,true,"Operante","","","17/03/2026 20:17:00","17/03/2026 20:17:00","","100mm",""
"hid_301","823","BSB00046","823","BRASILIA","SQS 310 BLOCO 'F' - BRASILIA-DF","VIA DE ACESSO W1 - FUNDOS DO BLOCO 'F'","VIA DE ACESSO W1 - FUNDOS DO BLOCO 'F'",-15.817778,-47.91125,true,"Operante","","","15/01/2025 18:11:00","15/01/2025 18:11:00","","100mm",""
"hid_302","824","BSB00047","824","BRASILIA","SQS 310 BLOCO 'I' - BRASILIA-DF","VIA DE ACESSO W1 - EM FRENTE AO LADO ESQUERDO DO BLOCO'I""","VIA DE ACESSO W1 - EM FRENTE AO LADO ESQUERDO DO BLOCO'I""",-15.818361,-47.909861,true,"Operante","","","15/01/2025 18:06:00","15/01/2025 18:06:00","","100mm",""
"hid_303","825","BSB00048","825","BRASILIA","SQS 310 BLOCO 'J' - BRASILIA-DF","VIA DE ACESSO W1 - FRENTE AO BLOCO 'J"" PROXIMO AO ESTACIONAMENTO","VIA DE ACESSO W1 - FRENTE AO BLOCO 'J"" PROXIMO AO ESTACIONAMENTO",-15.817444,-47.910972,true,"Operante","","","03/07/2025 08:30:00","03/07/2025 08:30:00","","100mm",""
"hid_304","827","GAM00002","827","GAMA","SETOR CENTRAL QD. 26 CONJUNTO B CASA 21/22- GAMA - DF","Lateral da Casa 21 - Próximo da Paróquia Imaculada da Conceição.","Lateral da Casa 21 - Próximo da Paróquia Imaculada da Conceição.",-16.019278,-48.070139,true,"Operante","","","16/04/2026 10:28:00","16/04/2026 10:28:00","","100mm",""
"hid_305","828","GAM00003","828","GAMA","SETOR CENTRAL QUADRA 6 CONJUNTO B CASA 17 - GAMA - DF","PROXIMO A AREA VERDE / LATERAL DIREITA DA CASA 17

LOCALIZAÇÃO CORRETA: S16º 01' 00.0"" W48º 04' 01.4""","PROXIMO A AREA VERDE / LATERAL DIREITA DA CASA 17

LOCALIZAÇÃO CORRETA: S16º 01' 00.0"" W48º 04' 01.4""",-16.016639,-48.067056,true,"Operante","FALTA TAMPÃO DE 2.1/2""","","16/04/2026 10:50:00","16/04/2026 10:50:00","","100mm",""
"hid_306","829","GAM00004","829","GAMA","SETOR CENTRAL - HRG - HOSPITAL REGIONAL DO GAMA - GAMA - DF","NA ÁREA EXTERNA DO HELIPONTO DO HRG NA CALÇADA / EM FRENTE AO ESTACIONAMENTO DO SABIN / SYROS HOTEL","NA ÁREA EXTERNA DO HELIPONTO DO HRG NA CALÇADA / EM FRENTE AO ESTACIONAMENTO DO SABIN / SYROS HOTEL",-16.022083,-48.068417,false,"Inoperante","TAMPA DA CAIXA LACRADA (CONCRETADA)","","16/04/2026 10:16:00","16/04/2026 10:16:00","","100mm",""
"hid_307","831","GAM00005","831","GAMA","SETOR CENTRAL QUADRA 6 CONJUNTO B CASA 18 - GAMA - DF","NA ESQUINA DA CASA 18 / AREA VERDE","NA ESQUINA DA CASA 18 / AREA VERDE",-16.016139,-48.066778,true,"Operante","","","16/04/2026 10:50:00","16/04/2026 10:50:00","","100mm",""
"hid_308","832","GAM00006","832","GAMA","SETOR NORTE QUADRA 01 CONJUNTO F CASA 319 - GAMA - DF","em frente à Paróquia Santíssima Trindade","em frente à Paróquia Santíssima Trindade",-16.009231,-48.067203,true,"Operante","","","14/04/2026 11:31:00","14/04/2026 11:31:00","","100mm",""
"hid_309","833","GAM00007","833","GAMA","SETOR NORTE QUADRA 1 CONJUNTO H CASA 219 - GAMA - DF","EM FRENTE AO PORTÃO DE ENTRADA DO ESTACIONAMENTO DA FEIRA PERMANENTE DO GAMA / AO LADO DA FARMACIA SANTA MARIA.

LOCALIZAÇÃO CORRETA: S16º 00' 44.3"" W48º 04' 02.6""","EM FRENTE AO PORTÃO DE ENTRADA DO ESTACIONAMENTO DA FEIRA PERMANENTE DO GAMA / AO LADO DA FARMACIA SANTA MARIA.

LOCALIZAÇÃO CORRETA: S16º 00' 44.3"" W48º 04' 02.6""",-16.012306,-48.067389,false,"Inoperante","HIDRANTE SOTERRADO","","14/04/2026 11:32:00","14/04/2026 11:32:00","","100mm",""
"hid_310","834","GAM00008","834","GAMA","SETOR NORTE QUADRA 2 CONJUNTO A CASA 113 - GAMA - DF","LATERAL ESQUERDA DA ESCOLA CLASSE 15 / ATRAS DO MERCADO CONDOR / EM FRENTE A CASA 113.","LATERAL ESQUERDA DA ESCOLA CLASSE 15 / ATRAS DO MERCADO CONDOR / EM FRENTE A CASA 113.",-16.002786,-48.060472,true,"Operante","","","23/04/2026 14:28:00","23/04/2026 14:28:00","","100mm",""
"hid_311","835","GAM00009","835","GAMA","SETOR NORTE QUADRA 2 CONJUNTO I CASA 419 - GAMA - DF","SHIS - EM FRENTE A CASA 419, VIA DE ACESSO AO 16º GBM.","SHIS - EM FRENTE A CASA 419, VIA DE ACESSO AO 16º GBM.",-16.004389,-48.059778,true,"Operante","","","23/04/2026 13:26:00","23/04/2026 13:26:00","","100mm",""
"hid_312","836","GAM00010","836","GAMA","SETOR NORTE QUADRA 2 CONJUNTO H CASA 320 - GAMA - DF","LATERAL ESQUERDA DA CASA 320.","LATERAL ESQUERDA DA CASA 320.",-16.005556,-48.059833,true,"Operante","","","23/04/2026 13:27:00","23/04/2026 13:27:00","","100mm",""
"hid_313","837","GAM00011","837","GAMA","SETOR NORTE QD. 02 CONJUNTO G CASA 409 - GAMA - DF","SHIS NORTE EM FRENTE A CASA 409/PARQUE URBANO.","SHIS NORTE EM FRENTE A CASA 409/PARQUE URBANO.",-16.005528,-48.062889,false,"Inoperante","HIDRANTE SOTERRADO","","14/04/2026 11:20:00","14/04/2026 11:20:00","","100mm",""
"hid_314","838","GAM00012","838","GAMA","SETOR SUL QD. 01 CONJUNTO O CASA 16 - GAMA - DF","Lateral direita da Casa 16.","Lateral direita da Casa 16.",-16.030194,-48.07025,true,"Operante","","","31/03/2026 10:35:00","31/03/2026 10:35:00","","100mm",""
"hid_315","839","GAM00013","839","GAMA","SETOR SUL QD. 04 CONJUNTO B CASA 22 - GAMA - DF","Em Frente à Casa 22 - ADGE.","Em Frente à Casa 22 - ADGE.",-16.022306,-48.076972,true,"Operante","","","01/04/2026 15:50:00","01/04/2026 15:50:00","","100mm",""
"hid_316","840","GAM00014","840","GAMA","SETOR SUL QD. 08 ÁREA ESPECIAL LOTE 01 - GAMA - DF","Área Especial lote 01 - Próximo a Qd. 08 Conj. ""C"" Casa 25.","Área Especial lote 01 - Próximo a Qd. 08 Conj. ""C"" Casa 25.",-16.029528,-48.076917,true,"Operante","FALTA TAMPÃO DE 2.1/2""; TAMPA DE CONCRETO QUEBRADA OU REMOVIDA","","31/03/2026 11:02:00","31/03/2026 11:02:00","","100mm",""
"hid_317","841","GAM00015","841","GAMA","SETOR SUL QD. 08 CONJUNTO K CASA 18 - GAMA - DF","Em Frente à Casa 18 - Em frente ao SENAI.","Em Frente à Casa 18 - Em frente ao SENAI.",-16.027639,-48.074694,true,"Operante","FALTA CABEÇOTE DA HASTE DO REGISTRO (LUVA); TAMPA DE CONCRETO QUEBRADA OU REMOVIDA","","31/03/2026 10:51:00","31/03/2026 10:51:00","","100mm",""
"hid_318","842","GAM00016","842","GAMA","SETOR LESTE QD. 39 LOTE 01 - GAMA - DF","Comércio Local - Próximo à Panificadora Lima.","Comércio Local - Próximo à Panificadora Lima.",-16.027,-48.057556,false,"Inoperante","CAIXA DE REGISTRO CHEIA DE LIXO","","06/04/2026 14:39:00","06/04/2026 14:39:00","","100mm",""
"hid_319","844","GAM00017","844","GAMA","SETOR SUL QD. 10 CONJUNTO C CASA 25 - GAMA - DF","Ao Lado esquerdo da Escola Classe 07.","Ao Lado esquerdo da Escola Classe 07.",-16.026972,-48.081111,true,"Operante","","","01/04/2026 16:01:00","01/04/2026 16:01:00","","100mm",""
"hid_320","845","GAM00018","845","GAMA","SETOR SUL QD. 12 CONJUNTO H CASA 24 - GAMA - DF","Próximo à Escola Classe 26.","Próximo à Escola Classe 26.",-16.024528,-48.084278,true,"Operante","","","01/04/2026 16:09:00","01/04/2026 16:09:00","","100mm",""
"hid_321","846","GAM00019","846","GAMA","SETOR NORTE QD. 02 CONJUNTO D CASA 126 - GAMA - DF","SHIS - Lateral esquerda da Casa 126.","SHIS - Lateral esquerda da Casa 126.",-16.002694,-48.061306,true,"Operante","","","23/04/2026 14:35:00","23/04/2026 14:35:00","","100mm",""
"hid_322","847","GAM00020","847","GAMA","SETOR NORTE QD. 02 CONJUNTO D CASA 320 - GAMA - DF","SHIS NORTE AO LADO DA CASA 320/PARQUE URBANO.

OBS: LOCALIZAÇÃO CORRETA
S16º00'08.9"" W48º03'45.8""","SHIS NORTE AO LADO DA CASA 320/PARQUE URBANO.

OBS: LOCALIZAÇÃO CORRETA
S16º00'08.9"" W48º03'45.8""",-16.0025,-48.062722,true,"Operante","","","14/04/2026 11:05:00","14/04/2026 11:05:00","","100mm",""
"hid_323","848","GAM00021","848","GAMA","SETOR NORTE QUADRA 1 CONJUNTO A CASA 401 - GAMA - DF","EM FRENTE A CASA 401 / PROXIMO AO BEZERRÃO / AO LADO DA PADARIA AURORA.","EM FRENTE A CASA 401 / PROXIMO AO BEZERRÃO / AO LADO DA PADARIA AURORA.",-16.010694,-48.064111,true,"Operante","","","14/04/2026 12:11:00","14/04/2026 12:11:00","","100mm",""
"hid_324","849","GAM00022","849","GAMA","SETOR NORTE QUADRA 1 CONJUNTO D CASA 220 - GAMA - DF","LATERAL ESQUERDA DA CASA 220 / EM FRENTE A ASSOCIAÇÃO DE IDOSOS DO GAMA - ACAPIG.","LATERAL ESQUERDA DA CASA 220 / EM FRENTE A ASSOCIAÇÃO DE IDOSOS DO GAMA - ACAPIG.",-16.007944,-48.064583,true,"Operante","FALTA TAMPÃO DE 2.1/2""","","14/04/2026 11:26:00","14/04/2026 11:26:00","","100mm",""
"hid_325","851","BSB00049","851","BRASILIA","SQS 311 BLOCO A - BRASILIA-DF","FUNDOS DO BLOCO A - PROXIMO A BANCA DE JORNAL","FUNDOS DO BLOCO A - PROXIMO A BANCA DE JORNAL",-15.821528,-47.9135,true,"Operante","","","15/01/2025 18:13:00","15/01/2025 18:13:00","","100mm",""
"hid_326","852","BSB00050","852","BRASILIA","SQS 311 BLOCO G - BRASILIA-DF","LATERAL DIREITA DO BL. G","LATERAL DIREITA DO BL. G",-15.819917,-47.912861,true,"Operante","","","15/01/2025 18:13:00","15/01/2025 18:13:00","","100mm",""
"hid_327","853","BSB00051","853","BRASILIA","SQS 311 BLOCO I - BRASILIA-DF","FUNDOS DO BLOCO I","FUNDOS DO BLOCO I",-15.819667,-47.91375,true,"Operante","","","03/07/2025 08:00:00","03/07/2025 08:00:00","","100mm",""
"hid_328","854","BSB00052","854","BRASILIA","SQS 312 BLOCO F - BRASILIA-DF","EM FRENTE AO BLOCO F / ÁREA VERDE","EM FRENTE AO BLOCO F / ÁREA VERDE",-15.823222,-47.9165,true,"Operante","","","15/05/2025 08:30:00","15/05/2025 08:30:00","","100mm",""
"hid_329","855","BSB00053","855","BRASILIA","SQS 313 BLOCO B - BRASILIA-DF","EM FRENTE AO LADO ESQUERDO DO BLOCO B","EM FRENTE AO LADO ESQUERDO DO BLOCO B",-15.825556,-47.918972,true,"Operante","","","15/05/2025 10:00:00","15/05/2025 10:00:00","","100mm",""
"hid_330","856","BSB00054","856","BRASILIA","SQS 313 BLOCO I - BRASILIA-DF","FUNDOS AO LADO DIREITO DO BLOCO I","FUNDOS AO LADO DIREITO DO BLOCO I",-15.823722,-47.919583,true,"Operante","","","15/01/2025 13:51:00","15/01/2025 13:51:00","","100mm",""
"hid_331","857","BSB00055","857","BRASILIA","SQS 313 BLOCO D - BRASILIA-DF","EM FRENTE AO LADO ESQUERDO DO BLOCO D","EM FRENTE AO LADO ESQUERDO DO BLOCO D",-15.824167,-47.91825,true,"Operante","","","15/01/2025 13:54:00","15/01/2025 13:54:00","","100mm",""
"hid_332","858","BSB00056","858","BRASILIA","SQS 113 BLOCO J - BRASILIA-DF","EM FRENTE AO LADO ESQUERDO DO BLOCO J / ENTRADA DA GARAGEM","EM FRENTE AO LADO ESQUERDO DO BLOCO J / ENTRADA DA GARAGEM",-15.826444,-47.916139,true,"Operante","","","15/01/2025 13:58:00","15/01/2025 13:58:00","","100mm",""
"hid_333","859","BSB00057","859","BRASILIA","SQS 115 BLOCO A - BRASILIA-DF","EM FRENTE AO LADO ESQUERDO DO BLOCO A / PRÓXIMO A BANCA DE JORNAIS","EM FRENTE AO LADO ESQUERDO DO BLOCO A / PRÓXIMO A BANCA DE JORNAIS",-15.830361,-47.923583,false,"Inoperante","CAIXA DE REGISTRO SOTERRADA","","21/01/2025 13:55:00","21/01/2025 13:55:00","","100mm",""
"hid_334","860","BSB00058","860","BRASILIA","SQS 115 BLOCO I - BRASILIA-DF","EM FRENTE AO LADO DIREITO DO BLOCO I / ÁREA VERDE / PROXIMO A GARAGEM SUBTERRÂNEA","EM FRENTE AO LADO DIREITO DO BLOCO I / ÁREA VERDE / PROXIMO A GARAGEM SUBTERRÂNEA",-15.831083,-47.922361,true,"Operante","","","21/01/2025 13:57:00","21/01/2025 13:57:00","","100mm",""
"hid_335","861","BSB00059","861","BRASILIA","SQS 115 BLOCO C - BRASILIA-DF","EM FRENTE AO LADO ESQUERDO DO BLOCO C / ESTACIONAMENTO","EM FRENTE AO LADO ESQUERDO DO BLOCO C / ESTACIONAMENTO",-15.829944,-47.922833,true,"Operante","","","30/06/2025 10:00:00","30/06/2025 10:00:00","","100mm",""
"hid_336","862","BSB00060","862","BRASILIA","SQS 112 BLOCO F - BRASILIA-DF","EM FRENTE AO LADO ESQUERDO DO BLOCO F","EM FRENTE AO LADO ESQUERDO DO BLOCO F",-15.824389,-47.915278,true,"Operante","","","15/01/2025 18:17:00","15/01/2025 18:17:00","","100mm",""
"hid_337","863","BSB00061","863","BRASILIA","SQS 112 BLOCO E - BRASILIA-DF","EM FRENTE AO LADO ESQUERDO DO BLOCO E","EM FRENTE AO LADO ESQUERDO DO BLOCO E",-15.823806,-47.914611,true,"Operante","","","15/05/2025 09:00:00","15/05/2025 09:00:00","","100mm",""
"hid_338","864","BSB00062","864","BRASILIA","SQS 112 BLOCO G - BRASILIA-DF","EM FRENTE AO LADO ESQUERDO DO BLOCO G / ENTRADA DA GARAGEM","EM FRENTE AO LADO ESQUERDO DO BLOCO G / ENTRADA DA GARAGEM",-15.825222,-47.914667,true,"Operante","","","15/01/2025 13:57:00","15/01/2025 13:57:00","","100mm",""
"hid_339","866","GAM00146","866","GAMA","SETOR LESTE QUADRA 47 CASA 31 - GAMA - DF","LATERAL DIREITA DA CASA 31.","LATERAL DIREITA DA CASA 31.",-15.997222,-48.055167,false,"Inoperante","HIDRANTE REMOVIDO OU NÃO ENCONTRADO","","30/04/2026 15:37:00","30/04/2026 15:37:00","","100mm",""
"hid_340","867","GAM00026","867","GAMA","SETOR LESTE QUADRA 47 CASA 38 - GAMA - DF","LATERAL ESQUERDA DA CASA 38.","LATERAL ESQUERDA DA CASA 38.",-15.997806,-48.054083,false,"Inoperante","HIDRANTE REMOVIDO OU NÃO ENCONTRADO","","30/04/2026 15:37:00","30/04/2026 15:37:00","","100mm",""
"hid_341","868","GAM00027","868","GAMA","SETOR LESTE QD. 46 CASA 21 - GAMA - DF","LATERAL DA CASA 21.","LATERAL DA CASA 21.",-15.99875,-48.055056,false,"Inoperante","HIDRANTE REMOVIDO OU NÃO ENCONTRADO","","27/04/2026 11:24:00","27/04/2026 11:24:00","","100mm",""
"hid_342","869","GAM00028","869","GAMA","SETOR LESTE ENTRE QUADRAS 44/46 - GAMA - DF","ENTRE QUADRAS 44/46 - PRÓXIMO À ESCOLA CLASSE 21.","ENTRE QUADRAS 44/46 - PRÓXIMO À ESCOLA CLASSE 21.",-15.999338,-48.05526,true,"Operante","","","27/04/2026 11:21:00","27/04/2026 11:21:00","","100mm",""
"hid_343","871","GAM00147","871","GAMA","SETOR INDUSTRIAL QI 01 LOTE 1580 - GAMA - DF","Atrás da academia NO LIMITE","Atrás da academia NO LIMITE",-16.001833,-48.057944,false,"Inoperante","HIDRANTE SOTERRADO","","22/04/2026 11:56:00","22/04/2026 11:56:00","","100mm",""
"hid_344","872","GAM00030","872","GAMA","SETOR INDUSTRIAL QI 01 LOTE 360/380 - AV. DOS BOMBEIROS - GAMA - DF","AO LADO DA SAGA VEICULOS SEMINOVOS","AO LADO DA SAGA VEICULOS SEMINOVOS",-16.012528,-48.059806,true,"Operante","","","22/04/2026 11:46:00","22/04/2026 11:46:00","","100mm",""
"hid_345","874","GAM00032","874","GAMA","SETOR INDUSTRIAL QI 02/03 LOTE 580 - GAMA - DF","DENTRO DA AREA CERCADA DA CAESB.

LOCALIZAÇÃO CORRETA: S16º 00'39.0"" W48º 03' 34.7""","DENTRO DA AREA CERCADA DA CAESB.

LOCALIZAÇÃO CORRETA: S16º 00'39.0"" W48º 03' 34.7""",-16.010778,-48.057611,true,"Operante","","","22/04/2026 11:26:00","22/04/2026 11:26:00","","100mm",""
"hid_346","875","GAM00033","875","GAMA","SETOR INDUSTRIAL QI 2 LOTE 160 - GAMA - DF","NA RUA ENTRE A QI 1/2 - LATERAL DIREITA DO EDIFICIO FRANZU - LOTE 160","NA RUA ENTRE A QI 1/2 - LATERAL DIREITA DO EDIFICIO FRANZU - LOTE 160",-16.014333,-48.057722,true,"Operante","FALTA CABEÇOTE DA HASTE DO REGISTRO (LUVA)","","28/04/2026 08:40:00","28/04/2026 08:40:00","","100mm",""
"hid_347","876","GAM00034","876","GAMA","SETOR INDUSTRIAL QI 2/03 LOTE 20 - GAMA - DF","AOS FUNDOS DO SMART CLUB RESIDENCE / LATERAL DIREITA DO PARQUE DE DIVERSÕES DO GAMA.","AOS FUNDOS DO SMART CLUB RESIDENCE / LATERAL DIREITA DO PARQUE DE DIVERSÕES DO GAMA.",-16.016139,-48.057972,true,"Operante","FALTA CABEÇOTE DA HASTE DO REGISTRO (LUVA)","","22/04/2026 10:25:00","22/04/2026 10:25:00","","100mm",""
"hid_348","877","GAM00035","877","GAMA","SETOR INDUSTRIAL QI 4 LOTE 1060/1080 - GAMA - DF","EM FRENTE A PERFINAÇO / PERFIBRAZ.","EM FRENTE A PERFINAÇO / PERFIBRAZ.",-16.006694,-48.056417,true,"Operante","","","22/04/2026 11:50:00","22/04/2026 11:50:00","","100mm",""
"hid_349","878","GAM00036","878","GAMA","SETOR INDUSTRIAL QI 04 LOTE 760/780 - GAMA - DF","EM FRENTE A ISOLAR TELHAS TERMICAS.","EM FRENTE A ISOLAR TELHAS TERMICAS.",-16.009083,-48.056611,false,"Inoperante","HIDRANTE SOTERRADO","","22/04/2026 10:53:00","22/04/2026 10:53:00","","100mm",""
"hid_350","879","GAM00037","879","GAMA","SETOR INDUSTRIAL QI 4 LOTE 580 - GAMA - DF","EM FRENTE A IGREJA VERBO DA VIDA/RHEMA.

LOCALIZAÇÃO CORRETA: S16º00'38.8"" W48º03'23,9""","EM FRENTE A IGREJA VERBO DA VIDA/RHEMA.

LOCALIZAÇÃO CORRETA: S16º00'38.8"" W48º03'23,9""",-16.010583,-48.056833,true,"Operante","","","22/04/2026 11:21:00","22/04/2026 11:21:00","","100mm",""
"hid_351","880","GAM00038","880","GAMA","SETOR LESTE COMERCIAL-SLC MERCADO LESTE Nº 2 - GAMA - DF","EM FRENTE AO MERCADO LESTE Nº 2./LOJA DA GNET INTERNET.","EM FRENTE AO MERCADO LESTE Nº 2./LOJA DA GNET INTERNET.",-16.016194,-48.056222,true,"Operante","","","22/04/2026 11:42:00","22/04/2026 11:42:00","","100mm",""
"hid_352","881","GAM00039","881","GAMA","SETOR INDUSTRIAL QI 06 LOTE 1060- GAMA - DF","Em frente a Faculdade IFB","Em frente a Faculdade IFB",-16.006611,-48.054806,true,"Operante","FALTA CABEÇOTE DA HASTE DO REGISTRO (LUVA)","","22/04/2026 11:07:00","22/04/2026 11:07:00","","100mm",""
"hid_353","882","GAM00040","882","GAMA","SETOR INDUSTRIAL QI 06 LOTE 780 - GAMA - DF","Em frente à obra da MRV","Em frente à obra da MRV",-16.009111,-48.054944,false,"Inoperante","HIDRANTE SOTERRADO","","22/04/2026 10:57:00","22/04/2026 10:57:00","","100mm",""
"hid_354","883","GAM00041","883","GAMA","SETOR INDUSTRIAL QI 06 LOTE 160 - GAMA - DF","LATERAL DIREITA E AOS FUNDOS DA UPA /EM FRENTE AO DEPOSITO DA FERRAGENS GUARANY.","LATERAL DIREITA E AOS FUNDOS DA UPA /EM FRENTE AO DEPOSITO DA FERRAGENS GUARANY.",-16.014556,-48.054472,true,"Operante","FALTA TAMPÃO DE 2.1/2""","","22/04/2026 10:35:00","22/04/2026 10:35:00","","100mm",""
"hid_355","884","GAM00042","884","GAMA","SETOR INDUSTRIAL QI 07 LOTE 580 - GAMA - DF","PROXIMO AO POSTO IPIRANGA / LATERAL ESQUERDA DO SUPERMERCADO ELDORADO","PROXIMO AO POSTO IPIRANGA / LATERAL ESQUERDA DO SUPERMERCADO ELDORADO",-16.010972,-48.053806,true,"Operante","","","22/04/2026 10:44:00","22/04/2026 10:44:00","","100mm",""
"hid_356","885","GAM00043","885","GAMA","SETOR NORTE QUADRA 02 CONJUNTO C CASA 419 - GAMA - DF","SHIS NORTE - EM FRENTE A CASA 419/PARQUE URBANO.

OBS: LOCALIZAÇÃO CORRETA - S16º00'03.7"" W48º03'45.7""","SHIS NORTE - EM FRENTE A CASA 419/PARQUE URBANO.

OBS: LOCALIZAÇÃO CORRETA - S16º00'03.7"" W48º03'45.7""",-16.001,-48.062667,true,"Operante","FALTA CABEÇOTE DA HASTE DO REGISTRO (LUVA)","","14/04/2026 10:50:00","14/04/2026 10:50:00","","100mm",""
"hid_357","887","GAM00044","887","GAMA","SETOR NORTE QUADRA 2 CONJUNTO B CASA 407 - GAMA - DF","SHIS NORTE - LATERAL DIREITA DA CASA 407.
EM FRENTE A ACADEMIA NO LIMITE / FEIRA DA MODA - DO OUTRO LADO DA RUA.

OBS: LOCALIZAÇÃO CORRETA: S16º00'03.4"" W48º03'34.7""","SHIS NORTE - LATERAL DIREITA DA CASA 407.
EM FRENTE A ACADEMIA NO LIMITE / FEIRA DA MODA - DO OUTRO LADO DA RUA.

OBS: LOCALIZAÇÃO CORRETA: S16º00'03.4"" W48º03'34.7""",-16.000944,-48.059611,true,"Operante","","","23/04/2026 14:07:00","23/04/2026 14:07:00","","100mm",""
"hid_358","888","GAM00045","888","GAMA","SETOR NORTE QUADRA 2 CONJUNTO A CASA 401 - GAMA - DF","LATERAL DIREITA DA CASA 401
PROXIMO A CLINICA VETERINARIA SOS ANIMAIS / VILA 21 CONDOMINIOS E IMOVEIS.

OBS: LOCALIZAÇÃO CORRETA - S16º00'09.6"" W48º03'34.8""","LATERAL DIREITA DA CASA 401
PROXIMO A CLINICA VETERINARIA SOS ANIMAIS / VILA 21 CONDOMINIOS E IMOVEIS.

OBS: LOCALIZAÇÃO CORRETA - S16º00'09.6"" W48º03'34.8""",-16.00275,-48.059667,true,"Operante","","","23/04/2026 14:15:00","23/04/2026 14:15:00","","100mm",""
"hid_359","889","GAM00046","889","GAMA","SETOR NORTE QUADRA 02 CONJUNTO F CASA 219 - GAMA - DF.","SHIS NORTE AO LADO DA CASA 219/PARQUE URBANO.","SHIS NORTE AO LADO DA CASA 219/PARQUE URBANO.",-16.004,-48.062833,true,"Operante","","","14/04/2026 11:12:00","14/04/2026 11:12:00","","100mm",""
"hid_360","890","GAM00047","890","GAMA","SETOR NORTE QUADRA 2 CONJUNTO G CASA 318 - SHIS - GAMA - DF","NA ENTRADA DO CEF 1 / AOS FUNDOS DO 16º GBM","NA ENTRADA DO CEF 1 / AOS FUNDOS DO 16º GBM",-16.006667,-48.062278,true,"Operante","","","23/04/2026 14:29:00","23/04/2026 14:29:00","","100mm",""
"hid_361","891","GAM00048","891","GAMA","SETOR NORTE QUADRA 2 CONJUNTO H CASA 201 - SHIS - GAMA - DF","SHIS - EM FRENTE A CASA 201/ EM FRENTE A BRIGADA MIRIM DO CBMDF","SHIS - EM FRENTE A CASA 201/ EM FRENTE A BRIGADA MIRIM DO CBMDF",-16.006722,-48.060722,true,"Operante","","","23/04/2026 13:37:00","23/04/2026 13:37:00","","100mm",""
"hid_362","895","GAM00051","895","GAMA","SETOR INDUSTRIAL QI 07 LOTE 70 - GAMA - DF.","NA VIA LESTE/ EM FRENTE AO JAPÃO DA CONSTRUÇÃO DO OUTRO LADO DA PISTA / EM FRENTE A AUTO PEÇAS LESTE.","NA VIA LESTE/ EM FRENTE AO JAPÃO DA CONSTRUÇÃO DO OUTRO LADO DA PISTA / EM FRENTE A AUTO PEÇAS LESTE.",-16.004306,-48.053222,true,"Operante","","","27/04/2026 10:36:00","27/04/2026 10:36:00","","100mm",""
"hid_363","896","GAM00052","896","GAMA","SETOR LESTE QD. 01 LOTE 02 - GAMA - DF","Comércio próimo à Skol/Panificadora Gomes.","Comércio próimo à Skol/Panificadora Gomes.",-16.003139,-48.051722,true,"Operante","","","27/04/2026 10:26:00","27/04/2026 10:26:00","","100mm",""
"hid_364","897","GAM00053","897","GAMA","SETOR LESTE QD. 02 LOTE 01 - GAMA - DF","Via de Ligação Gama/Skol x Santa Maria.","Via de Ligação Gama/Skol x Santa Maria.",-16.005194,-48.048528,true,"Operante","","","27/04/2026 10:32:00","27/04/2026 10:32:00","","100mm",""
"hid_365","898","GAM00054","898","GAMA","SETOR LESTE ITAMARACÁ Q 50 CONJUNTO B CASA 03 - GAMA - DF","Esquina da Quadra de Esporte ""Futsal""/Em frente à Casa 03.","Esquina da Quadra de Esporte ""Futsal""/Em frente à Casa 03.",-16.01475,-48.046528,true,"Operante","","","06/04/2026 15:53:00","06/04/2026 15:53:00","","100mm",""
"hid_366","899","GAM00055","899","GAMA","SETOR LESTE ITAMARACÁ Q 50 CONJUNTO I CASA 06 - GAMA - DF","Em frente à Casa 06.","Em frente à Casa 06.",-16.016333,-48.046194,true,"Operante","FALTA CABEÇOTE DA HASTE DO REGISTRO (LUVA)","","06/04/2026 15:48:00","06/04/2026 15:48:00","","100mm",""
"hid_367","900","GAM00056","900","GAMA","SETOR LESTE QD. 49 LOTE 129 - GAMA - DF","LATERAL ESQUERDA DA CASA 121 SETOR LESTE.","LATERAL ESQUERDA DA CASA 121 SETOR LESTE.",-16.02225,-48.050444,true,"Operante","FALTA CABEÇOTE DA HASTE DO REGISTRO (LUVA)","","06/04/2026 15:27:00","06/04/2026 15:27:00","","100mm",""
"hid_368","901","GAM00057","901","GAMA","SETOR LESTE QD. 21 LOTE 12 - GAMA - DF","No Beco/Próximo ao Comércio.","No Beco/Próximo ao Comércio.",-16.020139,-48.056861,true,"Operante","FALTA CABEÇOTE DA HASTE DO REGISTRO (LUVA)","","22/04/2026 10:31:00","22/04/2026 10:31:00","","100mm",""
"hid_369","902","GAM00058","902","GAMA","SETOR LESTE QD. 22 LOTE 142 - GAMA - DF","No Beco/Próximo à Amarelinha Restaurante.","No Beco/Próximo à Amarelinha Restaurante.",-16.018472,-48.057917,true,"Operante","","","27/04/2026 08:33:00","27/04/2026 08:33:00","","100mm",""
"hid_370","903","GAM00059","903","GAMA","SETOR LESTE QD. 29 LOTE 02 LOJA 02 - GAMA - DF","No Comércio Local.","No Comércio Local.",-16.025306,-48.054583,true,"Operante","","","06/04/2026 15:59:00","06/04/2026 15:59:00","","100mm",""
"hid_371","904","GAM00060","904","GAMA","SETOR LESTE QD. 28 LOTES 19/65 - GAMA - DF","Lateral Entre os Lotes 19/65.","Lateral Entre os Lotes 19/65.",-16.025889,-48.053028,true,"Operante","FALTA CABEÇOTE DA HASTE DO REGISTRO (LUVA)","","06/04/2026 15:19:00","06/04/2026 15:19:00","","100mm",""
"hid_372","905","GAM00061","905","GAMA","SETOR LESTE QD 31 LOTE 01 - GAMA - DF","Comercio local / próximo a Quadra de Esportes.","Comercio local / próximo a Quadra de Esportes.",-16.028444,-48.052861,true,"Operante","FALTA CABEÇOTE DA HASTE DO REGISTRO (LUVA)","","06/04/2026 15:10:00","06/04/2026 15:10:00","","100mm",""
"hid_373","906","GAM00062","906","GAMA","SETOR LESTE QD 32 LOTE 31 - GAMA - DF","No beco.","No beco.",-16.031694,-48.055194,true,"Operante","","","06/04/2026 14:49:00","06/04/2026 14:49:00","","100mm",""
"hid_374","907","GAM00063","907","GAMA","SETOR LESTE QD 36LOTE 29 - GAMA - DF","No beco.","No beco.",-16.029861,-48.058306,true,"Operante","FALTA CABEÇOTE DA HASTE DO REGISTRO (LUVA)","","06/04/2026 16:06:00","06/04/2026 16:06:00","","100mm",""
"hid_375","908","GAM00064","908","GAMA","SETOR LESTE QD 42 LOTE 16 - GAMA - DF","Comércio Local / Próximo à Marcenaria Povo.","Comércio Local / Próximo à Marcenaria Povo.",-16.029072,-48.060925,false,"Inoperante","CAIXA DE REGISTRO CHEIA D'ÁGUA; REGISTRO COM VAZAMENTO","","06/04/2026 16:16:00","06/04/2026 16:16:00","","100mm",""
"hid_376","909","GAM00065","909","GAMA","SETOR LESTE QD 40 LOTE 01 - GAMA - DF","COMERCIO LOCAL / PROXIMO AO INSS / AREA VERDE","COMERCIO LOCAL / PROXIMO AO INSS / AREA VERDE",-16.026667,-48.063889,true,"Operante","FALTA TAMPÃO DE 2.1/2""","","06/04/2026 16:20:00","06/04/2026 16:20:00","","100mm",""
"hid_377","910","GAM00066","910","GAMA","SETOR SUL QUADRA 17 CONJUNTO A CASA 18 - GAMA - DF","EM FRENTE A CASA 18 / LATERAL DIREITA DA ENTRADA DA ESCOLA CLASSE 29.","EM FRENTE A CASA 18 / LATERAL DIREITA DA ENTRADA DA ESCOLA CLASSE 29.",-16.040333,-48.058611,true,"Operante","","","31/03/2026 10:00:00","31/03/2026 10:00:00","","100mm",""
"hid_378","911","GAM00067","911","GAMA","SETOR SUL QUADRA 15 CONJUNTO C CASA 01 - GAMA-DF","À ESQUERDA DA CASA 1.","À ESQUERDA DA CASA 1.",-16.039611,-48.061083,true,"Operante","","","31/03/2026 10:01:00","31/03/2026 10:01:00","","100mm",""
"hid_379","912","GAM00068","912","GAMA","SETOR SUL QUADRA 13 CONJUNTO D CASA 40 - GAMA DF","LATERAL ESQUERDA DA CASA 40.","LATERAL ESQUERDA DA CASA 40.",-16.037472,-48.059028,true,"Operante","","","31/03/2026 09:54:00","31/03/2026 09:54:00","","100mm",""
"hid_380","913","GAM00069","913","GAMA","SETOR SUL QD 11 CONJUNTO C CASA 25 - GAMA - DF","EM FRENTE À IGREJA MONTE SIÃO/PRÓXIMO AOS FUNDOS DA ESCOLA CLASSE 03","EM FRENTE À IGREJA MONTE SIÃO/PRÓXIMO AOS FUNDOS DA ESCOLA CLASSE 03",-16.037333,-48.064444,true,"Operante","","","31/03/2026 10:12:00","31/03/2026 10:12:00","","100mm",""
"hid_381","914","GAM00070","914","GAMA","SETOR SUL QD 09 CONJUNTO C CASA 27 - GAMA - DF","ÁREA COMERCIAL / IGREJA MISTERIO DA GRAÇA.","ÁREA COMERCIAL / IGREJA MISTERIO DA GRAÇA.",-16.034806,-48.068528,true,"Operante","","","31/03/2026 10:18:00","31/03/2026 10:18:00","","100mm",""
"hid_382","915","GAM00071","915","GAMA","SETOR SUL QUADRA 05 LOTE 02 LOJA B - GAMA - DF","COMERCIO LOCAL / LOTUS MULTIMARCAS.","COMERCIO LOCAL / LOTUS MULTIMARCAS.",-16.031361,-48.060167,true,"Operante","","","01/04/2026 16:31:00","01/04/2026 16:31:00","","100mm",""
"hid_383","916","GAM00072","916","GAMA","SETOR SUL QUADRA 07 CONJUNTO C CASA 27 - GAMA - DF","EM FRENTE A CASA 27 / FUNDOS DA ESCOLA CLASSE 17.","EM FRENTE A CASA 27 / FUNDOS DA ESCOLA CLASSE 17.",-16.032222,-48.072722,true,"Operante","FALTA CABEÇOTE DA HASTE DO REGISTRO (LUVA)","","31/03/2026 10:52:00","31/03/2026 10:52:00","","100mm",""
"hid_384","917","GAM00073","917","GAMA","SETOR SUL QD 03 CONJUNTO P CASA 16 - GAMA - DF","Próximo à Casa 16/ Entre Beco.","Próximo à Casa 16/ Entre Beco.",-16.032722,-48.066194,true,"Operante","","","31/03/2026 10:25:00","31/03/2026 10:25:00","","100mm",""
"hid_385","918","GAM00074","918","GAMA","SETOR SUL QUADRA 3 CONJUNTO B CASA 21 - GAMA - DF","EM FRENTE A CASA 21 / EM FRENTE A MADEIREIRA SANTA TEREZINHA","EM FRENTE A CASA 21 / EM FRENTE A MADEIREIRA SANTA TEREZINHA",-16.030222,-48.064528,true,"Operante","FALTAM DOIS TAMPÕES DE 2 1/2","","01/04/2026 16:24:00","01/04/2026 16:24:00","","100mm",""
"hid_386","919","GAM00075","919","GAMA","SETOR SUL QD 03 CONJUNTO I CASA 20 - GAMA - DF","Em frente a Casa 20 - Quadra dos Bombeiros Militar.","Em frente a Casa 20 - Quadra dos Bombeiros Militar.",-16.029667,-48.065972,true,"Operante","FALTA CABEÇOTE DA HASTE DO REGISTRO (LUVA)","","01/04/2026 16:21:00","01/04/2026 16:21:00","","100mm",""
"hid_387","920","GAM00076","920","GAMA","SETOR SUL QUADRA 01 CONJUNTO B CASA 21 - GAMA - DF","PROXIMO AO COMERCIO LOCAL/EM FRENTE A CASA 21.

OBS: LOCALIZAÇÃO CORRETA - S16º01'38.3"" W48º04'06.0""","PROXIMO AO COMERCIO LOCAL/EM FRENTE A CASA 21.

OBS: LOCALIZAÇÃO CORRETA - S16º01'38.3"" W48º04'06.0""",-16.02725,-48.068361,false,"Inoperante","REGISTRO SOTERRADO","","01/04/2026 15:36:00","01/04/2026 15:36:00","","100mm",""
"hid_388","921","GAM00077","921","GAMA","SETOR SUL QD 06 CONJUNTO B CASA 21 - GAMA - DF","Próximo ao Comércio Local.","Próximo ao Comércio Local.",-16.019889,-48.08125,true,"Operante","","","01/04/2026 14:47:00","01/04/2026 14:47:00","","100mm",""
"hid_389","922","GAM00078","922","GAMA","SETOR SUL QD 10 CONJUNTO ""K/N"" CASA 18 - GAMA - DF","Beco/Próximo à casa18.","Beco/Próximo à casa18.",-16.025111,-48.078806,true,"Operante","FALTA CABEÇOTE DA HASTE DO REGISTRO (LUVA)","","01/04/2026 15:04:00","01/04/2026 15:04:00","","100mm",""
"hid_390","923","GAM00079","923","GAMA","SETOR OESTE QUADRA C CONJUNTO 3 CASA 1 VILA RORIZ - GAMA - DF","EM FRENTE A CASA 1.","EM FRENTE A CASA 1.",-16.01075,-48.082917,true,"Operante","","","08/04/2026 10:06:00","08/04/2026 10:06:00","","100mm",""
"hid_391","924","GAM00080","924","GAMA","SETOR OESTE QUADRA ""B"" CONJUNTO 04 CASA 02 VILA RORIZ - GAMA - DF","VILA RORIZ - LATERAL ESQUERDA DA CASA 2.

S16º00'24.7"" W48º05'03.1""","VILA RORIZ - LATERAL ESQUERDA DA CASA 2.

S16º00'24.7"" W48º05'03.1""",-16.008278,-48.082833,true,"Operante","","","08/04/2026 10:08:00","08/04/2026 10:08:00","","100mm",""
"hid_392","925","GAM00081","925","GAMA","SETOR OESTE QUADRA A CONJUNTO 4 CASA 2 VILA RORIZ - GAMA - DF","LATERAL ESQUERDA DA CASA 2","LATERAL ESQUERDA DA CASA 2",-16.006861,-48.084306,true,"Operante","","","08/04/2026 10:19:00","08/04/2026 10:19:00","","100mm",""
"hid_393","926","GAM00082","926","GAMA","SETOR OESTE QUADRA ""A"" CONJUNTO 03 CASA 37 VILA RORIZ - GAMA - DF","ENTRADA DA VILA RORIZ/PROXIMO A CASA DA BENÇÃO.
PROXIMO A ESCOLA CLASSE 28.

S16º00'23.0"" W48º04'57.9""","ENTRADA DA VILA RORIZ/PROXIMO A CASA DA BENÇÃO.
PROXIMO A ESCOLA CLASSE 28.

S16º00'23.0"" W48º04'57.9""",-16.006417,-48.082806,false,"Inoperante","HIDRANTE SEM ÁGUA","","08/04/2026 10:15:00","08/04/2026 10:15:00","","100mm",""
"hid_394","928","GAM00083","928","GAMA","SETOR OESTE QD. 02 LOTE 06 - GAMA - DF","Em frente ao Lote 06/ Próximo ao Comércio Local/Aparelhos de Ginásticas","Em frente ao Lote 06/ Próximo ao Comércio Local/Aparelhos de Ginásticas",-16.005306,-48.070917,true,"Operante","","","14/04/2026 10:41:00","14/04/2026 10:41:00","","100mm",""
"hid_395","932","GAM00084","932","GAMA","SETOR OESTE QUADRA 7 CASA 92 - GAMA - DF","LATERAL ESQUERDA DA CASA 92 / EM FRENTE DO MERCADÃO OESTE DO OUTRO LADO DA RUA / ATRAS DA PARADA DE ONIBUS","LATERAL ESQUERDA DA CASA 92 / EM FRENTE DO MERCADÃO OESTE DO OUTRO LADO DA RUA / ATRAS DA PARADA DE ONIBUS",-16.007639,-48.073222,true,"Operante","FALTA CABEÇOTE DA HASTE DO REGISTRO (LUVA)","","14/04/2026 10:33:00","14/04/2026 10:33:00","","100mm",""
"hid_396","934","GAM00085","934","GAMA","SETOR OESTE QUADRA 8 CASA 2 - GAMA - DF","LATERAL DA CASA 2 / AREA VERDE FUNDOS DA PARADA DE ONIBUS E DA COMERCIAL","LATERAL DA CASA 2 / AREA VERDE FUNDOS DA PARADA DE ONIBUS E DA COMERCIAL",-16.005111,-48.07725,true,"Operante","FALTA CABEÇOTE DA HASTE DO REGISTRO (LUVA)","","14/04/2026 10:34:00","14/04/2026 10:34:00","","100mm",""
"hid_397","935","GAM00086","935","GAMA","SETOR OESTE QUADRA 11 CASA 6 - GAMA - DF","AREA VERDE EM FRENTE A CASA 6","AREA VERDE EM FRENTE A CASA 6",-16.012639,-48.071278,false,"Inoperante","FALTA TAMPÃO DE 2.1/2""; FALTA TAMPÃO DE 4""","","08/04/2026 10:44:00","08/04/2026 10:44:00","","100mm",""
"hid_398","936","GAM00087","936","GAMA","SETOR OESTE QUADRA 13 CASA 38 PROXIMO A 20ª DELEGACIA DE POLICIA - GAMA - DF","PROXIMO A 20ª DP / FUNDOS DA CASA 38","PROXIMO A 20ª DP / FUNDOS DA CASA 38",-16.008778,-48.07725,true,"Operante","","","08/04/2026 10:43:00","08/04/2026 10:43:00","","100mm",""
"hid_399","937","GAM00088","937","GAMA","SETOR OESTE QUADRA 14 CASA 5 - GAMA - DF","NA AREA VERDE EM FRENTE A CASA 5","NA AREA VERDE EM FRENTE A CASA 5",-16.00675,-48.080611,true,"Operante","","","08/04/2026 10:32:00","08/04/2026 10:32:00","","100mm",""
"hid_400","938","GAM00089","938","GAMA","SETOR OESTE QD. 19 CASA 80 - GAMA - DF","Fundos da Casa 80 - Próx. à Parada de Ônibus/Pista Principal. Obs: Falta 1 tampão de 2.1/2""","Fundos da Casa 80 - Próx. à Parada de Ônibus/Pista Principal. Obs: Falta 1 tampão de 2.1/2""",-16.015028,-48.073806,true,"Operante","","","08/04/2026 10:54:00","08/04/2026 10:54:00","","100mm",""
"hid_401","939","GAM00090","939","GAMA","SETOR OESTE ENTRE AS QUADRAS 16/26 Área 02 - GAMA - DF","Em frente à Igreja de Deus.","Em frente à Igreja de Deus.",-16.013111,-48.076194,true,"Operante","","","08/04/2026 09:35:00","08/04/2026 09:35:00","","100mm",""
"hid_402","942","GAM00092","942","GAMA","SETOR OESTE ENTRE AS QUADRAS 23/33 - GAMA - DF","Próx. à Quadra de Esportes/Praça N. Sª Auxiliadora.","Próx. à Quadra de Esportes/Praça N. Sª Auxiliadora.",-16.015,-48.079417,true,"Operante","","","14/04/2026 10:09:00","14/04/2026 10:09:00","","100mm",""
"hid_403","943","GAM00093","943","GAMA","SETOR OESTE QD. 31 LOTE 41 - GAMA - DF","Em frente a fisio gama e a academia de ginástica pública","Em frente a fisio gama e a academia de ginástica pública",-16.021306,-48.075222,true,"Operante","","","01/04/2026 17:07:00","01/04/2026 17:07:00","","100mm",""
"hid_404","944","BSB00063","944","BRASILIA","SQS 209 BLOCO F - BRASILIA-DF","EM FRENTE AO BLOCO ""F"" LADO DIREITO","EM FRENTE AO BLOCO ""F"" LADO DIREITO",-15.821889,-47.90475,false,"Inoperante","REGISTRO DANIFICADO","","31/03/2025 09:20:00","31/03/2025 09:20:00","","100mm",""
"hid_405","945","BSB00064","945","BRASILIA","SQS 209 BLOCO 'F' - BRASÍLIA-DF","EM FRENTE AO BLOCO ""F""","EM FRENTE AO BLOCO ""F""",-15.822361,-47.904444,true,"Operante","","","28/05/2025 11:30:00","28/05/2025 11:30:00","","100mm",""
"hid_406","946","BSB00065","946","BRASILIA","SQS 208 BLOCO ""C"" - BRASÍLIA-DF","EM FRENTE AO LADO ESQUERDO DO BLOCO ""C""","EM FRENTE AO LADO ESQUERDO DO BLOCO ""C""",-15.819972,-47.900667,true,"Operante","HIDRANTE COM VAZAMENTO NO REGISTRO","","21/01/2025 15:57:00","21/01/2025 15:57:00","","100mm",""
"hid_407","947","BSB00066","947","BRASILIA","SQS 214 BLOCO ""K"" - BRASÍLIA-DF","EM FRENTE AO LADO ESQUERDO DO BLOCO K","EM FRENTE AO LADO ESQUERDO DO BLOCO K",-15.831222,-47.918528,true,"Operante","","","21/01/2025 13:58:00","21/01/2025 13:58:00","","100mm",""
"hid_408","948","BSB00067","948","BRASILIA","SQS 214 BLOCO ""F"" - BRASÍLIA-DF","FUNDOS LADO DIREITO DO BLOCO ""F""","FUNDOS LADO DIREITO DO BLOCO ""F""",-15.832306,-47.917611,true,"Operante","","","17/06/2025 08:00:00","17/06/2025 08:00:00","","100mm",""
"hid_409","949","BSB00068","949","BRASILIA","SQS 214 BLOCO ""I"" - BRASÍLIA-DF","FUNDOS LADO ESQUERDO DO BLOCO ""I""","FUNDOS LADO ESQUERDO DO BLOCO ""I""",-15.831111,-47.916778,true,"Operante","","","16/06/2025 08:00:00","16/06/2025 08:00:00","","100mm",""
"hid_410","950","BSB00069","950","BRASILIA","SQS 213 BLOCO 'H' - BRASÍLIA-DF","FUNDOS DO BLOCO 'H' - ÀREA VERDE","FUNDOS DO BLOCO 'H' - ÀREA VERDE",-15.828889,-47.914389,true,"Operante","","","21/01/2025 13:58:00","21/01/2025 13:58:00","","100mm",""
"hid_411","951","BSB00070","951","BRASILIA","SQS 210 BLOCO ""C"" - BRASÍLIA-DF","FUNDOS LADO DIREITO DO BLOCO ""C""","FUNDOS LADO DIREITO DO BLOCO ""C""",-15.823611,-47.905833,false,"Inoperante","HIDRANTE SOTERRADO","","15/12/2025 10:59:00","15/12/2025 10:59:00","","100mm",""
"hid_412","952","BSB00071","952","BRASILIA","SQS 210 BLOCO ""D"" - BRASÍLIA-DF","EM FRENTE AO BLOCO ""D""","EM FRENTE AO BLOCO ""D""",-15.824028,-47.905639,true,"Operante","HIDRANTE SOTERRADO","","15/12/2025 11:00:00","15/12/2025 11:00:00","","100mm",""
"hid_413","953","BSB00072","953","BRASILIA","SQS 210 BLOCO ""H"" - BRASÍLIA-DF","FUNDOS LADO ESQUERDO DO BLOCO ""H""","FUNDOS LADO ESQUERDO DO BLOCO ""H""",-15.823528,-47.907417,true,"Operante","","","21/01/2025 15:52:00","21/01/2025 15:52:00","","100mm",""
"hid_414","954","BSB00073","954","BRASILIA","CLS 210 BLOCO ""C"" - BRASÍLIA-DF","EM FRENTE AO BLOCO ""C""","EM FRENTE AO BLOCO ""C""",-15.82325,-47.905056,true,"Operante","","","21/01/2025 15:53:00","21/01/2025 15:53:00","","100mm",""
"hid_415","955","GAM00094","955","GAMA","SETOR OESTE QD. 32 LOTE 41 - GAMA - DF","Em frente à Pista Principal. Aí lado da pamonharia","Em frente à Pista Principal. Aí lado da pamonharia",-16.019278,-48.078361,true,"Operante","","","01/04/2026 17:16:00","01/04/2026 17:16:00","","100mm",""
"hid_416","956","GAM00095","956","GAMA","SETOR OESTE QD. 33 LOTE 42 - GAMA - DF","Na área gente em frente ao pistão e ao lado da Assembleia de Deus Monte Horebe","Na área gente em frente ao pistão e ao lado da Assembleia de Deus Monte Horebe",-16.017806,-48.080861,true,"Operante","","","01/04/2026 17:22:00","01/04/2026 17:22:00","","100mm",""
"hid_417","958","GAM00096","958","GAMA","SETOR NORTE QUADRA 2 CONJUNTO C CASA 119 - GAMA - DF","AREA VERDE / EM FRENTE A CASA 119","AREA VERDE / EM FRENTE A CASA 119",-16.000083,-48.062,true,"Operante","","","23/04/2026 13:57:00","23/04/2026 13:57:00","","100mm",""
"hid_418","959","GAM00097","959","GAMA","SETOR NORTE QD. 02 SLU - SHIS - GAMA - DF","SLU - SHIS - Próximo ao Posto de Gasolina SHELL.","SLU - SHIS - Próximo ao Posto de Gasolina SHELL.",-15.999,-48.061611,true,"Operante","","","23/04/2026 14:38:00","23/04/2026 14:38:00","","100mm",""
"hid_419","960","GAM00098","960","GAMA","SETOR CENTRAL ENTREQUADRA. 55/56 BLOCO I LOTE 15/17 - GAMA - DF","LATERAL DIREITA REFERENTE A ENTRADA DO RESIDENCIAL EUROPA (MINHOCÃO) / AO LADO DO PARQUE DE DIVERSÕES /PROXIMO A PIZZARIA DON PIATO.

LOCALIZAÇÃO CORRETA: S16º 00' 57.0"" W48º 03' 47.1""","LATERAL DIREITA REFERENTE A ENTRADA DO RESIDENCIAL EUROPA (MINHOCÃO) / AO LADO DO PARQUE DE DIVERSÕES /PROXIMO A PIZZARIA DON PIATO.

LOCALIZAÇÃO CORRETA: S16º 00' 57.0"" W48º 03' 47.1""",-16.015861,-48.062944,false,"Inoperante","CAIXA DE REGISTRO MUITO PROFUNDA","","16/04/2026 09:39:00","16/04/2026 09:39:00","","100mm",""
"hid_420","961","GAM00099","961","GAMA","SETOR CENTRAL ENTREQUADRA. 55/56 BLOCO I LOTES 15/17 - GAMA - DF","LATERAL ESQUERDA REFERENTE A ENTRADA DO RESIDENCIAL EUROPA (MINHOCÃO)","LATERAL ESQUERDA REFERENTE A ENTRADA DO RESIDENCIAL EUROPA (MINHOCÃO)",-16.014694,-48.064944,true,"Operante","FALTA CABEÇOTE DA HASTE DO REGISTRO (LUVA)","","16/04/2026 09:48:00","16/04/2026 09:48:00","","100mm",""
"hid_421","962","GAM00100","962","GAMA","SETOR CENTRAL QUADRA 56 LOTES 18/19 - GAMA - DF","FUNDOS DO SHOPPING NO ESTACIONAMENTO INTERNO / VOLTADO PARA A ESCOLA ESPECIAL.","FUNDOS DO SHOPPING NO ESTACIONAMENTO INTERNO / VOLTADO PARA A ESCOLA ESPECIAL.",-16.013639,-48.06325,true,"Operante","","","16/04/2026 09:35:00","16/04/2026 09:35:00","","100mm",""
"hid_422","963","GAM00101","963","GAMA","SETOR CENTRAL QD. 60 - GAMA - DF","Em frente à Administração do Gama.","Em frente à Administração do Gama.",-16.016417,-48.064972,true,"Operante","FALTA CABEÇOTE DA HASTE DO REGISTRO (LUVA)","","16/04/2026 09:57:00","16/04/2026 09:57:00","","100mm",""
"hid_423","964","GAM00102","964","GAMA","SETOR CENTRAL ENTRE/QUADRAS 52/54 LOJAS 2/3 - GAMA - DF","EM FRENTE AO EDIFICIO CORREIA/ATLANTIDA MOVEIS, DO OUTRO LADO DA RUA PROXIMO A CICLOVIA.

S16º01'05.9"" W48º04'01.9""","EM FRENTE AO EDIFICIO CORREIA/ATLANTIDA MOVEIS, DO OUTRO LADO DA RUA PROXIMO A CICLOVIA.

S16º01'05.9"" W48º04'01.9""",-16.018333,-48.067111,true,"Operante","","","22/04/2026 09:53:00","22/04/2026 09:53:00","","100mm",""
"hid_424","965","GAM00103","965","GAMA","SETOR CENTRAL PRAÇA 2 - TJDFT - GAMA - DF","EM FRENTE AO ANTIGO FORUM DO GAMA/AO LADO DO COLEGIO CILG - AREA VERDE.

OBS: LOCALIZAÇÃO CORRETA - S16º01'07.4"" W48º04'05.1""","EM FRENTE AO ANTIGO FORUM DO GAMA/AO LADO DO COLEGIO CILG - AREA VERDE.

OBS: LOCALIZAÇÃO CORRETA - S16º01'07.4"" W48º04'05.1""",-16.018694,-48.068167,true,"Operante","FALTA CABEÇOTE DA HASTE DO REGISTRO (LUVA)","","16/04/2026 10:34:00","16/04/2026 10:34:00","","100mm",""
"hid_425","966","GAM00104","966","GAMA","SETOR CENTRAL QUADRA 22 CONJUNTO A CASA 2 - GAMA - DF","PROXIMO A CASA 2.

LOCALIZAÇÃO CORRETA: S16º 01' 01.5"" W48º 04' 16.6""","PROXIMO A CASA 2.

LOCALIZAÇÃO CORRETA: S16º 01' 01.5"" W48º 04' 16.6""",-16.017083,-48.071278,true,"Operante","","","08/04/2026 11:19:00","08/04/2026 11:19:00","","100mm",""
"hid_426","969","GAM00105","969","GAMA","SETOR CENTRAL QD. 28 CONJUNTO A CASA 01 - GAMA - DF","Lateral esquerda da Casa 01.","Lateral esquerda da Casa 01.",-16.018583,-48.072389,true,"Operante","FALTA TAMPÃO DE 2.1/2""","","08/04/2026 11:15:00","08/04/2026 11:15:00","","100mm",""
"hid_427","970","GAM00106","970","GAMA","SETOR CENTRAL QD. 34 CONJUNTO B CASA 16 - GAMA - DF","Próximo à Casa 16/Policlínica/ASE.","Próximo à Casa 16/Policlínica/ASE.",-16.020444,-48.070944,true,"Operante","FALTA CABEÇOTE DA HASTE DO REGISTRO (LUVA)","","16/04/2026 10:25:00","16/04/2026 10:25:00","","100mm",""
"hid_428","971","GAM00107","971","GAMA","SETOR CENTRAL QD. 38 CONJUNTO C CASA 18 - GAMA - DF","Em frente à Casa 18.","Em frente à Casa 18.",-16.021667,-48.070444,true,"Operante","","","16/04/2026 10:20:00","16/04/2026 10:20:00","","100mm",""
"hid_429","972","GAM00108","972","GAMA","SETOR CENTRAL QD. 46 CONJUNTO C CASA 22 - GAMA - DF","Fundos da Casa 01/Grupo Impacto.","Fundos da Casa 01/Grupo Impacto.",-16.022472,-48.073167,true,"Operante","","","01/04/2026 17:00:00","01/04/2026 17:00:00","","100mm",""
"hid_430","973","GAM00109","973","GAMA","SETOR CENTRAL - HRG - HOSPITAL REGIONAL DO GAMA QUADRA 46 GAMA - DF","LATERAL DIREITA SENTIDO RODOVIARIA / HRG/ NO LADO DA MATERNIDADE - ÁREA VERDE ENTRE O HOSPITAL E A QUADRA 46.","LATERAL DIREITA SENTIDO RODOVIARIA / HRG/ NO LADO DA MATERNIDADE - ÁREA VERDE ENTRE O HOSPITAL E A QUADRA 46.",-16.023639,-48.071139,true,"Operante","","","01/04/2026 16:56:00","01/04/2026 16:56:00","","100mm",""
"hid_431","974","GAM00110","974","GAMA","SETOR CENTRAL ENTRE O HRG E A QUADRA 55 - GAMA - DF","EM FRENTE AO EDIFICIO LIFE GAMA - AREA VERDE ENTRE O HOSPITAL E A QUADRA 45 / DO LADO DO PRONTO SOCORRO.


LOCALIZAÇÃO CORRETA: S16º 01' 29.6"" W48º 04' 09.0""","EM FRENTE AO EDIFICIO LIFE GAMA - AREA VERDE ENTRE O HOSPITAL E A QUADRA 45 / DO LADO DO PRONTO SOCORRO.


LOCALIZAÇÃO CORRETA: S16º 01' 29.6"" W48º 04' 09.0""",-16.024889,-48.069167,true,"Operante","","","01/04/2026 16:58:00","01/04/2026 16:58:00","","100mm",""
"hid_432","975","GAM00111","975","GAMA","SETOR CENTRAL QUADRA 45 CONJUNTO C CASA 22 - GAMA - DF","EM FRENTE A CONCESSIONARIA NOSSA MULTIMARCAS.
OBS: LOCALIZAÇÃO CORRETA: S16º01'34.2"" W48º04'01.3""","EM FRENTE A CONCESSIONARIA NOSSA MULTIMARCAS.
OBS: LOCALIZAÇÃO CORRETA: S16º01'34.2"" W48º04'01.3""",-16.026194,-48.067028,false,"Inoperante","CAIXA DE REGISTRO MUITO PROFUNDA; FALTA CABEÇOTE DA HASTE DO REGISTRO (LUVA); HIDRANTE QUEBRADO","","01/04/2026 16:44:00","01/04/2026 16:44:00","","100mm",""
"hid_433","976","GAM00112","976","GAMA","SETOR CENTRAL QUADRA 37 CONJUNTO C CASA 17 EC 2 - GAMA - DF","LATERAL DIREITA DA CASA 17 EM FRENTE A ESCOLA CLASSE 2.


LOCALIZAÇÃO CORRETA: S16º 01' 25.6"" W48º 04' 03.3""","LATERAL DIREITA DA CASA 17 EM FRENTE A ESCOLA CLASSE 2.


LOCALIZAÇÃO CORRETA: S16º 01' 25.6"" W48º 04' 03.3""",-16.023694,-48.067611,true,"Operante","","","06/04/2026 16:31:00","06/04/2026 16:31:00","","100mm",""
"hid_434","977","GAM00113","977","GAMA","SETOR CENTRAL QUADRA 31 CONJUNTO B CASA 15 - GAMA - DF","EM FRENTE AO LADO ESQUERDO DA ESCOLA CLASE 22.","EM FRENTE AO LADO ESQUERDO DA ESCOLA CLASE 22.",-16.023417,-48.066167,true,"Operante","","","06/04/2026 16:35:00","06/04/2026 16:35:00","","100mm",""
"hid_435","978","GAM00114","978","GAMA","SETOR CENTRAL QD. 27 CONJUNTO A CASA 02 - GAMA - DF","Lateral Direita da Casa 02.","Lateral Direita da Casa 02.",-16.023944,-48.063778,true,"Operante","FALTA CABEÇOTE DA HASTE DO REGISTRO (LUVA)","","06/04/2026 16:26:00","06/04/2026 16:26:00","","100mm",""
"hid_436","979","GAM00115","979","GAMA","SETOR CENTRAL QD. 25 CONJUNTO B CASA 22 - GAMA - DF","Lateral esquerda da Casa 22.","Lateral esquerda da Casa 22.",-16.022278,-48.065278,true,"Operante","","","06/04/2026 16:41:00","06/04/2026 16:41:00","","100mm",""
"hid_437","980","GAM00116","980","GAMA","SETOR CENTRAL QUADRA 17 CONJUNTO B CASA 16 - GAMA - DF","LATERAL ESQUERDA DA CASA 16 / AOS FUNDOS DO CENTRO DE ENSINO 14.","LATERAL ESQUERDA DA CASA 16 / AOS FUNDOS DO CENTRO DE ENSINO 14.",-16.021,-48.064528,true,"Operante","","","06/04/2026 16:46:00","06/04/2026 16:46:00","","100mm",""
"hid_438","981","GAM00117","981","GAMA","SETOR CENTRAL QUADRA 13 CONJUNTO C CASA 17 - GAMA - DF","EM FRENTE A TROPICALIA POLPA DE FRUTAS / FUNDOS COM A LOJA DE MOVEIS IDHEA.

OBS: LOCALIZAÇÃO CORRETA - S16º 01' 04.6"" W48º 03' 49.5""","EM FRENTE A TROPICALIA POLPA DE FRUTAS / FUNDOS COM A LOJA DE MOVEIS IDHEA.

OBS: LOCALIZAÇÃO CORRETA - S16º 01' 04.6"" W48º 03' 49.5""",-16.019472,-48.064833,true,"Operante","FALTA CABEÇOTE DA HASTE DO REGISTRO (LUVA)","","06/04/2026 16:50:00","06/04/2026 16:50:00","","100mm",""
"hid_439","982","GAM00118","982","GAMA","SETOR CENTRAL QUADRA 05 CONJUNTO B CASA 17 - GAMA - DF","EM FRENTE A WIZARD BY PEARSON.","EM FRENTE A WIZARD BY PEARSON.",-16.017944,-48.063806,true,"Operante","","","06/04/2026 16:54:00","06/04/2026 16:54:00","","100mm",""
"hid_440","984","GAM00119","984","GAMA","SETOR CENTRAL EDIFICIO GAMA CENTER BLOCO 6 LOTES 42/60 - GAMA - DF","LAERAL DIREITA DO EDIFICIO GAMA CENTER / EM FRENTE AO PONTO DE TAXI DA RODOVIARIA.

LOCALIZAÇÃO CORRETA - S16º01'10.0"" W48º04'00.9"".","LAERAL DIREITA DO EDIFICIO GAMA CENTER / EM FRENTE AO PONTO DE TAXI DA RODOVIARIA.

LOCALIZAÇÃO CORRETA - S16º01'10.0"" W48º04'00.9"".",-16.019417,-48.066972,false,"Inoperante","CAIXA DE REGISTRO CHEIA DE LIXO; TAMPA DE CONCRETO QUEBRADA OU REMOVIDA","","16/04/2026 10:13:00","16/04/2026 10:13:00","","100mm",""
"hid_441","986","GAM00121","986","GAMA","SETOR CENTRAL QUADRA 5 CONJUNTO A CASA 1 - GAMA - DF","LATERAL DA CASA 1 - CAMI - CENTRO DE ATENDIMENTO MULTIDISCIPLINAR DA INFANCIA/FUNDOS DA PADARIA DUJUCA.

OBS: LOCALIZAÇÃO CORRETA: S16º01'08.6"" W48º03'44.2""","LATERAL DA CASA 1 - CAMI - CENTRO DE ATENDIMENTO MULTIDISCIPLINAR DA INFANCIA/FUNDOS DA PADARIA DUJUCA.

OBS: LOCALIZAÇÃO CORRETA: S16º01'08.6"" W48º03'44.2""",-16.019,-48.06225,true,"Operante","FALTA CABEÇOTE DA HASTE DO REGISTRO (LUVA)","","16/04/2026 11:02:00","16/04/2026 11:02:00","","100mm",""
"hid_442","987","GAM00122","987","GAMA","PRÓ-DF/SMA CONJUNTO A LOTE 11 - GAMA-DF","EM FRENTE AO LOTE 11 - MOB CAR VEICULOS.","EM FRENTE AO LOTE 11 - MOB CAR VEICULOS.",-15.993667,-48.0545,true,"Operante","","","23/04/2026 14:54:00","23/04/2026 14:54:00","","100mm",""
"hid_443","988","GAM00123","988","GAMA","PRÓ-DF/SMA CONJUNTO J LOTE 1 - GAMA - DF","FUNDOS DO LOTE 1 - ATTUS DIGITAL.","FUNDOS DO LOTE 1 - ATTUS DIGITAL.",-15.996028,-48.058806,true,"Operante","","","23/04/2026 15:11:00","23/04/2026 15:11:00","","100mm",""
"hid_444","989","GAM00124","989","GAMA","ENGENHO DAS LAJES - BR-060 - GAMA - DF","EM FRENTE A ESTAÇÃO DE TRATAMENTO DE AGUA DA CAESB.","EM FRENTE A ESTAÇÃO DE TRATAMENTO DE AGUA DA CAESB.",-16.042028,-48.256806,true,"Operante","","","27/04/2026 09:09:00","27/04/2026 09:09:00","","100mm",""
"hid_445","990","GAM00125","990","GAMA","ENGENHO DAS LAJES - BR-060 - GAMA - DF","PISTA DE ACESSO AO GAMA / NA ÁREA VERDE, HIDRANTE A ESQUERDA.","PISTA DE ACESSO AO GAMA / NA ÁREA VERDE, HIDRANTE A ESQUERDA.",-16.043,-48.256167,true,"Operante","","","27/04/2026 09:12:00","27/04/2026 09:12:00","","100mm",""
"hid_446","991","BSB00074","991","BRASILIA","SQS 112 BLOCO 'I' - BRASÍLIA-DF","LATERAL DIREITA DO BLOCO 'I'","LATERAL DIREITA DO BLOCO 'I'",-15.825,-47.914167,true,"Operante","","","18/07/2025 08:30:00","18/07/2025 08:30:00","","100mm",""
"hid_447","992","BSB00075","992","BRASILIA","SQS 112 BLOCO 'D' - BRASÍLIA-DF","EM FRENTE AO LADO ESQUERDO DO BLOCO 'D'","EM FRENTE AO LADO ESQUERDO DO BLOCO 'D'",-15.824,-47.913639,true,"Operante","","","18/07/2025 09:00:00","18/07/2025 09:00:00","","100mm",""
"hid_448","993","BSB00076","993","BRASILIA","SQS 114 BLOCO 'C' - BRASÍLIA-DF","PROXIMO A ESCOLA CLASSE","PROXIMO A ESCOLA CLASSE",-15.827917,-47.919583,true,"Operante","","","18/07/2025 07:30:00","18/07/2025 07:30:00","","100mm",""
"hid_449","994","BSB00077","994","BRASILIA","SQS 114 BLOCO 'B' - BRASÍLIA-DF","EM FRENTE AO LADO ESQUERDO DO BLOCO 'B '","EM FRENTE AO LADO ESQUERDO DO BLOCO 'B '",-15.828361,-47.920917,true,"Operante","","","18/06/2025 09:00:00","18/06/2025 09:00:00","","100mm",""
"hid_450","995","BSB00078","995","BRASILIA","SQS 113 BLOCO I - BRASÍLIA-DF","FUNDOS DO BLOCO I","FUNDOS DO BLOCO I",-15.827306,-47.917472,false,"Inoperante","FALTA CABEÇOTE DA HASTE DO REGISTRO (LUVA); REGISTRO DANIFICADO","","03/07/2025 09:30:00","03/07/2025 09:30:00","","100mm",""
"hid_451","996","BSB00079","996","BRASILIA","SQS 206 BLOCO 'A' - BRASÍLIA-DF","FUNDOS AO LADO DIREITO DO BLOCO 'A'","FUNDOS AO LADO DIREITO DO BLOCO 'A'",-15.814917,-47.895278,true,"Operante","","","06/08/2025 09:00:00","06/08/2025 09:00:00","","100mm",""
"hid_452","997","BSB00080","997","BRASILIA","SQS 206 BLOCO 'B' - BRASÍLIA-DF","FRENTE AO BLOCO 'B'","FRENTE AO BLOCO 'B'",-15.816306,-47.894694,true,"Operante","","","09/07/2025 15:00:00","09/07/2025 15:00:00","","100mm",""
"hid_453","998","BSB00081","998","BRASILIA","SQS 205 BLOCO 'E' - BRASÍLIA-DF","LATERAL ESQUERDA DO BLOCO 'E'","LATERAL ESQUERDA DO BLOCO 'E'",-15.812778,-47.893278,true,"Operante","","","30/06/2025 09:00:00","30/06/2025 09:00:00","","100mm",""
"hid_454","999","BSB00082","999","BRASILIA","SQS 205 BLOCO ""B"" - BRASÍLIA-DF","LATERAL ESQUERDA DO BLOCO ""B""","LATERAL ESQUERDA DO BLOCO ""B""",-15.814,-47.893,true,"Operante","","","28/05/2025 11:00:00","28/05/2025 11:00:00","","100mm",""
"hid_455","1000","BSB00083","1000","BRASILIA","SQS 204 BLOCO ""F"" - BRASÍLIA-DF","EM FRENTE AO BLOCO BLOCO ""F""","EM FRENTE AO BLOCO BLOCO ""F""",-15.811417,-47.890528,true,"Operante","","","06/08/2025 09:30:00","06/08/2025 09:30:00","","100mm",""
"hid_456","1001","BSB00084","1001","BRASILIA","SQS 204 BLOCO ""H"" - BRASÍLIA-DF","EM FRENTE AO BLOCO ""H""","EM FRENTE AO BLOCO ""H""",-15.810194,-47.891306,true,"Operante","","","03/07/2025 11:00:00","03/07/2025 11:00:00","","100mm",""
"hid_457","1002","BSB00085","1002","BRASILIA","SQS 204 BLOCO G - BRASÍLIA-DF","FRENTE AO BLOCO G","FRENTE AO BLOCO G",-15.811056,-47.892111,true,"Operante","","","05/08/2025 08:00:00","05/08/2025 08:00:00","","100mm",""
"hid_458","1003","BSB00086","1003","BRASILIA","SQS 204 BLOCO D"" - BRASÍLIA-DF","EM FRENTE AO LADO ESQUERDO DO BLOCO ""D"" - ENTRADA DA GARAGEM SUBTERRANEA.","EM FRENTE AO LADO ESQUERDO DO BLOCO ""D"" - ENTRADA DA GARAGEM SUBTERRANEA.",-15.811472,-47.890278,true,"Operante","","","05/08/2025 08:30:00","05/08/2025 08:30:00","","100mm",""
"hid_459","1004","BSB00087","1004","BRASILIA","SQS 207 BLOCO ""C"" - BRASÍLIA-DF","FUNDOS DO BLOCO ""C""","FUNDOS DO BLOCO ""C""",-15.817861,-47.898139,true,"Operante","","","09/07/2025 14:00:00","09/07/2025 14:00:00","","100mm",""
"hid_460","1005","BSB00088","1005","BRASILIA","SQS 207 BLOCO ""E"" - BRASÍLIA-DF","EM FRENTE AO BLOCO ""E""","EM FRENTE AO BLOCO ""E""",-15.817417,-47.898917,true,"Operante","","","09/07/2025 14:30:00","09/07/2025 14:30:00","","100mm",""
"hid_461","1008","BSB00090","1008","BRASILIA","SQS 206 BLOCO ""K"" - BRASÍLIA-DF","EM FRENTE AO BLOCO ""K""","EM FRENTE AO BLOCO ""K""",-15.814833,-47.8965,true,"Operante","","","18/09/2025 08:00:00","18/09/2025 08:00:00","","100mm",""
"hid_462","1009","BSB00091","1009","BRASILIA","SAUS QUADRA 01SUPERIOR TRIBUNAL MILITAR - BRASÍLIA-DF","LATERAL DIREITA DO STM","LATERAL DIREITA DO STM",-15.799401,-47.88044,true,"Operante","","","15/12/2025 11:07:00","15/12/2025 11:07:00","","100mm",""
"hid_463","1010","BSB00092","1010","BRASILIA","SAUS QUADRA 01SUPERIOR TRIBUNAL MILITAR - BRASÍLIA-DF","LATERAL ESQUERDA DO STM","LATERAL ESQUERDA DO STM",-15.799722,-47.879083,true,"Operante","","","15/12/2025 11:08:00","15/12/2025 11:08:00","","100mm",""
"hid_464","1016","GAM00126","1016","GAMA","SETOR OESTE QUADRA 06 CASA 01 - GAMA - DF","FUNDOS DA PARADA DE ONIBUS DA COMERCIAL DO OESTE/AO LADO DA LOJA DE CHINELOS CARIRI/CONVENIENCIA BRB. AREA VERDE/ESTACIONAMENTO.

OBS: LOCALIZAÇÃO CORRETA - S16º00'32.2 W48º04'16.0""","FUNDOS DA PARADA DE ONIBUS DA COMERCIAL DO OESTE/AO LADO DA LOJA DE CHINELOS CARIRI/CONVENIENCIA BRB. AREA VERDE/ESTACIONAMENTO.

OBS: LOCALIZAÇÃO CORRETA - S16º00'32.2 W48º04'16.0""",-16.009111,-48.071167,true,"Operante","","","14/04/2026 10:35:00","14/04/2026 10:35:00","","100mm",""
"hid_465","1017","BSB00093","1017","BRASILIA","SQS 216 BLOCO 'A' - BRAÍLIA-DF","EM FRENTE AO BLOCO 'A'","EM FRENTE AO BLOCO 'A'",-15.834611,-47.922417,true,"Operante","","","13/05/2025 07:30:00","13/05/2025 07:30:00","","100mm",""
"hid_466","1019","BSB00094","1019","BRASILIA","SQS 216 BLOCO E - BRASILIA-DF","VIA DE ACESSO L1 - EM FRENTE AO LADO ESQUERDO DO BLOCO ""E""","VIA DE ACESSO L1 - EM FRENTE AO LADO ESQUERDO DO BLOCO ""E""",-15.836472,-47.922861,true,"Operante","","","13/05/2025 09:00:00","13/05/2025 09:00:00","","100mm",""
"hid_467","1020","BSB00095","1020","BRASILIA","SQS 215 BLOCO E - BRASILIA-DF","VIA DE ACESSO L1 - EM FRENTE AO LADO ESQUERDO DO BLOCO ""E""","VIA DE ACESSO L1 - EM FRENTE AO LADO ESQUERDO DO BLOCO ""E""",-15.833444,-47.920389,false,"Inoperante","CARRETEL DO REGISTRO DANIFICADO; REGISTRO EMPERRADO","","13/05/2025 11:30:00","13/05/2025 11:30:00","","100mm",""
"hid_468","1023","BSB00096","1023","BRASILIA","SQS 216 BLOCO I - BRASILIA-DF","VIA DE ACESSO L1 - EM FRENTE AO BLOCO ""I""","VIA DE ACESSO L1 - EM FRENTE AO BLOCO ""I""",-15.835333,-47.923806,true,"Operante","","","03/07/2025 10:30:00","03/07/2025 10:30:00","","100mm",""
"hid_469","1025","BSB00097","1025","BRASILIA","SQS 315 BLOCO J - BRASILIA-DF","VIA DE ACESSO W1 - FUNDOS DO BLOCO ""J""","VIA DE ACESSO W1 - FUNDOS DO BLOCO ""J""",-15.827889,-47.925444,true,"Operante","","","17/07/2025 11:30:00","17/07/2025 11:30:00","","100mm",""
"hid_470","1026","BSB00098","1026","BRASILIA","SQS 315 BLOCO E - BRASILIA-DF","VIA DE ACESSO W1 - FUNDOS DO BLOCO ""E""","VIA DE ACESSO W1 - FUNDOS DO BLOCO ""E""",-15.828444,-47.924278,true,"Operante","","","18/07/2025 08:00:00","18/07/2025 08:00:00","","100mm",""
"hid_471","1028","BSB00099","1028","BRASILIA","SQS 315 BLOCO G - BRASILIA-DF","VIA DE ACESSO W1 - EM FRENTE AO BLOCO ""G""","VIA DE ACESSO W1 - EM FRENTE AO BLOCO ""G""",-15.827639,-47.924194,true,"Operante","","","17/06/2025 10:00:00","17/06/2025 10:00:00","","100mm",""
"hid_472","1029","BSB00100","1029","BRASILIA","SQS 316 BLOCO H - BRASILIA-DF","ViA DE ACESSO W1 - EM FRENTE AO BLOCO ""H""","ViA DE ACESSO W1 - EM FRENTE AO BLOCO ""H""",-15.829361,-47.927611,true,"Operante","","","17/07/2025 07:30:00","17/07/2025 07:30:00","","100mm",""
"hid_473","1030","BSB00101","1030","BRASILIA","SQS 316 BLOCO K - BRASILIA-DF","VIA DE ACESSO W1 - EM FRENTE AO BLOCO ""K"" / PORTÃO DOS FUNDOS DA EC","VIA DE ACESSO W1 - EM FRENTE AO BLOCO ""K"" / PORTÃO DOS FUNDOS DA EC",-15.828639,-47.927056,true,"Operante","","","17/07/2025 10:30:00","17/07/2025 10:30:00","","100mm",""
"hid_474","1031","BSB00102","1031","BRASILIA","SQS 316 BLOCO C - BRASILIA-DF","VIA DE ACESSO W1 - LATERAL DIREITA DO BLOCO ""C""","VIA DE ACESSO W1 - LATERAL DIREITA DO BLOCO ""C""",-15.829583,-47.92625,true,"Operante","","","17/07/2025 11:00:00","17/07/2025 11:00:00","","100mm",""
"hid_475","1032","BSB00103","1032","BRASILIA","SQS 316 BLOCO B - BRASILIA-DF","VIA DE ACESSO W1 - LATERAL DIREITA DO BLOCO ""B""","VIA DE ACESSO W1 - LATERAL DIREITA DO BLOCO ""B""",-15.830583,-47.926583,true,"Operante","","","18/09/2025 08:30:00","18/09/2025 08:30:00","","100mm",""
"hid_476","1033","BSB00104","1033","BRASILIA","SQS 316 BLOCO E - BRASILIA-DF","VIA DE ACESSO W1 - EM FRENTE AO BLOCO ""E""","VIA DE ACESSO W1 - EM FRENTE AO BLOCO ""E""",-15.830417,-47.927778,true,"Operante","","","18/09/2025 09:00:00","18/09/2025 09:00:00","","100mm",""
"hid_477","1095","BSB00105","1095","BRASILIA","SQS 408 BLOCO R - BRASILIA-DF","VIA DE ACESSO L1 - EM FRENTE AO LADO ESQUERDO DO BLOCO R / ESTACIONAMENTO","VIA DE ACESSO L1 - EM FRENTE AO LADO ESQUERDO DO BLOCO R / ESTACIONAMENTO",-15.822528,-47.900472,true,"Operante","","","09/07/2025 11:30:00","09/07/2025 11:30:00","","100mm",""
"hid_478","1096","BSB00106","1096","BRASILIA","SQS 409 BLOCO E - BRASILIA-DF","VIA DE ACESSO L1 - EM FRENTE AO LADO ESQUERDO DO BLOCO ""E""","VIA DE ACESSO L1 - EM FRENTE AO LADO ESQUERDO DO BLOCO ""E""",-15.824694,-47.902889,true,"Operante","","","05/06/2025 09:00:00","05/06/2025 09:00:00","","100mm",""
"hid_479","1097","BSB00107","1097","BRASILIA","SQS 409 BLOCO R - BRASILIA-DF","VIA DE ACESSO L1 - EM FRENTE AO LADO ESQUERDO DO BLOCO ""E"" / ENTRADA A","VIA DE ACESSO L1 - EM FRENTE AO LADO ESQUERDO DO BLOCO ""E"" / ENTRADA A",-15.822611,-47.902194,true,"Operante","","","05/06/2025 11:30:00","05/06/2025 11:30:00","","100mm",""
"hid_480","1098","BSB00108","1098","BRASILIA","SQS 410 BLOCO G - BRASILIA-DF","VIA DE ACESSO L1 - EM FRENTE AO LADO DIREITO DO BLOCO G","VIA DE ACESSO L1 - EM FRENTE AO LADO DIREITO DO BLOCO G",-15.825833,-47.904306,true,"Operante","","","05/06/2025 08:30:00","05/06/2025 08:30:00","","100mm",""
"hid_481","1100","BSB00109","1100","BRASILIA","SQS 408 BLOCO L - BRASILIA-DF","VIA DE ACESSO L1 - FUNDOS AO LADO ESQUERDO DO 'BLOCO ""L""","VIA DE ACESSO L1 - FUNDOS AO LADO ESQUERDO DO 'BLOCO ""L""",-15.822028,-47.899833,true,"Operante","","","28/05/2025 12:30:00","28/05/2025 12:30:00","","100mm",""
"hid_482","1102","BSB00111","1102","BRASILIA","SQS 408 BLOCO S - BRASILIA-DF","VIA DE ACESSO L1 - EM FRENTE AO LADO ESQUERDO DO BLOCO ""S"" / Bloco ""T"" / PROXIMO A EC","VIA DE ACESSO L1 - EM FRENTE AO LADO ESQUERDO DO BLOCO ""S"" / Bloco ""T"" / PROXIMO A EC",-15.823444,-47.899528,true,"Operante","","","09/07/2025 11:30:00","09/07/2025 11:30:00","","100mm",""
"hid_483","1103","BSB00112","1103","BRASILIA","SQS 408 BLOCO N - BRASILIA-DF","VIA DE ACESSO L1 - EM FRENTE AO LADO ESQUERDO DO BLOCO ""N""","VIA DE ACESSO L1 - EM FRENTE AO LADO ESQUERDO DO BLOCO ""N""",-15.821806,-47.898667,true,"Operante","","","30/06/2025 08:30:00","30/06/2025 08:30:00","","100mm",""
"hid_484","1105","BSB00113","1105","BRASILIA","SQS 408 BLOCO P - BRASILIA-DF","VIA DE ACESSO L1 - LLATERAL DIREITA DO BLOCO ""P""","VIA DE ACESSO L1 - LLATERAL DIREITA DO BLOCO ""P""",-15.822333,-47.898722,true,"Operante","","","09/07/2025 12:30:00","09/07/2025 12:30:00","","100mm",""
"hid_485","1106","BSB00114","1106","BRASILIA","SQS 406 BLOCO D - BRASILIA-DF","FRENTE DO BLOCO D","FRENTE DO BLOCO D",-15.817083,-47.893611,true,"Operante","","","04/06/2025 21:05:00","04/06/2025 21:05:00","","100mm",""
"hid_486","1107","BSB00115","1107","BRASILIA","SQS 406 BLOCO M - BRASILIA-DF","FRENTE AO LADO ESQUERDO DO BLOCO M","FRENTE AO LADO ESQUERDO DO BLOCO M",-15.817667,-47.894139,false,"Inoperante","REGISTRO SOTERRADO","","04/06/2025 08:30:00","04/06/2025 08:30:00","","100mm",""
"hid_487","1108","BSB00116","1108","BRASILIA","SQS 406 BLOCO T - BRASILIA-DF","FUNDOS AO LADO DIREITO DO BLOCO T","FUNDOS AO LADO DIREITO DO BLOCO T",-15.818889,-47.893222,true,"Operante","","","04/06/2025 09:00:00","04/06/2025 09:00:00","","100mm",""
"hid_488","1109","BSB00117","1109","BRASILIA","SQS 406 BLOCO F - BRASILIA-DF","EM FRENTE AO BLOCO F","EM FRENTE AO BLOCO F",-15.817861,-47.892361,false,"Inoperante","HIDRANTE CERCADO/BLOQUEADO","","04/06/2025 10:00:00","04/06/2025 10:00:00","","100mm",""
"hid_489","1110","BSB00118","1110","BRASILIA","SQS 406 BLOCO Q - BRASILIA-DF","FUNDOS AO LADO ESQUERDO DO BLOCO Q","FUNDOS AO LADO ESQUERDO DO BLOCO Q",-15.818194,-47.894806,true,"Operante","","","04/06/2025 10:00:00","04/06/2025 10:00:00","","100mm",""
"hid_490","1111","BSB00119","1111","BRASILIA","SQS 407 BLOCO ""B"" - BRASILIA-DF","VIA DE ACESSO L1 - FUNDOS AO LADO ESQUERDO DO BLOCO ""B""","VIA DE ACESSO L1 - FUNDOS AO LADO ESQUERDO DO BLOCO ""B""",-15.820806,-47.897639,true,"Operante","","","05/06/2025 08:00:00","05/06/2025 08:00:00","","100mm",""
"hid_491","1112","BSB00120","1112","BRASILIA","SQS 407 BLOCO ""E"" - BRASILIA-DF","VIA DE ACESSO L1 - FUNDOS AO LADO DIREITO DO BLOCO ""E""","VIA DE ACESSO L1 - FUNDOS AO LADO DIREITO DO BLOCO ""E""",-15.820944,-47.897111,true,"Operante","","","09/06/2025 08:00:00","09/06/2025 08:00:00","","100mm",""
"hid_492","1113","BSB00121","1113","BRASILIA","SQS 407 BLOCO ""D"" - BRASILIA-DF","VIA DE ACESSO L1 - FUNDOS AO LADO ESQUERDO DO BLOCO ""D""","VIA DE ACESSO L1 - FUNDOS AO LADO ESQUERDO DO BLOCO ""D""",-15.820111,-47.897167,true,"Operante","","","09/07/2025 13:30:00","09/07/2025 13:30:00","","100mm",""
"hid_493","1114","BSB00122","1114","BRASILIA","SQS 407 BLOCO ""K"" - BRASILIA-DF","VIA DE ACESSO L1 - EM FRENTE AO BLOCO ""K""","VIA DE ACESSO L1 - EM FRENTE AO BLOCO ""K""",-15.820333,-47.895917,true,"Operante","","","09/06/2025 09:00:00","09/06/2025 09:00:00","","100mm",""
"hid_494","1116","BSB00123","1116","BRASILIA","SQS 407 BLOCOS ""E/J"" - BRASILIA-DF","VIA DSE ACESSO W1 - ENTRE OS BLOCOS ""E/J""","VIA DSE ACESSO W1 - ENTRE OS BLOCOS ""E/J""",-15.803306,-47.893306,true,"Operante","","","10/06/2025 08:00:00","10/06/2025 08:00:00","","100mm",""
"hid_495","1117","BSB00124","1117","BRASILIA","SQS 407 BLOCO ""Q"" - BRASILIA-DF","VIA DE ACESSO L1 - FUNDOS DO BLOCO ""Q""","VIA DE ACESSO L1 - FUNDOS DO BLOCO ""Q""",-15.819392,-47.896936,true,"Operante","","","09/06/2025 10:00:00","09/06/2025 10:00:00","","100mm",""
"hid_496","1119","BSB00125","1119","BRASILIA","SQS 202 BLOCO ""A"" - BRASILIA-DF","VIA DE ACESO L1 - FUNDOS AO LADO DIREITO DO BLOCO ""A"" / SAIDA DA GARAGEM","VIA DE ACESO L1 - FUNDOS AO LADO DIREITO DO BLOCO ""A"" / SAIDA DA GARAGEM",-15.805222,-47.885667,true,"Operante","","","28/05/2025 10:30:00","28/05/2025 10:30:00","","100mm",""
"hid_497","1120","BSB00126","1120","BRASILIA","SQS 202 BLOCO ""I"" - BRASILIA-DF","VIA DE ACESSO L1 - EEM FRENTE AO LADO DIREITO DO BLOCO ""I""","VIA DE ACESSO L1 - EEM FRENTE AO LADO DIREITO DO BLOCO ""I""",-15.805,-47.88675,true,"Operante","","","28/05/2025 09:00:00","28/05/2025 09:00:00","","100mm",""
"hid_498","1121","BSB00127","1121","BRASILIA","SQS 202 BLOCO ""E"" - BRASILIA-DF","VIA DE ACESSO L1 - FUNDOS AO LADO ESQUERDO DO BLOCO ""D"" / QUADRA DE EPORTE","VIA DE ACESSO L1 - FUNDOS AO LADO ESQUERDO DO BLOCO ""D"" / QUADRA DE EPORTE",-15.806556,-47.886722,true,"Operante","","","28/05/2025 10:00:00","28/05/2025 10:00:00","","100mm",""
"hid_499","1122","BSB00128","1122","BRASILIA","SQS 403 BLOCO ""I"" BRASILIA-DF","VIA DE ACESSO L1 FUNDOS AO LADO ESQUERDO DO BLOCO ""Q""","VIA DE ACESSO L1 FUNDOS AO LADO ESQUERDO DO BLOCO ""Q""",-15.810194,-47.886278,true,"Operante","","","05/06/2025 11:00:00","05/06/2025 11:00:00","","100mm",""
"hid_500","1124","BSB00129","1124","BRASILIA","SQS 403 BLOCO ""Q "" - BRASILIA-DF","VIA DE ACESSO L1 - FRENTE LADO DIREITO DO BLOCO ""Q""","VIA DE ACESSO L1 - FRENTE LADO DIREITO DO BLOCO ""Q""",-15.810444,-47.885778,true,"Operante","","","05/06/2025 10:00:00","05/06/2025 10:00:00","","100mm",""
"hid_501","1127","BSB00130","1127","BRASILIA","SQS 403 BLOCO ""R"" - BRASILIA-DF","VIA DE ACESSO L1 - FUNDOS AO LADO ESQUERDO DO BLOCO ""R"" / PPROXIMO AO CARREFOUR","VIA DE ACESSO L1 - FUNDOS AO LADO ESQUERDO DO BLOCO ""R"" / PPROXIMO AO CARREFOUR",-15.809917,-47.885028,true,"Operante","","","05/06/2025 09:30:00","05/06/2025 09:30:00","","100mm",""
"hid_502","1128","BSB00131","1128","BRASILIA","SQS 204 BLOCO ""D"" - BRASILIA-DF","VIA DE ACESSO L1 - LATERAL ESQUERDA DO BLOCO ""D"" / PROXIMO A EC","VIA DE ACESSO L1 - LATERAL ESQUERDA DO BLOCO ""D"" / PROXIMO A EC",-15.812083,-47.891056,true,"Operante","","","28/05/2025 08:30:00","28/05/2025 08:30:00","","100mm",""
"hid_503","1129","BSB00132","1129","BRASILIA","SBS QUADRA 3 (BANCO CENTRAL DO BRASIL) - BRASILIA-DF","VIA DE ACESSO AO EIXINHO L - EM FRENTE AO LADO DIREITO DA RAMPA DE ENTRADA DO BACEN","VIA DE ACESSO AO EIXINHO L - EM FRENTE AO LADO DIREITO DA RAMPA DE ENTRADA DO BACEN",-15.803083,-47.886056,true,"Operante","","","06/08/2025 10:30:00","06/08/2025 10:30:00","","100mm",""
"hid_504","1131","BSB00133","1131","BRASILIA","SBS QUADRA 3 (BANCO CENTRAL DO BRASIL) - BRASILIA-DF","VIA DE ACESSO AO EIXINHO L - EM FRENTE AO LADO ESQUERDO DA RAMPA DA ENTRADA DO BACEN","VIA DE ACESSO AO EIXINHO L - EM FRENTE AO LADO ESQUERDO DA RAMPA DA ENTRADA DO BACEN",-15.80275,-47.885778,true,"Operante","","","06/08/2025 11:00:00","06/08/2025 11:00:00","","100mm",""
"hid_505","1133","BSB00134","1133","BRASILIA","SCLS 201 BLOCO ""A"" - BRASILIA-DF","VIA DE ACESSO AO EIXINHO L / L1 - LATERAL ESQUERDA DO BLOCO ""A"" - LOJA 1","VIA DE ACESSO AO EIXINHO L / L1 - LATERAL ESQUERDA DO BLOCO ""A"" - LOJA 1",-15.804194,-47.88575,true,"Operante","","","21/02/2025 08:52:00","21/02/2025 08:52:00","","100mm",""
"hid_506","1134","BSB00135","1134","BRASILIA","SBS QUADRA 4 - BRASILIA-DF","EM FRENTE AO LADO ESQUERDO DA CEF","EM FRENTE AO LADO ESQUERDO DA CEF",-15.80475,-47.884111,true,"Operante","","","29/01/2025 14:09:00","29/01/2025 14:09:00","","100mm",""
"hid_507","1135","BSB00136","1135","BRASILIA","SQS 410 BLOCO ""U"" - BRASILIA-DF","VIA DE ACESSO L1 - FUNDOS AO LADO DIREITO DO BLOCO ""U""","VIA DE ACESSO L1 - FUNDOS AO LADO DIREITO DO BLOCO ""U""",-15.827556,-47.905139,true,"Operante","","","09/06/2025 10:30:00","09/06/2025 10:30:00","","100mm",""
"hid_508","1136","BSB00137","1136","BRASILIA","SQS 412 BLOCO ""P"" - BRASILIA-DF","VIA DE ACESSO L1 - LATERAL DIREITA DO BLOCO ""P""","VIA DE ACESSO L1 - LATERAL DIREITA DO BLOCO ""P""",-15.829611,-47.912028,true,"Operante","","","14/05/2025 11:00:00","14/05/2025 11:00:00","","100mm",""
"hid_509","1137","BSB00138","1137","BRASILIA","SQS 412 BLOCO ""E"" - BRASILIA-DF","VIA DE ACESSO L1 - LATERAL DIREITA DO BLOCO ""E""","VIA DE ACESSO L1 - LATERAL DIREITA DO BLOCO ""E""",-15.829667,-47.910111,true,"Operante","","","14/05/2025 10:30:00","14/05/2025 10:30:00","","100mm",""
"hid_510","1138","BSB00139","1138","BRASILIA","SQS 413 BLOCO ""C"" - BRASILIA-DF","VIA DE ACESSO L1 - EM FRENTE AO LADO DIREITO DO BLOCO ""C""","VIA DE ACESSO L1 - EM FRENTE AO LADO DIREITO DO BLOCO ""C""",-15.832,-47.913611,true,"Operante","","","18/09/2025 09:30:00","18/09/2025 09:30:00","","100mm",""
"hid_511","1139","BSB00140","1139","BRASILIA","SQS 413 BLOCO ""L"" BRASILIA-DF","EM FRENTE ASO LADO DIREITO DO BLOCO ""L""","EM FRENTE ASO LADO DIREITO DO BLOCO ""L""",-15.830806,-47.91275,true,"Operante","","","18/09/2025 10:00:00","18/09/2025 10:00:00","","100mm",""
"hid_512","1140","BSB00141","1140","BRASILIA","SQS 413 BLOCO ""O"" BRASILIA-DF","VIA DE ACESSSO L1 - FUNDOS DO BLOCO ""O""","VIA DE ACESSSO L1 - FUNDOS DO BLOCO ""O""",-15.832556,-47.912389,true,"Operante","","","19/05/2025 09:30:00","19/05/2025 09:30:00","","100mm",""
"hid_513","1141","BSB00142","1141","BRASILIA","SQS 414 BLOCO ""C"" BRASILIA-DF","VIA DE ACESSO L1 - LATERAL DIREITA DO BLOCO ""C""","VIA DE ACESSO L1 - LATERAL DIREITA DO BLOCO ""C""",-15.833278,-47.915278,true,"Operante","","","15/05/2025 12:30:00","15/05/2025 12:30:00","","100mm",""
"hid_514","1142","BSB00143","1142","BRASILIA","SQS 414 BLOCO ""N"" BRASILIA-DF","VIA DE ACESSO L1 - EM FRENTE AO BLOCO ""N""","VIA DE ACESSO L1 - EM FRENTE AO BLOCO ""N""",-15.833917,-47.916944,true,"Operante","","","15/05/2025 10:30:00","15/05/2025 10:30:00","","100mm",""
"hid_515","1158","SOB00001","1158","SOBRADINHO","Q 12 Q 14 Conjunto B6, 1 - Sobradinho, Brasília - DF, Brasil","ESTACIONAMENTO EDIFICIO SOLAR","ESTACIONAMENTO EDIFICIO SOLAR",-15.648889,-47.777806,false,"Inoperante","HIDRANTE REMOVIDO OU NÃO ENCONTRADO","","11/07/2025 09:35:00","11/07/2025 09:35:00","","100mm",""
"hid_516","1160","SOB00003","1160","SOBRADINHO","R. 7 Q 14 Conjunto A7, 1-67 - Sobradinho, Brasília - DF, Brasil","ESPAÇO OLIVIA GAMA, PROXIMO AO DENTRAN","ESPAÇO OLIVIA GAMA, PROXIMO AO DENTRAN",-15.651306,-47.780889,true,"Operante","","","11/07/2025 08:30:00","11/07/2025 08:30:00","","100mm",""
"hid_517","1164","SOB00004","1164","SOBRADINHO","Quadra 3 Conjunto D, 21 - Sobradinho","POSTO DE SAUDE 03 - UBS","POSTO DE SAUDE 03 - UBS",-15.654556,-47.809,true,"Operante","","","11/07/2025 10:31:00","11/07/2025 10:31:00","","100mm",""
"hid_518","1165","SOB00005","1165","SOBRADINHO","Quadra 3 Conjunto D - Sobradinho","CENTRO DE ENSINO 02 / ESCOLA CLASSE 15","CENTRO DE ENSINO 02 / ESCOLA CLASSE 15",-15.651861,-47.808389,true,"Operante","","","11/07/2025 10:32:00","11/07/2025 10:32:00","","100mm",""
"hid_519","1166","SOB00006","1166","SOBRADINHO","Q 07 Comércio local, 07 - Sobradinho, Brasília - DF, Brasil","Padaria Sonho Pão","Padaria Sonho Pão",-15.646833,-47.806556,true,"Operante","","","11/07/2025 10:37:00","11/07/2025 10:37:00","","100mm",""
"hid_520","1167","SOB00007","1167","SOBRADINHO","Qd 07 Conjunto A Casa 01 - Sobradinho, Brasília -DF","LATERAL DA IGREJA EVANGÉLICA","LATERAL DA IGREJA EVANGÉLICA",-15.646972,-47.80325,true,"Operante","FALTA CABEÇOTE DA HASTE DO REGISTRO (LUVA)","","11/07/2025 10:51:00","11/07/2025 10:51:00","","100mm",""
"hid_521","1169","BSB00144","1169","BRASILIA","SQS 415 BLOCO L - BRASILIA-DF","EM FRENTE AO LADO ESQUERDO DO BLOCO D","EM FRENTE AO LADO ESQUERDO DO BLOCO D",-15.83625,-47.918861,true,"Operante","","","23/05/2025 13:00:00","23/05/2025 13:00:00","","100mm",""
"hid_522","1170","BSB00145","1170","BRASILIA","SQS 415 BLOCO M - BRASILIA-DF","LADO DIREITO DO BLOCO M","LADO DIREITO DO BLOCO M",-15.835222,-47.917694,true,"Operante","","","18/09/2025 11:00:00","18/09/2025 11:00:00","","100mm",""
"hid_523","1171","BSB00146","1171","BRASILIA","SQS 415 BLOCO I - BRASILIA-DF","LATERAL ESQUERDA DO BLOCO I","LATERAL ESQUERDA DO BLOCO I",-15.835083,-47.918972,true,"Operante","","","18/09/2025 10:30:00","18/09/2025 10:30:00","","100mm",""
"hid_524","1172","BSB00147","1172","BRASILIA","SQS 415 BLOCO L - BRASILIA-DF","EM FRENTE AO LADO ESQUERDO DO BLOCO L ESTACIONAMENTO","EM FRENTE AO LADO ESQUERDO DO BLOCO L ESTACIONAMENTO",-15.834556,-47.918222,true,"Operante","","","14/05/2025 12:40:00","14/05/2025 12:40:00","","100mm",""
"hid_525","1173","BSB00148","1173","BRASILIA","SQS 416 BLOCO C - BRASILIA-DF","FUNCOS AO LADO DIREITO DO BL. C / PROX. A BANCA DE REVISTAS","FUNCOS AO LADO DIREITO DO BL. C / PROX. A BANCA DE REVISTAS",-15.836583,-47.92,true,"Operante","","","13/05/2025 09:30:00","13/05/2025 09:30:00","","100mm",""
"hid_526","1174","BSB00149","1174","BRASILIA","SQS 416 BLOCO D - BRASILIA-DF","EM FRENTE AO LADO DIREITO DO BLOCO D / ÁREA VERDE","EM FRENTE AO LADO DIREITO DO BLOCO D / ÁREA VERDE",-15.837972,-47.919417,true,"Operante","","","14/05/2025 10:00:00","14/05/2025 10:00:00","","100mm",""
"hid_527","1176","BSB00150","1176","BRASILIA","SQS 416 BLOCO G - BRASILIA-DF","FUNCOS AO LADO DIREITO DO BLOCO G","FUNCOS AO LADO DIREITO DO BLOCO G",-15.836528,-47.921389,true,"Operante","","","13/05/2025 10:00:00","13/05/2025 10:00:00","","100mm",""
"hid_528","1181","SOB00008","1181","SOBRADINHO","Q 2 Conjunto E12 E14, 13-27 - Sobradinho, Brasília - DF, Brasil","FRENTE A CASA 16","FRENTE A CASA 16",-15.654444,-47.788139,true,"Operante","","","10/07/2025 10:22:00","10/07/2025 10:22:00","","100mm",""
"hid_529","1182","SOB00009","1182","SOBRADINHO","Q.02 CONJUNTO E06 CASA 01","FRENTE A CASA 01/CENTRO ESPORTIVO","FRENTE A CASA 01/CENTRO ESPORTIVO",-15.652361,-47.78775,true,"Operante","","","10/07/2025 10:24:00","10/07/2025 10:24:00","","100mm",""
"hid_530","1185","SO200001","1185","SOBRADINHO II","AR 21 CONJUNTO 3 LOTE 11 - SOBRADINHO II-DF","FRENTE A PASSARELA","FRENTE A PASSARELA",-15.647611,-47.815556,true,"Operante","","","14/01/2026 15:42:00","14/01/2026 15:42:00","","100mm",""
"hid_531","1187","SO200002","1187","SOBRADINHO II","AR 25 RODOVIARIA - SOBRADINHO II-DF","NA FRENTE DA RODOVIARIA","NA FRENTE DA RODOVIARIA",-15.643417,-47.814722,true,"Operante","","","14/01/2026 16:07:00","14/01/2026 16:07:00","","100mm",""
"hid_532","1188","SO200003","1188","SOBRADINHO II","Ar 5 Conjunto 4, Casa 20 - Sobradinho II","FRENTE A CASA 20","FRENTE A CASA 20",-15.638917,-47.826611,true,"Operante","","","14/01/2026 15:27:00","14/01/2026 15:27:00","","100mm",""
"hid_533","1219","BSB00151","1219","BRASILIA","SGAS 609 VIA L2 SUL - BRASILIA-DF","NO CANTEIRO CENTRAL - COLÉGIO PIO XII - EM FRENTE AO COLÉGIO MARISTA","NO CANTEIRO CENTRAL - COLÉGIO PIO XII - EM FRENTE AO COLÉGIO MARISTA",-15.825611,-47.915278,true,"Operante","","","23/05/2025 12:00:00","23/05/2025 12:00:00","","100mm",""
"hid_534","1220","BSB00152","1220","BRASILIA","SGAS 611/612 VIA L2 SUL - BRASILIA-DF","FRENTE AO CENTRO EDUCACIONAL SETOR LESTE","FRENTE AO CENTRO EDUCACIONAL SETOR LESTE",-15.830028,-47.907361,false,"Inoperante","REGISTRO EMPERRADO","","15/05/2025 11:30:00","15/05/2025 11:30:00","","100mm",""
"hid_535","1221","BSB00153","1221","BRASILIA","SGAS 612 VIA L2 SUL - BRASILIA-DF","NO CANTEIRO CENTRAL - EM FRENTE AO CENTRO DE ENSINO ESPECIAL Nº 2 - DEFICIENTES VISUAIS","NO CANTEIRO CENTRAL - EM FRENTE AO CENTRO DE ENSINO ESPECIAL Nº 2 - DEFICIENTES VISUAIS",-15.830944,-47.909,true,"Operante","","","15/05/2025 11:00:00","15/05/2025 11:00:00","","100mm",""
"hid_536","1223","BSB00154","1223","BRASILIA","SGAS 616 - NA VIA L2 SUL - BRASILIA-DF","EM FRENTE À LINEA VITTA - BLOCO ""B""","EM FRENTE À LINEA VITTA - BLOCO ""B""",-15.839278,-47.920278,true,"Operante","","","13/05/2025 07:00:00","13/05/2025 07:00:00","","100mm",""
"hid_537","1225","BSB00155","1225","BRASILIA","SGAS 615 - NA VIA L2 SUL - BRASILIA-DF","EM FRENTE AO COLÉGIO MARISTA DE ENSINO MÉDIO","EM FRENTE AO COLÉGIO MARISTA DE ENSINO MÉDIO",-15.836861,-47.917056,true,"Operante","","","18/09/2025 12:00:00","18/09/2025 12:00:00","","100mm",""
"hid_538","1227","SOB00011","1227","SOBRADINHO","St. de Expansão Econômica Dnocs Especial 69, 2227 - Sobradinho, Brasília - DF, 73015-690, Brasil","FRENTE AO ATACADÃO. (ÁREA VERDE)","FRENTE AO ATACADÃO. (ÁREA VERDE)",-15.663194,-47.801222,true,"Operante","FALTA CABEÇOTE DA HASTE DO REGISTRO (LUVA)","","10/07/2025 09:40:00","10/07/2025 09:40:00","","100mm",""
"hid_539","1228","SOB00012","1228","SOBRADINHO","St. de Expansão Econômica Dnocs Cl - Sobradinho, Brasília - DF, 73015-690, Brasil","PRÓXIMO A PASSARELA ( ENTRE A MARGINAL E A BR 020)","PRÓXIMO A PASSARELA ( ENTRE A MARGINAL E A BR 020)",-15.662111,-47.799167,false,"Inoperante","FALTA TAMPÃO DE 4""; REGISTRO SOTERRADO","","10/07/2025 09:30:00","10/07/2025 09:30:00","","100mm",""
"hid_540","1229","SOB00013","1229","SOBRADINHO","St. de Expansão Econômica Q 3 - Sobradinho, Brasília - DF, Brasil","ESQUINA, PROXIMO AO POSTO POLICIAL","ESQUINA, PROXIMO AO POSTO POLICIAL",-15.661694,-47.796,true,"Operante","","","10/07/2025 09:20:00","10/07/2025 09:20:00","","100mm",""
"hid_541","1230","SOB00014","1230","SOBRADINHO","St. de Expansão Econômica Q 7, 23 - Sobradinho, Brasília - DF, Brasil","QUADRA POLIESPORTIVA","QUADRA POLIESPORTIVA",-15.659778,-47.792056,true,"Operante","","","10/07/2025 08:00:00","10/07/2025 08:00:00","","100mm",""
"hid_542","1259","BSB00156","1259","BRASILIA","SQS 416 BLOCO R - BRASILIA-DF","EM FRENTE AO LADO ESQUERDO DO BLOCO R","EM FRENTE AO LADO ESQUERDO DO BLOCO R",-15.8385,-47.920639,true,"Operante","","","21/01/2025 13:59:00","21/01/2025 13:59:00","","100mm",""
"hid_543","1260","BSB00157","1260","BRASILIA","SQS 416 BLOCO M - BRASILIA-DF","EM FRENTE AO LADO ESQUERDO DO BLOCO M ESTACIONAMENTO","EM FRENTE AO LADO ESQUERDO DO BLOCO M ESTACIONAMENTO",-15.837083,-47.922,true,"Operante","","","13/05/2025 11:00:00","13/05/2025 11:00:00","","100mm",""
"hid_544","1261","BSB00158","1261","BRASILIA","SGAS 608 - BRASILIA-DF","FRENTE A ACM BSB (CANTEIRO CENTRAL)","FRENTE A ACM BSB (CANTEIRO CENTRAL)",-15.824028,-47.899472,true,"Operante","","","19/01/2026 15:02:00","19/01/2026 15:02:00","","100mm",""
"hid_545","1263","BSB00160","1263","BRASILIA","SGAS 608 (HOSPITAL REGIONAL DA ASA SUL) L2 SUL - BRASILIA-DF","FRENTE AO ESTACIONAMENTO DO HOSPITAL - ÁREA INTERNA","FRENTE AO ESTACIONAMENTO DO HOSPITAL - ÁREA INTERNA",-15.823306,-47.897417,true,"Operante","","","17/03/2026 19:38:00","17/03/2026 19:38:00","","100mm",""
"hid_546","1264","BSB00161","1264","BRASILIA","SGAS 608 (HOSPITAL MATERNO INFANTIL DE BRASILIA - HMIB) VIA L2 SUL - BRASILIA-DF","NA VIA L2 CANTEIRO CENTRAL - EM FRENTE AO HMIB","NA VIA L2 CANTEIRO CENTRAL - EM FRENTE AO HMIB",-15.822556,-47.897361,true,"Operante","","","23/09/2025 12:00:00","23/09/2025 12:00:00","","100mm",""
"hid_547","1265","BSB00162","1265","BRASILIA","SGAS 601 VIA L2 SUL - BRASILIA-DF","NA VIA L2 CANTEIRO CENTRAL - EM FRENTE AO COLÉGIO GALOIS","NA VIA L2 CANTEIRO CENTRAL - EM FRENTE AO COLÉGIO GALOIS",-15.805,-47.879583,true,"Operante","","","11/08/2025 09:30:00","11/08/2025 09:30:00","","100mm",""
"hid_548","1266","BSB00163","1266","BRASILIA","QUADRA 801 - SES (EMBAIXADA DOS ESTADOS UNIDOS DA AMERICA) BRASILIA-DF","EMBAIXADA DOS E.U.A","EMBAIXADA DOS E.U.A",-15.803833,-47.874083,true,"Operante","","","21/02/2025 08:52:00","21/02/2025 08:52:00","","100mm",""
"hid_549","1305","BSB00167","1305","BRASILIA","QUADRA 809 - SES - VIA L3 SUL (EMBAIXADA DA POLÔNIA) - BRASILIA-DF","EM FRENTE AO LADO ESQERDO DA EMBAIXADA DA POLONIA","EM FRENTE AO LADO ESQERDO DA EMBAIXADA DA POLONIA",-15.825861,-47.893333,true,"Operante","","","12/08/2025 09:30:00","12/08/2025 09:30:00","","100mm",""
"hid_550","1306","BSB00168","1306","BRASILIA","QUADRA 807 - SES - VIA L3 SUL (EMBAIXADA DA FINLANDIA / NORUEGA) - BRASILIA-DF","EM FRENTE AO LADO DIREITO DA EMBAIXADA DA FINLÂNDIA / FUNDOS DA EMBAIXADA DA NORUEGA","EM FRENTE AO LADO DIREITO DA EMBAIXADA DA FINLÂNDIA / FUNDOS DA EMBAIXADA DA NORUEGA",-15.822,-47.889111,true,"Operante","","","06/08/2025 11:00:00","06/08/2025 11:00:00","","100mm",""
"hid_551","1307","BSB00169","1307","BRASILIA","QUADRA 807 - SES - VIA L3 SUL (EMBAIXADA DA ITALIA) - BRASILIA-DF","EM FRENTE AO LADO ESQUERDO DA EMBAIXADA DA ITÁLIA","EM FRENTE AO LADO ESQUERDO DA EMBAIXADA DA ITÁLIA",-15.823361,-47.8905,true,"Operante","","","06/08/2025 10:30:00","06/08/2025 10:30:00","","100mm",""
"hid_552","1308","BSB00170","1308","BRASILIA","QUADRA 809 - SES - VIA L3 SUL (EMBAIXADA DA BELGICA) - BRASILIA-DF","QUADRA 809 - SES - VIA L3 SUL (EMBAIXADA DA BELGICA) EM FRENTE AO LADO ESQUERDO DA EMBAIXADA DA BÉLGICA","QUADRA 809 - SES - VIA L3 SUL (EMBAIXADA DA BELGICA) EM FRENTE AO LADO ESQUERDO DA EMBAIXADA DA BÉLGICA",-15.824528,-47.891972,true,"Operante","","","12/08/2025 10:00:00","12/08/2025 10:00:00","","100mm",""
"hid_553","1310","BSB00171","1310","BRASILIA","QUADRA 809 - SES - VIA L3 SUL (EMBAIXADA DE ISRAEL) - BRASILIA-DF","EM FRENTE AO LADO DIREITO DA EMBAIXADA DA ISRAEL","EM FRENTE AO LADO DIREITO DA EMBAIXADA DA ISRAEL",-15.828361,-47.896,true,"Operante","","","12/08/2025 08:30:00","12/08/2025 08:30:00","","100mm",""
"hid_554","1311","BSB00172","1311","BRASILIA","QUADRA 811 - SES - VIA L3 (EMBAIXADA DO JAPÃO / AUSTRIA) - BRASILIA-DF","EM FRENTE AO LADO DIREITO DA EMBAIXADA DO JAPÃO / FUNDOS DA EMBAIXADA DA ÁUSTRIA","EM FRENTE AO LADO DIREITO DA EMBAIXADA DO JAPÃO / FUNDOS DA EMBAIXADA DA ÁUSTRIA",-15.829694,-47.89725,true,"Operante","","","12/08/2025 08:00:00","12/08/2025 08:00:00","","100mm",""
"hid_555","1312","BSB00173","1312","BRASILIA","QUADRA 811 - SES (EMBAIXADA DA SUIÇA) BRASILIA-DF","VIA DE ACESSO A L3SUL EM FRENTE AO LADO DIREITO DA EMBAIXADA DA SUIÇA","VIA DE ACESSO A L3SUL EM FRENTE AO LADO DIREITO DA EMBAIXADA DA SUIÇA",-15.830889,-47.898472,true,"Operante","","","25/01/2026 22:06:00","25/01/2026 22:06:00","","100mm",""
"hid_556","1313","BSB00174","1313","BRASILIA","QUADRA 811 - SES - (EMBAIXADA DA ESPANHA / PERU) - BRASÍLIA-DF","ENTRE A EMBAIXADA DA ESPANHA / PERU","ENTRE A EMBAIXADA DA ESPANHA / PERU",-15.832278,-47.899944,true,"Operante","","","21/02/2025 08:51:00","21/02/2025 08:51:00","","100mm",""
"hid_557","1317","BSB00175","1317","BRASILIA","QUADRA 809 - SES - VIA L3 SUL (EMBAIXADA DA POLONIA / ISRAEL) - BRASILIA-DF","AREA VERDE / PROXIMO A EMBAIXADA DA PÔLONIA / ISRAEL","AREA VERDE / PROXIMO A EMBAIXADA DA PÔLONIA / ISRAEL",-15.82725,-47.894417,true,"Operante","","","12/08/2025 09:00:00","12/08/2025 09:00:00","","100mm",""
"hid_558","1319","BSB00176","1319","BRASILIA","EIXO MONUMENTAL - RODOVIÁRIA DO PLANO PILOTO - BRASILIA-DF","LADO DIREITO DA ENTRADA DA RODOVIÁRIA / ÁREA VERDE","LADO DIREITO DA ENTRADA DA RODOVIÁRIA / ÁREA VERDE",-15.793611,-47.881556,false,"Inoperante","HIDRANTE SOTERRADO","","27/01/2025 14:39:00","27/01/2025 14:39:00","","100mm",""
"hid_559","1320","BSB00177","1320","BRASILIA","EIXO MONUMENTAL - RODOVIÁRIA DO PLANO PILOTO - BRASILIA-DF","LADO ESQUERDO DA SAÍDA DA RODOVIÁRIA / ÁREA VERDE","LADO ESQUERDO DA SAÍDA DA RODOVIÁRIA / ÁREA VERDE",-15.794722,-47.881944,false,"Inoperante","HIDRANTE SOTERRADO","","27/01/2025 14:26:00","27/01/2025 14:26:00","","100mm",""
"hid_560","1321","BSB00178","1321","BRASILIA","EIXO MONUMENTAL - TORRE DE TV - BRASILIA-DF","EM FRENTE A TORRE DE TV","EM FRENTE A TORRE DE TV",-15.790222,-47.892917,true,"Operante","","","17/01/2025 12:42:00","17/01/2025 12:42:00","","100mm",""
"hid_561","1322","BSB00179","1322","BRASILIA","EIXO MONUMENTAL - SDC - CENTRO DE CONVENÇÕES - BRASILIA-DF","LATERAL DIREITA DO CENTRO DE CONVENÇÕES / LATERAL ESQUERDA DA PARADA DE ÔNIBUS","LATERAL DIREITA DO CENTRO DE CONVENÇÕES / LATERAL ESQUERDA DA PARADA DE ÔNIBUS",-15.790083,-47.900528,true,"Operante","","","16/09/2025 08:00:00","16/09/2025 08:00:00","","100mm",""
"hid_562","1325","BSB00180","1325","BRASILIA","EIXO MONUMENTAL - SDC - CENTRO DE CONVENÇÕES - BRASILIA-DF","LATERAL ESQUERDA DO CENTRO DE CONVENÇÕES / VIA N1","LATERAL ESQUERDA DO CENTRO DE CONVENÇÕES / VIA N1",-15.786833,-47.899306,true,"Operante","","","16/09/2025 08:30:00","16/09/2025 08:30:00","","100mm",""
"hid_563","1327","BSB00182","1327","BRASILIA","EIXO MONUMENTAL - MEMORIAL JK - BRASILIA-DF","LADO DIREITO DO MEMORIAL JK / NO GRAMADO","LADO DIREITO DO MEMORIAL JK / NO GRAMADO",-15.784917,-47.912889,false,"Inoperante","","","14/08/2025 09:00:00","14/08/2025 09:00:00","","100mm",""
"hid_564","1328","BSB00183","1328","BRASILIA","PFB - RODOFERROVIÁRIA - BRASILIA-DF","PROXIMO A EPIA - PISTA DE SAIDA DA RODOFERROVIÁRIA","PROXIMO A EPIA - PISTA DE SAIDA DA RODOFERROVIÁRIA",-15.775556,-47.939333,true,"Operante","","","25/01/2026 22:10:00","25/01/2026 22:10:00","","100mm",""
"hid_565","1360","BSB00184","1360","BRASILIA","SHIGS 710 BLOCO 'M' CASA 64 - BRASÍLIA-DF","EM FRENTE AO BLOCO M CASA 64","EM FRENTE AO BLOCO M CASA 64",-15.813278,-47.911917,true,"Operante","","","23/09/2025 08:00:00","23/09/2025 08:00:00","","100mm",""
"hid_566","1361","BSB00185","1361","BRASILIA","SHIGS 710 BLOCO 'F' CASA 04 - BRASÍLIA-DF","BLOCO F CASA 04","BLOCO F CASA 04",-15.814417,-47.913583,true,"Operante","","","23/09/2025 08:30:00","23/09/2025 08:30:00","","100mm",""
"hid_567","1362","BSB00186","1362","BRASILIA","SHIGS 711 BLOCO 'H' CASA 63 - BRASÍLIA-DF","BLOCO H CASA 63","BLOCO H CASA 63",-15.815472,-47.915028,true,"Operante","","","23/09/2025 09:00:00","23/09/2025 09:00:00","","100mm",""
"hid_568","1364","BSB00188","1364","BRASILIA","SQS 712/912","BLOCO ""N"" CASA 63/CLUBE PREVIDENC.","BLOCO ""N"" CASA 63/CLUBE PREVIDENC.",-15.817833,-47.918167,true,"Operante","","","07/01/2025 09:40:00","07/01/2025 09:40:00","","100mm",""
"hid_569","1366","BSB00190","1366","BRASILIA","SHIGS 713 BLOCO N CASA 63 BRASÍLIA-DF","FRENTE AO IPHAN SEDE","FRENTE AO IPHAN SEDE",-15.819778,-47.920972,true,"Operante","","","23/09/2025 09:30:00","23/09/2025 09:30:00","","100mm",""
"hid_570","1367","BSB00191","1367","BRASILIA","SHIGS 713 BLOCO 'V' - BRASÍLIA-DF","EM FRENTE AO BLOCO V","EM FRENTE AO BLOCO V",-15.820861,-47.922389,true,"Operante","","","23/09/2025 10:00:00","23/09/2025 10:00:00","","100mm",""
"hid_571","1368","BSB00192","1368","BRASILIA","SHIGS 714 BLOCO 'H' - BRASÍLIA-DF","EM FRENTE AO BLOCO H","EM FRENTE AO BLOCO H",-15.822028,-47.924,true,"Operante","","","23/09/2025 11:00:00","23/09/2025 11:00:00","","100mm",""
"hid_572","1369","BSB00193","1369","BRASILIA","SHIGS 714 BLOCO 'S' - BRASÍLIA-DF","EM FRENTE AO BLOCO ""S""","EM FRENTE AO BLOCO ""S""",-15.823194,-47.925611,true,"Operante","","","17/03/2026 20:18:00","17/03/2026 20:18:00","","100mm",""
"hid_573","1370","BSB00194","1370","BRASILIA","SGAS 602 L2 SUL - BRASÍLIA-DF","CANTEIRO CENTRAL EM FRENTE AO CESAS GDF","CANTEIRO CENTRAL EM FRENTE AO CESAS GDF",-15.808722,-47.882972,true,"Operante","","","06/08/2025 10:00:00","06/08/2025 10:00:00","","100mm",""
"hid_574","1371","BSB00195","1371","BRASILIA","SGAS 604 L2 SUL - BRASILIA-DF","FRENTE A PROCURADORIA GERAL DA REPUBLICA","FRENTE A PROCURADORIA GERAL DA REPUBLICA",-15.812639,-47.886194,true,"Operante","","","06/08/2025 09:30:00","06/08/2025 09:30:00","","100mm",""
"hid_575","1372","BSB00196","1372","BRASILIA","SGAS 605 L2 SUL, BRASÍLIA-DF","EM FRENTE AO MEC ETREMEC","EM FRENTE AO MEC ETREMEC",-15.8145,-47.887917,true,"Operante","","","11/08/2025 12:30:00","11/08/2025 12:30:00","","100mm",""
"hid_576","1373","BSB00197","1373","BRASILIA","SGAS 605 EAB - L2 SUL","NA VIA L2 CANTEIRO CENTRAL","NA VIA L2 CANTEIRO CENTRAL",-15.816222,-47.889778,true,"Operante","","","23/09/2025 12:30:00","23/09/2025 12:30:00","","100mm",""
"hid_577","1374","BSB00198","1374","BRASILIA","Via S2, 4 - Brasília, DF, Brasil","LADO DIREITO DA NUNCIATURA APOSTOLICA","LADO DIREITO DA NUNCIATURA APOSTOLICA",-15.800111,-47.873917,true,"Operante","","","06/08/2025 09:00:00","06/08/2025 09:00:00","","100mm",""
"hid_578","1375","BSB00199","1375","BRASILIA","Ses 801, 1 - Brasília, DF, Brasil","NUNCIATURA APOSTOLICA FRENTE LADO ESQUERDO","NUNCIATURA APOSTOLICA FRENTE LADO ESQUERDO",-15.801417,-47.874417,true,"Operante","","","06/08/2025 08:30:00","06/08/2025 08:30:00","","100mm",""
"hid_579","1376","BSB00200","1376","BRASILIA","Ses 801, 1 - Brasília, DF, Brasil","FRENTE A CONFEDERAÇÃO NACIONAL DOS BISPOS DO BRASIL","FRENTE A CONFEDERAÇÃO NACIONAL DOS BISPOS DO BRASIL",-15.802194,-47.874667,true,"Operante","","","06/08/2025 08:00:00","06/08/2025 08:00:00","","100mm",""
"hid_580","1378","BSB00202","1378","BRASILIA","SES - QD 801- BRASÍLIA DF","EMBAIXADA DA FRANÇA","EMBAIXADA DA FRANÇA",-15.805306,-47.874389,true,"Operante","","","07/08/2025 08:00:00","07/08/2025 08:00:00","","100mm",""
"hid_581","1379","BSB00203","1379","BRASILIA","Unnamed Road - Brasília, DF, Brasil","FUNDOS DA EMBAIXADA DA AFRICA DO SUL","FUNDOS DA EMBAIXADA DA AFRICA DO SUL",-15.806806,-47.875056,true,"Operante","","","07/08/2025 12:00:00","07/08/2025 12:00:00","","100mm",""
"hid_582","1380","BSB00204","1380","BRASILIA","Unnamed Road - Brasília, DF, Brasil","EMBAIXADA DO REINO UNIDO","EMBAIXADA DO REINO UNIDO",-15.808417,-47.875639,true,"Operante","","","07/08/2025 09:00:00","07/08/2025 09:00:00","","100mm",""
"hid_583","1381","BSB00205","1381","BRASILIA","Rua - SGAS II St. de Grandes Áreas Sul 602 - Brasília, DF, Brasil","EMBAIXADA DA COLOMBIA","EMBAIXADA DA COLOMBIA",-15.809222,-47.879028,true,"Operante","","","07/08/2025 09:30:00","07/08/2025 09:30:00","","100mm",""
"hid_584","1382","BSB00206","1382","BRASILIA","Rua - SGAS II St. de Grandes Áreas Sul 602 - Brasília, DF, Brasil","EM FRENTE AO LADO DIREITO DA EMBAIXADA DA ARGENTINA","EM FRENTE AO LADO DIREITO DA EMBAIXADA DA ARGENTINA",-15.811,-47.879611,true,"Operante","","","07/08/2025 10:00:00","07/08/2025 10:00:00","","100mm",""
"hid_585","1383","BSB00207","1383","BRASILIA","SGAS Q 803 - BRASÍLIA-DF","EM FRENTE AO LADO ESQUERDO DA EMBAIXADA DO SÉRVIA","EM FRENTE AO LADO ESQUERDO DA EMBAIXADA DO SÉRVIA",-15.814361,-47.880778,true,"Operante","","","07/08/2025 11:00:00","07/08/2025 11:00:00","","100mm",""
"hid_586","1385","BSB00209","1385","BRASILIA","SES 805, LADO DIREITO DA EMBAIXADA REP. TCHECA. BRASÍLIA-DF","FRENTE AO LADO DIREITO DA EMBAIXADA REP. TCHECA","FRENTE AO LADO DIREITO DA EMBAIXADA REP. TCHECA",-15.816306,-47.88725,true,"Operante","","","13/11/2024 15:37:00","13/11/2024 15:37:00","","100mm",""
"hid_587","1388","BSB00211","1388","BRASILIA","SHIGS 704, BLOCO ""F"" CASA 68. BRASÍLIA-DF","BLOCO ""F"" CASA 04 / PROX. AEUDF","BLOCO ""F"" CASA 04 / PROX. AEUDF",-15.802472,-47.899,true,"Operante","","","14/05/2025 08:00:00","14/05/2025 08:00:00","","100mm",""
"hid_588","1389","BSB00212","1389","BRASILIA","SHIGS 704, BLOCO ""R"" CASA 68. BRASÍLIA-DF","BLOCO ""R"" CASA 68","BLOCO ""R"" CASA 68",-15.804139,-47.9005,true,"Operante","","","14/05/2025 07:30:00","14/05/2025 07:30:00","","100mm",""
"hid_589","1390","BSB00213","1390","BRASILIA","SHIGS 705, BLOCO 'L' CASA 44. BRASÍLIA-DF","VIA W4 / FRENTE AO BLOCO 'L'","VIA W4 / FRENTE AO BLOCO 'L'",-15.805222,-47.901694,true,"Operante","","","25/09/2025 08:00:00","25/09/2025 08:00:00","","100mm",""
"hid_590","1391","BSB00214","1391","BRASILIA","SHIGS 705 BLOCO 'F' CASA 10 - BRASÍLIA-DF","VIA W4 / FRENTE AO BLOCO ""F"" CASA 10","VIA W4 / FRENTE AO BLOCO ""F"" CASA 10",-15.8065,-47.903028,true,"Operante","","","25/09/2025 08:30:00","25/09/2025 08:30:00","","100mm",""
"hid_591","1392","BSB00215","1392","BRASILIA","SHIGS 706 BLOCO 'R' CASA 60 - BRASÍLIA-DF","VIA W4 / FRENTE AO BLOCO 'R' CASA 60","VIA W4 / FRENTE AO BLOCO 'R' CASA 60",-15.807889,-47.904639,true,"Operante","","","25/09/2025 09:00:00","25/09/2025 09:00:00","","100mm",""
"hid_592","1393","BSB00216","1393","BRASILIA","SHIGS 707 BLOCO 'L' CASA 80 - BRASÍLIA-DF","VIA W4 / FRENTE AO BLOCO ""L"" CASA 80","VIA W4 / FRENTE AO BLOCO ""L"" CASA 80",-15.809,-47.906083,true,"Operante","","","25/09/2025 10:00:00","25/09/2025 10:00:00","","100mm",""
"hid_593","1394","BSB00217","1394","BRASILIA","SHIGS 708 BLOCO 'C' CASA 63 - BRASÍLIA-DF","VIA W4 / FRENTE ALIANÇA FRANCESA","VIA W4 / FRENTE ALIANÇA FRANCESA",-15.810056,-47.907389,true,"Operante","","","25/09/2025 10:30:00","25/09/2025 10:30:00","","100mm",""
"hid_594","1427","SO200004","1427","SOBRADINHO II","Sh Mansões Sobradinho/Condomínio Mini-Chácaras Es 6A - Sobradinho, Brasília - DF, Brasil","ESCOLA JARDIM DO EDEN, CANTEIRO CENTRAL","ESCOLA JARDIM DO EDEN, CANTEIRO CENTRAL",-15.638083,-47.839583,false,"Inoperante","REGISTRO SOTERRADO; TAMPA DE CONCRETO QUEBRADA OU REMOVIDA","","01/04/2025 14:30:00","01/04/2025 14:30:00","","100mm",""
"hid_595","1428","SO200005","1428","SOBRADINHO II","DF-150, km 14 - Sobradinho II, AO LADO DO VIADUTO SAIDA DE SOBRADINHO II SENTIDO FERCAL","ESTAÇÃO DA CEB - DF-150 km 14 - AO LADO DO VIADUTO SAIDA DE SOBRADINHO II SENTIDO FERCAL","ESTAÇÃO DA CEB - DF-150 km 14 - AO LADO DO VIADUTO SAIDA DE SOBRADINHO II SENTIDO FERCAL",-15.637194,-47.851,true,"Operante","","","01/04/2025 14:00:00","01/04/2025 14:00:00","","100mm",""
"hid_596","1429","SOB00015","1429","SOBRADINHO","St. Administrativo Q 2 Q Central Central Conjunto C D1 - Sobradinho, Brasília - DF, Brasil","FRENT E AO 22º GBM","FRENT E AO 22º GBM",-15.652944,-47.791583,true,"Operante","","","10/07/2025 10:30:00","10/07/2025 10:30:00","","100mm",""
"hid_597","1433","SOB00016","1433","SOBRADINHO","Sh Boa Vista/Condomínio Império dos Nobres Q 1 CM2 - Sobradinho, Brasília - DF, Brasil","FUNDO DA MARCENARIA RAMATA","FUNDO DA MARCENARIA RAMATA",-15.680944,-47.832556,true,"Operante","","","12/01/2026 16:05:00","12/01/2026 16:05:00","","100mm",""
"hid_598","1434","SOB00017","1434","SOBRADINHO","Sh Boa Vista/Condomínio Império dos Nobres Q 1 CM1 - Vila Planalto Q 1 - Sobradinho, Brasília - DF, Brasil","BRASILIA GRILL","BRASILIA GRILL",-15.682056,-47.836222,false,"Inoperante","FALTA TAMPÃO DE 2.1/2""","","12/01/2026 16:00:00","12/01/2026 16:00:00","","100mm",""
"hid_599","1443","BSB00218","1443","BRASILIA","SGAS 907 / ESCOLA NORMAL - BRASÍLIA-DF","VIA W5 / FRENTE AO LADO ESQUERDO DA ESCOLA NORMAL","VIA W5 / FRENTE AO LADO ESQUERDO DA ESCOLA NORMAL",-15.807333,-47.906667,true,"Operante","","","07/01/2025 13:20:00","07/01/2025 13:20:00","","100mm",""
"hid_600","1444","BSB00219","1444","BRASILIA","SGAS 907 / ESCOLA NORMAL - BRASÍLIA-DF","VIA W5 / FRENTE A ESCOLA NORMAL","VIA W5 / FRENTE A ESCOLA NORMAL",-15.806417,-47.907361,true,"Operante","","","07/01/2025 13:40:00","07/01/2025 13:40:00","","100mm",""
"hid_601","1446","BSB00221","1446","BRASILIA","SGAS 907 / CENTRO INTEGRADO DE EDUCAÇÃO FÍSICA CIEF - BRASÍLIA-DF","VIA W5 / FRENTE AO CIEF","VIA W5 / FRENTE AO CIEF",-15.806417,-47.909528,true,"Operante","","","07/01/2025 13:00:00","07/01/2025 13:00:00","","100mm",""
"hid_602","1448","BSB00223","1448","BRASILIA","SGAS 907 / COLÉGIO ELEFANTE BRANCO - BRASÍLIA-DF","VIA W5 / EM FRENTE AO LADO DIREITO DO ESTACIONAMENTO DO CEB","VIA W5 / EM FRENTE AO LADO DIREITO DO ESTACIONAMENTO DO CEB",-15.808,-47.908889,true,"Operante","","","07/01/2025 12:40:00","07/01/2025 12:40:00","","100mm",""
"hid_603","1449","BSB00224","1449","BRASILIA","SGAS 907 / COLÉGIO ELEFANTE BRANCO - BRASÍLIA-DF","VIA W5 / FRENTE AO CEB","VIA W5 / FRENTE AO CEB",-15.809389,-47.909167,true,"Operante","","","07/01/2025 11:00:00","07/01/2025 11:00:00","","100mm",""
"hid_604","1450","BSB00225","1450","BRASILIA","SGAS 908 / PARÓQUIA SÃO JUDAS TADEU - BRASÍLIA-DF","VIA W5 / FRENTE A PARÓQUIA SÃO JUDAS TADEU","VIA W5 / FRENTE A PARÓQUIA SÃO JUDAS TADEU",-15.810583,-47.910722,true,"Operante","","","07/01/2025 10:40:00","07/01/2025 10:40:00","","100mm",""
"hid_605","1463","BSB00226","1463","BRASILIA","SHLS 716 - BRASÍLIA-DF","FRENTE A CLÍNICA DA MAMA / CENTRO CLÍNICO SUL","FRENTE A CLÍNICA DA MAMA / CENTRO CLÍNICO SUL",-15.826417,-47.928583,true,"Operante","","","19/01/2026 15:22:00","19/01/2026 15:22:00","","100mm",""
"hid_606","1469","BSB00227","1469","BRASILIA","SGAS 909 LOTE 29 - BRASÍLIA-DF","FRENTE AO GRUPO ASSISTENCIAL EDUCACIONAL ESPÍRITA","FRENTE AO GRUPO ASSISTENCIAL EDUCACIONAL ESPÍRITA",-15.812306,-47.911722,true,"Operante","","","07/01/2025 10:20:00","07/01/2025 10:20:00","","100mm",""
"hid_607","1470","BSB00228","1470","BRASILIA","SGAS 910 CONJUNTO 'B' - BRASÍLIA-DF","FRENTE AO ESTACIONAMENTO ROTATIVO GRANPARK","FRENTE AO ESTACIONAMENTO ROTATIVO GRANPARK",-15.813194,-47.912889,true,"Operante","","","07/01/2025 10:00:00","07/01/2025 10:00:00","","100mm",""
"hid_608","1472","BSB00229","1472","BRASILIA","SGAS 913 - BRASÍLIA-DF","LOJA MAÇONICA GRANDE ORIENTE DO BRASIL","LOJA MAÇONICA GRANDE ORIENTE DO BRASIL",-15.821,-47.923806,true,"Operante","","","07/01/2025 09:20:00","07/01/2025 09:20:00","","100mm",""
"hid_609","1473","BSB00230","1473","BRASILIA","SQS 302 BLOCO 'I' - BRASÍLIA-DF","FUNDOS AO LADO ESQUERDO DO BLOCO I","FUNDOS AO LADO ESQUERDO DO BLOCO I",-15.800833,-47.892167,true,"Operante","","","09/07/2025 09:00:00","09/07/2025 09:00:00","","100mm",""
"hid_610","1474","BSB00231","1474","BRASILIA","SES QUADRA 813 - EMBAIXADA DA CHINA - BRASÍLIA-DF","NA L3 EM FRENTE AO LADO DIREITO À 55 METROS DA EMBAIXADA DA CHINA / AREA VERDE / TERRENO BALDIO","NA L3 EM FRENTE AO LADO DIREITO À 55 METROS DA EMBAIXADA DA CHINA / AREA VERDE / TERRENO BALDIO",-15.836806,-47.9045,true,"Operante","","","19/12/2025 12:09:00","19/12/2025 12:09:00","","100mm",""
"hid_611","1476","BSB00233","1476","BRASILIA","SES QUADRA 813 - EMBAIXADA DA CHINA - BRASÍLIA-DF","EMBAIXADA DA CHINA - TERRENO BALDIO","EMBAIXADA DA CHINA - TERRENO BALDIO",-15.8355,-47.903083,true,"Operante","","","19/12/2025 12:10:00","19/12/2025 12:10:00","","100mm",""
"hid_612","1504","BSB00236","1504","BRASILIA","SPO - SETOR POLICIAL SUL (ÁREA ESPECIAL 04) - BRASÍLIA-DF","FRENTE AO LADO ESQUERDO DO QCG DA PMDF","FRENTE AO LADO ESQUERDO DO QCG DA PMDF",-15.822861,-47.936444,true,"Operante","","","17/07/2025 10:00:00","17/07/2025 10:00:00","","100mm",""
"hid_613","1505","BSB00237","1505","BRASILIA","SPO - SETOR POLICIAL SUL - ABIN - BRASÍLIA-DF","FRENTE AO LADO DIREITO ENTRADA DA ABIN","FRENTE AO LADO DIREITO ENTRADA DA ABIN",-15.82225,-47.936528,true,"Operante","","","19/01/2026 15:03:00","19/01/2026 15:03:00","","100mm",""
"hid_614","1506","BSB00238","1506","BRASILIA","SPO - SETOR POLICIAL SUL - ABIN - BRASÍLIA-DF","Via de acesso EPPM - Entre os Blocos ""E/F"" - Próximo ao auditório da ABIN","Via de acesso EPPM - Entre os Blocos ""E/F"" - Próximo ao auditório da ABIN",-15.821833,-47.939583,true,"Operante","","","10/01/2025 10:34:00","10/01/2025 10:34:00","","100mm",""
"hid_615","1507","BSB00239","1507","BRASILIA","SPO - SETOR POLICIAL SUL - ABIN - BRASÍLIA-DF","Via de acesso EPPM - No estacionamento do Bl. ""K"" da ABIN","Via de acesso EPPM - No estacionamento do Bl. ""K"" da ABIN",-15.822333,-47.9405,true,"Operante","","","10/01/2025 10:32:00","10/01/2025 10:32:00","","100mm",""
"hid_616","1508","BSB00240","1508","BRASILIA","SPO - SETOR POLICIAL SUL - ABIN - BRASÍLIA-DF","Via de acesso EPPM -Próx. ao Blocos ""O/P"" no estacionamento/refeitório da ABIN","Via de acesso EPPM -Próx. ao Blocos ""O/P"" no estacionamento/refeitório da ABIN",-15.820861,-47.94175,true,"Operante","","","10/01/2025 10:32:00","10/01/2025 10:32:00","","100mm",""
"hid_617","1509","BSB00241","1509","BRASILIA","SPO - SETOR POLICIAL SUL - ABIN - BRASÍLIA-DF","Via de acesso EPPM - Em frente ao lado direito do Bloco ""A"" - ABIN","Via de acesso EPPM - Em frente ao lado direito do Bloco ""A"" - ABIN",-15.819722,-47.939889,true,"Operante","","","19/01/2026 15:02:00","19/01/2026 15:02:00","","100mm",""
"hid_618","1510","BSB00242","1510","BRASILIA","SPO - SETOR POLICIAL SUL - ABIN - BRASÍLIA-DF","Via de acesso EPPM - Lateral esquerda do Bloco ""A"" - ABIN","Via de acesso EPPM - Lateral esquerda do Bloco ""A"" - ABIN",-15.820389,-47.939333,true,"Operante","","","10/01/2025 10:44:00","10/01/2025 10:44:00","","100mm",""
"hid_619","1511","BSB00243","1511","BRASILIA","SPO - SETOR POLICIAL SUL - ABIN - BRASÍLIA-DF","Via de acesso EPPM - Próx. BL ""J""","Via de acesso EPPM - Próx. BL ""J""",-15.825528,-47.942889,true,"Operante","","","10/01/2025 10:51:00","10/01/2025 10:51:00","","100mm",""
"hid_620","1512","BSB00244","1512","BRASILIA","SPO - ÁREA ESPECIAL 5 QD. 03 BLOCO 'A' - ANA - BRASÍLIA-DF","Via de acesso EPPM - Fundos Bloco ""A"" / Agência Espacial Brasileira","Via de acesso EPPM - Fundos Bloco ""A"" / Agência Espacial Brasileira",-15.815722,-47.943556,true,"Operante","","","19/12/2025 12:11:00","19/12/2025 12:11:00","","100mm",""
"hid_621","1513","BSB00245","1513","BRASILIA","SPO - ÁREA ESPECIAL 5 QD. 03 BLOCO 'L' - ANA - BRASÍLIA-DF","Via de acesso EPPM - Lateral direita do Bloco ""L"" - ANA","Via de acesso EPPM - Lateral direita do Bloco ""L"" - ANA",-15.81675,-47.945139,true,"Operante","","","21/08/2025 08:00:00","21/08/2025 08:00:00","","100mm",""
"hid_622","1514","BSB00246","1514","BRASILIA","SPO - ÁREA ESPECIAL 5 QD. 03 BLOCO 'J' - ANA - BRASÍLIA-DF","Via de acesso EPPM - Lateral direita do estacionamento do Bloco ""J"" - ANA","Via de acesso EPPM - Lateral direita do estacionamento do Bloco ""J"" - ANA",-15.818306,-47.943972,false,"Inoperante","FALTA CABEÇOTE DA HASTE DO REGISTRO (LUVA); REGISTRO EMPERRADO","","09/01/2025 09:36:00","09/01/2025 09:36:00","","100mm",""
"hid_623","1515","BSB00247","1515","BRASILIA","SPO - ÁREA ESPECIAL 5 QD. 03 BLOCO 'B' - ANA - BRASÍLIA-DF","Via de acesso EPPM - Lateral esquerda do Bloco ""B"" - ANA","Via de acesso EPPM - Lateral esquerda do Bloco ""B"" - ANA",-15.817278,-47.942528,false,"Inoperante","FALTA CABEÇOTE DA HASTE DO REGISTRO (LUVA); HIDRANTE SEM ÁGUA","","09/01/2025 10:03:00","09/01/2025 10:03:00","","100mm",""
"hid_624","1516","BSB00248","1516","BRASILIA","SPO - ÁREA ESPECIAL 5 QD. 03 BLOCO 'T' - ANA - BRASÍLIA-DF","Via de acesso EPPM - Lateral esquerda do Bloco ""T"" - ANA","Via de acesso EPPM - Lateral esquerda do Bloco ""T"" - ANA",-15.819694,-47.945139,false,"Inoperante","FALTA CABEÇOTE DA HASTE DO REGISTRO (LUVA); HIDRANTE SEM ÁGUA","","09/01/2025 09:37:00","09/01/2025 09:37:00","","100mm",""
"hid_625","1517","BSB00249","1517","BRASILIA","SPO - ÁREA ESPECIAL 3 QD. 04 BLOCO A - POLICLÍNICA DO CBMDF - BRASÍLIA-DF","Via de acesso EPPM - Em frente ao lado esquerdo da Odontologia da Policlínica do CBMDF/Mastro da Bandeira.","Via de acesso EPPM - Em frente ao lado esquerdo da Odontologia da Policlínica do CBMDF/Mastro da Bandeira.",-15.83325,-47.934778,true,"Operante","","","09/01/2025 11:29:00","09/01/2025 11:29:00","","100mm",""
"hid_626","1521","BSB00252","1521","BRASILIA","Estr. Parque das Nações (Via L4) BRASÍLIA-DF","EMBAIXADA DO IRAQUE/ AREA VERDE","EMBAIXADA DO IRAQUE/ AREA VERDE",-15.839972,-47.914111,true,"Operante","","","25/01/2026 22:05:00","25/01/2026 22:05:00","","100mm",""
"hid_627","1522","BSB00253","1522","BRASILIA","Estr. Parque das Nações (Via L4) BRASÍLIA-DF","EM FRENTE AO LADO ESQUERDO DA EMBAIXADA DO IRAQUE","EM FRENTE AO LADO ESQUERDO DA EMBAIXADA DO IRAQUE",-15.843194,-47.918389,true,"Operante","","","17/09/2025 11:00:00","17/09/2025 11:00:00","","100mm",""
"hid_628","1523","BSB00254","1523","BRASILIA","Estr. Parque das Nações (Via L4) BRASÍLIA-DF","EM FRENTE AO LADO DIREITO DA EMBAIXADA DO IRAQUE - TERRENO BALDIO","EM FRENTE AO LADO DIREITO DA EMBAIXADA DO IRAQUE - TERRENO BALDIO",-15.841111,-47.915667,true,"Operante","","","25/01/2026 22:05:00","25/01/2026 22:05:00","","100mm",""
"hid_629","1524","BSB00255","1524","BRASILIA","Estr. Parque das Nações (Via L4), 5 - Brasília, DF, Brasil","LATERAL ESQUERDA DO PREDIO DA ADM. DO ETE EB SUL/CAESB","LATERAL ESQUERDA DO PREDIO DA ADM. DO ETE EB SUL/CAESB",-15.843861,-47.91025,true,"Operante","","","21/08/2025 08:30:00","21/08/2025 08:30:00","","100mm",""
"hid_630","1525","BSB00256","1525","BRASILIA","SCES TRECHO 1 LOTE 07 - BRASÍLIA DF","EM FRENTE AO CLUBE ASSEFE","EM FRENTE AO CLUBE ASSEFE",-15.822222,-47.883556,false,"Inoperante","HIDRANTE SEM ÁGUA","","22/08/2025 09:00:00","22/08/2025 09:00:00","","100mm",""
"hid_631","1526","BSB00257","1526","BRASILIA","SCES TRECHO 02 - BRASÍLIA DF","EM FRENTE AO LADO ESQUERDO DO CENTRO DE TREINAMENTO DO ASBAC","EM FRENTE AO LADO ESQUERDO DO CENTRO DE TREINAMENTO DO ASBAC",-15.81725,-47.868139,true,"Operante","","","21/08/2025 09:30:00","21/08/2025 09:30:00","","100mm",""
"hid_632","1527","BSB00258","1527","BRASILIA","SCES TRECHO 02 - BRASÍLIA DF","ASBAC","ASBAC",-15.818667,-47.870722,true,"Operante","","","21/08/2025 10:00:00","21/08/2025 10:00:00","","100mm",""
"hid_633","1529","BSB00260","1529","BRASILIA","SCES TRECHO 02 - BRASÍLIA DF","FRENTE AO RESTAURANTE DA ASBAC","FRENTE AO RESTAURANTE DA ASBAC",-15.818917,-47.870306,true,"Operante","PINTAR HIDRANTE (COR ATUAL - AMARELO); TIPO DE CAIXA DO REGISTRO DE HIDRANTE DE PLACAS DE CONCRETO","","15/02/2024 00:00:00","15/02/2024 00:00:00","","100mm",""
"hid_634","1531","BSB00261","1531","BRASILIA","SCES TRECHO 02 - BRASÍLIA DF","EM FRENTE AO CLUBE DO EXERCITO","EM FRENTE AO CLUBE DO EXERCITO",-15.816528,-47.863083,true,"Operante","","","19/01/2026 15:22:00","19/01/2026 15:22:00","","100mm",""
"hid_635","1532","BSB00262","1532","BRASILIA","SCES TRECHO 02 - BRASÍLIA DF","","",-15.815556,-47.856833,true,"Operante","","","21/08/2025 10:30:00","21/08/2025 10:30:00","","100mm",""
"hid_636","1533","BSB00263","1533","BRASILIA","SCES TRECHO 02 - BRASÍLIA DF","CLUBE NAVAL","CLUBE NAVAL",-15.815056,-47.853667,true,"Operante","","","21/08/2025 12:00:00","21/08/2025 12:00:00","","100mm",""
"hid_637","1534","BSB00264","1534","BRASILIA","SCES TRECHO 04 - BRASÍLIA DF","PORTARIA DO CLUBE DAS NAÇÕES","PORTARIA DO CLUBE DAS NAÇÕES",-15.808694,-47.831556,true,"Operante","","","11/08/2025 12:00:00","11/08/2025 12:00:00","","100mm",""
"hid_638","1535","BSB00265","1535","BRASILIA","SCLS 102 BL. 'D' LOJA 35 - BRASÍLIA DF","FRENTE AMOWAY","FRENTE AMOWAY",-15.80175,-47.89,true,"Operante","","","24/01/2025 07:45:00","24/01/2025 07:45:00","","100mm",""
"hid_639","1536","BSB00266","1536","BRASILIA","SQS 103 BLOCO 'K' - BRASÍLIA DF","FRENTE AO BLOCO K","FRENTE AO BLOCO K",-15.806278,-47.891444,true,"Operante","","","05/08/2025 09:00:00","05/08/2025 09:00:00","","100mm",""
"hid_640","1537","BSB00267","1537","BRASILIA","SQS 104 BLOCO 'E' - BRASÍLIA DF","LADO ESQUERDO DO BLOCO E","LADO ESQUERDO DO BLOCO E",-15.80775,-47.893667,true,"Operante","","","16/05/2025 09:00:00","16/05/2025 09:00:00","","100mm",""
"hid_641","1538","BSB00268","1538","BRASILIA","SQS 104 BLOCO 'C/F' - BRASÍLIA DF","BANCA DE JORNAL/REVISTA","BANCA DE JORNAL/REVISTA",-15.808222,-47.89425,true,"Operante","","","16/05/2025 12:30:00","16/05/2025 12:30:00","","100mm",""
"hid_642","1539","BSB00269","1539","BRASILIA","SQS 104 BLOCO 'I' - BRASÍLIA DF","FRENTE AO PARQUE INFANTIL","FRENTE AO PARQUE INFANTIL",-15.808778,-47.893778,true,"Operante","","","16/05/2025 08:30:00","16/05/2025 08:30:00","","100mm",""
"hid_643","1540","BSB00270","1540","BRASILIA","SQS 105 BLOCO 'B' - BRASÍLIA DF","FRENTE AO BLOCO 'B'","FRENTE AO BLOCO 'B'",-15.810806,-47.897167,false,"Inoperante","","","19/05/2025 13:00:00","19/05/2025 13:00:00","","100mm",""
"hid_644","1541","BSB00271","1541","BRASILIA","SQS 105 BLOCO 'E' - BRASÍLIA DF","FUNDOS DO BLOCO 'E'","FUNDOS DO BLOCO 'E'",-15.811278,-47.896333,true,"Operante","","","19/05/2025 12:30:00","19/05/2025 12:30:00","","100mm",""
"hid_645","1542","BSB00272","1542","BRASILIA","SQS 105 BLOCO 'H' - BRASÍLIA DF","FRENTE DO BLOCO 'H'","FRENTE DO BLOCO 'H'",-15.810194,-47.895694,true,"Operante","","","16/05/2025 08:00:00","16/05/2025 08:00:00","","100mm",""
"hid_646","1543","BSB00273","1543","BRASILIA","SQS 106 BLOCO 'E' - BRASÍLIA DF","DIREITA DO BLOCO 'E'","DIREITA DO BLOCO 'E'",-15.812222,-47.898639,true,"Operante","","","05/08/2025 07:30:00","05/08/2025 07:30:00","","100mm",""
"hid_647","1544","BSB00274","1544","BRASILIA","SQS 106 BLOCO 'I' - BRASÍLIA DF","ESQUERDA DO BLOCO 'I' - PROX. PLAY GROUND","ESQUERDA DO BLOCO 'I' - PROX. PLAY GROUND",-15.813028,-47.898222,true,"Operante","","","17/06/2025 12:30:00","17/06/2025 12:30:00","","100mm",""
"hid_648","1545","BSB00275","1545","BRASILIA","SQS 106 BLOCO 'F' - BRASÍLIA DF","FRENTE AO BLOCO 'F'","FRENTE AO BLOCO 'F'",-15.812722,-47.899194,true,"Operante","","","30/06/2025 08:00:00","30/06/2025 08:00:00","","100mm",""
"hid_649","1546","BSB00276","1546","BRASILIA","SQS 106 BLOCO 'H' - BRASÍLIA DF","LATERAL DIREITA DO CINE BRASILIA","LATERAL DIREITA DO CINE BRASILIA",-15.813917,-47.899222,true,"Operante","","","20/05/2025 10:00:00","20/05/2025 10:00:00","","100mm",""
"hid_650","1547","BSB00277","1547","BRASILIA","SQS 107 BLOCO 'I' - BRASÍLIA DF","FRENTE AO BLOCO 'I'","FRENTE AO BLOCO 'I'",-15.813917,-47.900611,false,"Inoperante","CAIXA DE REGISTRO DE HIDRANTE SOTERRADA (IMPEDITIVO) ; PINTAR HIDRANTE (COR ATUAL - AMARELO)","","02/01/2024 00:00:00","02/01/2024 00:00:00","","100mm",""
"hid_651","1548","BSB00278","1548","BRASILIA","SQS 107 BLOCO 'E' - BRASÍLIA DF","LATERAL DO BLOCO 'E'","LATERAL DO BLOCO 'E'",-15.815389,-47.900944,true,"Operante","","","20/05/2025 08:30:00","20/05/2025 08:30:00","","100mm",""
"hid_652","1549","BSB00279","1549","BRASILIA","SPS - ÁREA ESPECIAL 16 BLOCO A - 15º GBM BRASÍLIA-DF","Via de acesso EPPM - Dentro do 15º GBM - CBMDF/Em frente à Quadra de Esporte","Via de acesso EPPM - Dentro do 15º GBM - CBMDF/Em frente à Quadra de Esporte",-15.831861,-47.92975,true,"Operante","","","17/09/2025 09:00:00","17/09/2025 09:00:00","","100mm",""
"hid_653","1552","BSB00281","1552","BRASILIA","SPO - SAIS - ÁREA ESPECIAL 04 LOTE 05 BRASÍLIA-DF","FUNDOS DA DIRETÓRIA DE SAÚDE DO CBMDF","FUNDOS DA DIRETÓRIA DE SAÚDE DO CBMDF",-15.831575,-47.935557,true,"Operante","FALTA CABEÇOTE DA HASTE DO REGISTRO (LUVA)","","09/01/2025 11:12:00","09/01/2025 11:12:00","","100mm",""
"hid_654","1553","BSB00282","1553","BRASILIA","SPO/SAIS - ÁREA ESPECIAL 03 QD 04 L0TE 05 - (CETOP) CBMDF BRASÍLIA-DF","LATERAL ESQUERDA DA TORRE DE TREINAMENTO","LATERAL ESQUERDA DA TORRE DE TREINAMENTO",-15.83475,-47.936444,true,"Operante","","","19/01/2026 15:21:00","19/01/2026 15:21:00","","100mm",""
"hid_655","1554","BSB00283","1554","BRASILIA","SPO/SAIS - ÁREA ESPECIAL 03 QD 04 L0TE 05 - (CETOP) CBMDF BRASÍLIA-DF","FUNDOS LADO DIREITO DA TORRE DE TREINAMENTO","FUNDOS LADO DIREITO DA TORRE DE TREINAMENTO",-15.835472,-47.937583,true,"Operante","","","10/01/2025 09:32:00","10/01/2025 09:32:00","","100mm",""
"hid_656","1555","BSB00284","1555","BRASILIA","SIG / SHSW QUADRA 03 LOTE 87 BRASÍLIA-DF","EM FRENTE AO SINDICATO DAS INDUSTRIAS GRÁFICAS DO DF","EM FRENTE AO SINDICATO DAS INDUSTRIAS GRÁFICAS DO DF",-15.796389,-47.911806,true,"Operante","","","19/01/2026 15:29:00","19/01/2026 15:29:00","","100mm",""
"hid_657","1556","BSB00285","1556","BRASILIA","EPIG/DF011 BRASÍLIA-DF","FUNDOS DA XEROX DO BRASIL","FUNDOS DA XEROX DO BRASIL",-15.790111,-47.910778,true,"Operante","","","19/01/2026 15:28:00","19/01/2026 15:28:00","","100mm",""
"hid_658","1557","BSB00286","1557","BRASILIA","EPIG/DF011 BRASÍLIA-DF","CORREIO BRASILIENSE E DIARIOS ASSOCIADOS","CORREIO BRASILIENSE E DIARIOS ASSOCIADOS",-15.788306,-47.910528,true,"Operante","","","22/07/2025 14:30:00","22/07/2025 14:30:00","","100mm",""
"hid_659","1558","BSB00287","1558","BRASILIA","SIG QUADRA 04 LOTE 75 BRASÍLIA-DF","EM FRENTE TRIBUNAL REGIONAL ELEITORAL","EM FRENTE TRIBUNAL REGIONAL ELEITORAL",-15.786944,-47.913028,true,"Operante","","","13/08/2025 08:00:00","13/08/2025 08:00:00","","100mm",""
"hid_660","1559","BSB00288","1559","BRASILIA","SIG QUADRA 04 LOTE 327 BRASÍLIA-DF","FRENTE AO POSTO DE COMBUSTÍVEIS","FRENTE AO POSTO DE COMBUSTÍVEIS",-15.788278,-47.914639,true,"Operante","","","19/01/2026 15:01:00","19/01/2026 15:01:00","","100mm",""
"hid_661","1560","BSB00289","1560","BRASILIA","SIG QUADRA 04 LOTE 173 BRASÍLIA-DF","EM FRENTE A POLITEC","EM FRENTE A POLITEC",-15.788972,-47.912639,true,"Operante","","","17/01/2025 12:31:00","17/01/2025 12:31:00","","100mm",""
"hid_662","1561","BSB00290","1561","BRASILIA","SIG QUADRA 06 LOTE 1275 BRASÍLIA-DF","EM FRENTE A GRÁFICA PONTO","EM FRENTE A GRÁFICA PONTO",-15.794639,-47.913611,true,"Operante","","","19/01/2026 14:59:00","19/01/2026 14:59:00","","100mm",""
"hid_663","1562","BSB00291","1562","BRASILIA","SIG QUADRA 06 LOTE 1405 BRASÍLIA-DF","EM FRENTE A GRÁFICA BANDEIRANTE","EM FRENTE A GRÁFICA BANDEIRANTE",-15.794083,-47.915417,true,"Operante","","","02/06/2025 09:00:00","02/06/2025 09:00:00","","100mm",""
"hid_664","1573","BSB00292","1573","BRASILIA","SIG QUADRA 08 LOTE 2315 BRASÍLIA-DF","FRENTE A GRÁFICA PONTUAL","FRENTE A GRÁFICA PONTUAL",-15.795361,-47.915972,true,"Operante","","","19/01/2026 15:04:00","19/01/2026 15:04:00","","100mm",""
"hid_665","1574","BSB00293","1574","BRASILIA","SIG QUADRA 08 LOTE 2095 BRASÍLIA-DF","FRENTE A GRÁFICA IPIRANGA","FRENTE A GRÁFICA IPIRANGA",-15.795889,-47.91425,true,"Operante","","","19/01/2026 15:00:00","19/01/2026 15:00:00","","100mm",""
"hid_666","1575","BSB00294","1575","BRASILIA","SIG QUADRA 08 LOTE 2266 BRASÍLIA-DF","FRENTE A EDITORA FTD","FRENTE A EDITORA FTD",-15.796333,-47.915833,true,"Operante","","","19/01/2026 15:04:00","19/01/2026 15:04:00","","100mm",""
"hid_667","1576","BSB00295","1576","BRASILIA","SIG QUADRA 08 LOTE 2328 BRASÍLIA-DF","FRENTE AO LOTE 2328","FRENTE AO LOTE 2328",-15.797139,-47.916861,true,"Operante","","","19/01/2026 15:01:00","19/01/2026 15:01:00","","100mm",""
"hid_668","1577","BSB00296","1577","BRASILIA","SIG QUADRA 08 LOTE 2396 BRASÍLIA-DF","FRENTE A ÚNICA FLEX","FRENTE A ÚNICA FLEX",-15.795917,-47.917139,true,"Operante","","","22/07/2025 10:00:00","22/07/2025 10:00:00","","100mm",""
"hid_669","1578","ITA00001","1578","ITAPOÃ","DEL LAGO QUADRA 37/39 VIA PRINCIPAL","ENTRE QUADRAS / ESQUINA","ENTRE QUADRAS / ESQUINA",-15.749389,-47.773361,true,"Operante","","","28/11/2025 12:00:00","28/11/2025 12:00:00","","100mm",""
"hid_670","1579","ITA00002","1579","ITAPOÃ","FAZENDINHA QUADRA 03 CONJUNTO F LOTES 111/112","COMERCIAL ENTRE AS LOJAS","COMERCIAL ENTRE AS LOJAS",-15.748,-47.765694,true,"Operante","","","27/11/2025 08:00:00","27/11/2025 08:00:00","","100mm",""
"hid_671","1580","ITA00003","1580","ITAPOÃ","FAZENDINHA QUADRA 03 CONJUNTO B CASA 33","PROXIMO AO MURÃO","PROXIMO AO MURÃO",-15.748889,-47.762333,false,"Inoperante","FALTA TAMPÃO DE 2.1/2""; FALTA TAMPÃO DE 4""","","26/11/2025 17:51:00","26/11/2025 17:51:00","","100mm",""
"hid_672","1581","ITA00004","1581","ITAPOÃ","QUADRA 06 CASA 22 DEL LAGO","RUA DA ANATEL","RUA DA ANATEL",-15.748528,-47.780528,false,"Inoperante","FALTA TAMPÃO DE 2.1/2""; FALTA TAMPÃO DE 4""","","28/11/2025 09:00:00","28/11/2025 09:00:00","","100mm",""
"hid_673","1583","ITA00005","1583","ITAPOÃ","ITAPOÃ I QUADRA 01 CONUNTO N CASA 22","PROXIMO A ESQUINA","PROXIMO A ESQUINA",-15.751972,-47.770583,true,"Operante","","","01/12/2025 08:00:00","01/12/2025 08:00:00","","100mm",""
"hid_674","1584","ITA00006","1584","ITAPOÃ","QUADRA 32 CASA 20 DEL LAGO","RUA DA ANATEL","RUA DA ANATEL",-15.746806,-47.775778,false,"Inoperante","FALTA TAMPÃO DE 2.1/2""; FALTA TAMPÃO DE 4""","","28/11/2025 08:00:00","28/11/2025 08:00:00","","100mm",""
"hid_675","1589","BSB00297","1589","BRASILIA","SQN 309 BRASÍLIA-DF","AO LADO ESQUERDO DO POSTO DE COMBUSTÍVEL","AO LADO ESQUERDO DO POSTO DE COMBUSTÍVEL",-15.761028,-47.888222,true,"Operante","","","10/06/2025 10:00:00","10/06/2025 10:00:00","","100mm",""
"hid_676","1590","BSB00298","1590","BRASILIA","SQN 310 BLOCO D BRASÍLIA-DF","LADO ESQUERDO DO BL. D","LADO ESQUERDO DO BL. D",-15.758667,-47.891444,true,"Operante","","","10/06/2025 10:30:00","10/06/2025 10:30:00","","100mm",""
"hid_677","1591","BSB00299","1591","BRASILIA","SQN 311 BLOCO I BRASÍLIA-DF","A ESQUERDO DO RESIDENCIAL ARI CUNHA","A ESQUERDO DO RESIDENCIAL ARI CUNHA",-15.75525,-47.892167,true,"Operante","","","10/06/2025 09:00:00","10/06/2025 09:00:00","","100mm",""
"hid_678","1592","BSB00300","1592","BRASILIA","SQN 312 BLOCOS D/I BRASÍLIA-DF","ENTRE OS BLOCOS D/I","ENTRE OS BLOCOS D/I",-15.752222,-47.893583,true,"Operante","","","16/06/2025 10:00:00","16/06/2025 10:00:00","","100mm",""
"hid_679","1593","BSB00301","1593","BRASILIA","SQN 312 BLOCOS F BRASÍLIA-DF","LADO DIREITA DO BLOCO F","LADO DIREITA DO BLOCO F",-15.751917,-47.892111,true,"Operante","","","01/07/2025 10:30:00","01/07/2025 10:30:00","","100mm",""
"hid_680","1594","BSB00302","1594","BRASILIA","SQN 313 BLOCOS A BRASÍLIA-DF","AO LADO DIREITO DO BL. A","AO LADO DIREITO DO BL. A",-15.747639,-47.892778,true,"Operante","","","01/08/2025 08:30:00","01/08/2025 08:30:00","","100mm",""
"hid_681","1595","BSB00303","1595","BRASILIA","SQN 313 BLOCO C BRASÍLIA-DF","FRENTE AO BL. C","FRENTE AO BL. C",-15.748861,-47.893,true,"Operante","","","01/08/2025 08:00:00","01/08/2025 08:00:00","","100mm",""
"hid_682","1596","BSB00304","1596","BRASILIA","SQN 314 BLOCO C BRASÍLIA-DF","AO LADO ESQUERDO DO BL. C","AO LADO ESQUERDO DO BL. C",-15.745722,-47.893694,false,"Inoperante","HIDRANTE QUEBRADO NO FLANGE","","16/06/2025 18:46:00","16/06/2025 18:46:00","","100mm",""
"hid_683","1597","BSB00305","1597","BRASILIA","SQN 314 BLOCO F BRASÍLIA-DF","FUNDOS AO LADO ESQUERDO DO BL. F","FUNDOS AO LADO ESQUERDO DO BL. F",-15.746389,-47.894306,true,"Operante","","","18/06/2025 12:00:00","18/06/2025 12:00:00","","100mm",""
"hid_684","1598","BSB00306","1598","BRASILIA","SQN 314 BLOCO E BRASÍLIA-DF","FUNDOS AO LADO DIREITO DO BL. E / JARDIM","FUNDOS AO LADO DIREITO DO BL. E / JARDIM",-15.744806,-47.89425,true,"Operante","","","16/06/2025 09:00:00","16/06/2025 09:00:00","","100mm",""
"hid_685","1599","BSB00307","1599","BRASILIA","SQN 315 BLOCO C BRASÍLIA-DF","AO LADO ESQUERDO DO BL. C","AO LADO ESQUERDO DO BL. C",-15.741917,-47.89625,true,"Operante","","","23/07/2025 14:00:00","23/07/2025 14:00:00","","100mm",""
"hid_686","1600","BSB00308","1600","BRASILIA","SQN 315 BLOCO H BRASÍLIA-DF","FUNDOS AO LADO DIREITO DO BL. H","FUNDOS AO LADO DIREITO DO BL. H",-15.742944,-47.896139,true,"Operante","","","01/07/2025 08:00:00","01/07/2025 08:00:00","","100mm",""
"hid_687","1601","BSB00309","1601","BRASILIA","SQN 315 BLOCO D BRASÍLIA-DF","AO LADO DIREITO DO BL. D","AO LADO DIREITO DO BL. D",-15.743028,-47.894833,false,"Inoperante","REGISTRO SOTERRADO","","01/07/2025 11:29:00","01/07/2025 11:29:00","","100mm",""
"hid_688","1602","BSB00310","1602","BRASILIA","SQN 316 BLOCO H BRASÍLIA-DF","FUNDOS AO LADO DIREITO DO BL. H","FUNDOS AO LADO DIREITO DO BL. H",-15.739556,-47.896583,true,"Operante","","","23/07/2025 13:30:00","23/07/2025 13:30:00","","100mm",""
"hid_689","1603","BSB00311","1603","BRASILIA","SQN 302 BLOCO E/G BRASÍLIA-DF","EM FRENTE AO BLOCO E","EM FRENTE AO BLOCO E",-15.782722,-47.88625,true,"Operante","","","02/07/2025 14:35:00","02/07/2025 14:35:00","","100mm",""
"hid_690","1604","BSB00312","1604","BRASILIA","SQN 302 BLOCO C/D BRASÍLIA-DF","EM FRENTE AO LADO ESQUERDO DO BLOCO C 
S15º46'57.8"" W47º53'06.7""","EM FRENTE AO LADO ESQUERDO DO BLOCO C 
S15º46'57.8"" W47º53'06.7""",-15.782611,-47.885083,true,"Operante","","","02/07/2025 08:00:00","02/07/2025 08:00:00","","100mm",""
"hid_691","1606","BSB00313","1606","BRASILIA","SQN 303 BLOCO D BRASÍLIA-DF","VIA DE ACESSO W1 - EM FRENTE AO LADO ESQUERDO DO BLOCO D","VIA DE ACESSO W1 - EM FRENTE AO LADO ESQUERDO DO BLOCO D",-15.778806,-47.885222,true,"Operante","","","22/01/2025 10:20:00","22/01/2025 10:20:00","","100mm",""
"hid_692","1607","BSB00314","1607","BRASILIA","SQN 304 BLOCO E BRASÍLIA-DF","LADO ESQUERDA DO BL. E","LADO ESQUERDA DO BL. E",-15.7755,-47.8865,true,"Operante","","","14/01/2025 11:30:00","14/01/2025 11:30:00","","100mm",""
"hid_693","1608","BSB00315","1608","BRASILIA","SQN 304 BLOCO F BRASÍLIA-DF","EM FRENTE AO ESTACIONAMENTO","EM FRENTE AO ESTACIONAMENTO",-15.776528,-47.886806,true,"Operante","","","13/01/2025 10:45:00","13/01/2025 10:45:00","","100mm",""
"hid_694","1609","BSB00316","1609","BRASILIA","SQN 304 BLOCO A BRASÍLIA-DF","VIA DE ACESSO W1 - LATERAL DIREITA DO BLOCO A","VIA DE ACESSO W1 - LATERAL DIREITA DO BLOCO A",-15.7765,-47.885167,true,"Operante","","","22/01/2025 10:40:00","22/01/2025 10:40:00","","100mm",""
"hid_695","1610","BSB00317","1610","BRASILIA","CLN 304/305 BLOCOS C/E BRASÍLIA-DF","ENTRE OS BLOCOS C/E","ENTRE OS BLOCOS C/E",-15.774667,-47.886139,true,"Operante","","","13/01/2025 11:46:00","13/01/2025 11:46:00","","100mm",""
"hid_696","1611","BSB00318","1611","BRASILIA","SQN 305 BLOCO E BRASÍLIA-DF","FUNDOS AO LADO DIREITO DO BL. E","FUNDOS AO LADO DIREITO DO BL. E",-15.772611,-47.886028,true,"Operante","","","13/01/2025 11:53:00","13/01/2025 11:53:00","","100mm",""
"hid_697","1612","BSB00319","1612","BRASILIA","SQN 306 BLOCO B","LADO ESQUERDA DO BL. B","LADO ESQUERDA DO BL. B",-15.770417,-47.886444,true,"Operante","","","13/01/2025 11:59:00","13/01/2025 11:59:00","","100mm",""
"hid_698","1613","BSB00320","1613","BRASILIA","SQN 306 BLOCO B/F","EM FRENTE AO LADO DIREITO DO BLOCO F","EM FRENTE AO LADO DIREITO DO BLOCO F",-15.769556,-47.8865,true,"Operante","","","13/01/2025 12:02:00","13/01/2025 12:02:00","","100mm",""
"hid_699","1614","BSB00321","1614","BRASILIA","SQN 306 BLOCO H/G","NA LATERAL DIREITA DO BL. H EM FRENTE AO BL. G","NA LATERAL DIREITA DO BL. H EM FRENTE AO BL. G",-15.769639,-47.887639,true,"Operante","","","13/01/2025 12:08:00","13/01/2025 12:08:00","","100mm",""
"hid_700","1615","BSB00322","1615","BRASILIA","SHCGN 702 VIA W3","EM FRENTE A PARÓQUIA NOSSA SENHORA DA SAÚDE / COLÉGIO MARISTA","EM FRENTE A PARÓQUIA NOSSA SENHORA DA SAÚDE / COLÉGIO MARISTA",-15.782361,-47.887778,true,"Operante","","","20/01/2025 13:30:00","20/01/2025 13:30:00","","100mm",""
"hid_701","1616","BSB00323","1616","BRASILIA","SHCGN 702/703 BLOCO E LOJA 49","FRENTE A MALHARIA SANTA CATARINA","FRENTE A MALHARIA SANTA CATARINA",-15.780889,-47.8905,true,"Operante","","","20/01/2025 12:10:00","20/01/2025 12:10:00","","100mm",""
"hid_702","1618","BSB00325","1618","BRASILIA","SCRLN 703 BLOCO C VIA W3","VIA DE ACESSO W3 - EM FRENTE AO CENTER FILME PELÍCULAS - BLOCO C LOJA 54","VIA DE ACESSO W3 - EM FRENTE AO CENTER FILME PELÍCULAS - BLOCO C LOJA 54",-15.779361,-47.888444,true,"Operante","","","22/01/2025 12:00:00","22/01/2025 12:00:00","","100mm",""
"hid_703","1619","BSB00326","1619","BRASILIA","SHCGN 712 BL. A LOJA 24 VIA W3","FRENTE A MULTIFOGOS FOGOS DE ARTIFÍCIO","FRENTE A MULTIFOGOS FOGOS DE ARTIFÍCIO",-15.753667,-47.894389,true,"Operante","","","16/09/2025 09:30:00","16/09/2025 09:30:00","","100mm",""
"hid_704","1620","BSB00327","1620","BRASILIA","SHCGN 712/713 BL. E VIA W4","EM FRENTE AO BLOCO E","EM FRENTE AO BLOCO E",-15.751639,-47.897833,true,"Operante","","","17/03/2026 19:01:00","17/03/2026 19:01:00","","100mm",""
"hid_705","1621","BSB00328","1621","BRASILIA","SHCGN 712 ENTRE OS BLOCOS G/H","ENTRE OS BLOCOS G/H","ENTRE OS BLOCOS G/H",-15.751278,-47.896972,true,"Operante","","","14/01/2025 11:00:00","14/01/2025 11:00:00","","100mm",""
"hid_706","1622","BSB00329","1622","BRASILIA","SHCGN 713 BL. I VIA W4","LADO ESQUERDA DO BL. I","LADO ESQUERDA DO BL. I",-15.749917,-47.898444,true,"Operante","","","17/03/2026 19:25:00","17/03/2026 19:25:00","","100mm",""
"hid_707","1623","BSB00330","1623","BRASILIA","SHCGN 702/703 BLOCO B LOTE 16","FRENTE AO CONSELHO NACIONAL DE JUSTIÇA","FRENTE AO CONSELHO NACIONAL DE JUSTIÇA",-15.781333,-47.888333,true,"Operante","","","20/01/2025 12:40:00","20/01/2025 12:40:00","","100mm",""
"hid_708","1624","BSB00331","1624","BRASILIA","SHCGN 703 BLOCOS I/J VIA W4","EM FRENTE A FUNDAÇÃO LOGOSOFICA","EM FRENTE A FUNDAÇÃO LOGOSOFICA",-15.776528,-47.890972,true,"Operante","","","20/01/2025 11:10:00","20/01/2025 11:10:00","","100mm",""
"hid_709","1625","BSB00332","1625","BRASILIA","SCRN 704/705","A DIREITA DA PARADA DA ÔNIBUS","A DIREITA DA PARADA DA ÔNIBUS",-15.7745,-47.888361,true,"Operante","","","13/01/2025 11:32:00","13/01/2025 11:32:00","","100mm",""
"hid_710","1626","BSB00333","1626","BRASILIA","SHCGN 703 BLOCO I CASA 56 VIA W4","VIA DE ACESSO W4 EM FRENTE AO BLOCO I","VIA DE ACESSO W4 EM FRENTE AO BLOCO I",-15.779528,-47.890222,true,"Operante","","","20/01/2025 11:50:00","20/01/2025 11:50:00","","100mm",""
"hid_711","1627","BSB00334","1627","BRASILIA","SHCGN 705 BLOCO C CASA 30 W4","EM FRENTE AO BLOCO C CASA 30","EM FRENTE AO BLOCO C CASA 30",-15.77475,-47.891167,true,"Operante","","","22/01/2025 12:20:00","22/01/2025 12:20:00","","100mm",""
"hid_712","1628","BSB00335","1628","BRASILIA","SHCGN 705 BLOCO O CASA 30 W4","FRENTE AO BL. O CASA 30","FRENTE AO BL. O CASA 30",-15.77325,-47.891444,true,"Operante","","","22/01/2025 13:30:00","22/01/2025 13:30:00","","100mm",""
"hid_713","1630","BSB00336","1630","BRASILIA","SCRN 706/707 BLOCO B LOTE 12","EM FRENTE AO SINDICATO DOS TRABALHADORES DAS INDUSTRIAS","EM FRENTE AO SINDICATO DOS TRABALHADORES DAS INDUSTRIAS",-15.769667,-47.889917,true,"Operante","","","25/01/2026 22:06:00","25/01/2026 22:06:00","","100mm",""
"hid_714","1634","BSB00339","1634","BRASILIA","SQN 306 BLOCO H","FUNDOS AO LADO ESQUERDO DO BL. H","FUNDOS AO LADO ESQUERDO DO BL. H",-15.77025,-47.887611,true,"Operante","","","13/01/2025 12:13:00","13/01/2025 12:13:00","","100mm",""
"hid_715","1635","BSB00340","1635","BRASILIA","SQN 203 BLOCO F","NA LATERAL ESQUERDA DO BL. F","NA LATERAL ESQUERDA DO BL. F",-15.779361,-47.878778,true,"Operante","","","17/03/2026 19:46:00","17/03/2026 19:46:00","","100mm",""
"hid_716","1636","BSB00341","1636","BRASILIA","SCLN 204 BL. D LOJA 201","EM FRENTE AO BLOCO D","EM FRENTE AO BLOCO D",-15.776806,-47.877806,true,"Operante","","","17/03/2026 19:47:00","17/03/2026 19:47:00","","100mm",""
"hid_717","1637","BSB00342","1637","BRASILIA","SQN 205 BL. E","NA LATERAL DIREITA DO BL. E / ÁREA VERDE","NA LATERAL DIREITA DO BL. E / ÁREA VERDE",-15.771,-47.879556,true,"Operante","","","10/06/2025 12:30:00","10/06/2025 12:30:00","","100mm",""
"hid_718","1638","BSB00343","1638","BRASILIA","SQN 205 BLOCO H/J","EM FRENTE AO BLOCO J","EM FRENTE AO BLOCO J",-15.771944,-47.880278,false,"Inoperante","REGISTRO SOTERRADO","","31/07/2025 08:00:00","31/07/2025 08:00:00","","100mm",""
"hid_719","1639","BSB00344","1639","BRASILIA","SQN 203","NA ENTRADA DA QUADRA, FUNDOS DA BANCA DE JORNAL / ÁREA VERDE.","NA ENTRADA DA QUADRA, FUNDOS DA BANCA DE JORNAL / ÁREA VERDE.",-15.777472,-47.877889,true,"Operante","","","17/03/2026 19:49:00","17/03/2026 19:49:00","","100mm",""
"hid_720","1640","BSB00345","1640","BRASILIA","SQN 203 BLOCO I","FUNDOS AO LADO ESQUERDO DO BL. I","FUNDOS AO LADO ESQUERDO DO BL. I",-15.777889,-47.879222,true,"Operante","","","17/03/2026 19:56:00","17/03/2026 19:56:00","","100mm",""
"hid_721","1641","BSB00346","1641","BRASILIA","SQN 203 BLOCO H","FUNDOS AO LADO ESQUERDO DO BL. H","FUNDOS AO LADO ESQUERDO DO BL. H",-15.779139,-47.879389,true,"Operante","","","17/03/2026 19:57:00","17/03/2026 19:57:00","","100mm",""
"hid_722","1642","BSB00347","1642","BRASILIA","SQN 203 BLOCO C","FUNDOS AO LADO DIREITO DO BL. C","FUNDOS AO LADO DIREITO DO BL. C",-15.779222,-47.877861,true,"Operante","","","17/03/2026 19:57:00","17/03/2026 19:57:00","","100mm",""
"hid_723","1643","BSB00348","1643","BRASILIA","SQN 206 BL. G/H","LADO ESQUERDA DO BL. G","LADO ESQUERDA DO BL. G",-15.768611,-47.880583,true,"Operante","","","01/07/2025 10:00:00","01/07/2025 10:00:00","","100mm",""
"hid_724","1644","BSB00349","1644","BRASILIA","SQN 206 BL J","VIA DE ACESSO L1 - LATERAL DIREITA - ÁREA VERDE (ALTO)","VIA DE ACESSO L1 - LATERAL DIREITA - ÁREA VERDE (ALTO)",-15.768083,-47.879556,true,"Operante","","","01/08/2025 15:00:00","01/08/2025 15:00:00","","100mm",""
"hid_725","1645","BSB00350","1645","BRASILIA","SQN 206 BLOCO C","AO LADO DO PONTO DE TAXI","AO LADO DO PONTO DE TAXI",-15.769194,-47.878833,true,"Operante","","","18/06/2025 11:00:00","18/06/2025 11:00:00","","100mm",""
"hid_726","1647","BSB00352","1647","BRASILIA","SQN 102 Bl "" G ""","Via de acesso W1 - Em frente ao lado dire do Bl "" G "" 
próximo a quadra de esportes - lado direito","Via de acesso W1 - Em frente ao lado dire do Bl "" G "" 
próximo a quadra de esportes - lado direito",-15.781722,-47.881833,true,"Operante","","","22/01/2025 10:00:00","22/01/2025 10:00:00","","100mm",""
"hid_727","1648","BSB00353","1648","BRASILIA","SQN 103 Bl "" G "" / Via W1","em frente ao bloco ""G"" lado direito","em frente ao bloco ""G"" lado direito",-15.778194,-47.883556,true,"Operante","","","13/01/2025 11:01:00","13/01/2025 11:01:00","","100mm",""
"hid_728","1649","BSB00354","1649","BRASILIA","SQN 103 -Bl. "" G ""","Via de acesso W1 - Lateral esquerda do Bl. "" G ""","Via de acesso W1 - Lateral esquerda do Bl. "" G """,-15.778194,-47.882389,true,"Operante","","","13/01/2025 11:03:00","13/01/2025 11:03:00","","100mm",""
"hid_729","1650","BSB00355","1650","BRASILIA","SQN 103 - "" F ""","Via de acesso W1 - Fundos ao lado esquerdo do "" F ""","Via de acesso W1 - Fundos ao lado esquerdo do "" F """,-15.779611,-47.882583,true,"Operante","","","13/01/2025 11:15:00","13/01/2025 11:15:00","","100mm",""
"hid_730","1651","BSB00356","1651","BRASILIA","SQN 104 BLOCO 'A'","ENTRADA DA QUADRA / BANCA 104 NORTE.","ENTRADA DA QUADRA / BANCA 104 NORTE.",-15.776667,-47.884111,true,"Operante","","","22/01/2025 11:20:00","22/01/2025 11:20:00","","100mm",""
"hid_731","1652","BSB00357","1652","BRASILIA","SQN 104 BLOCO "" K ""","LATERAL ESQUERDA DO BLOCO ""K"" / ÁREA VERDE.","LATERAL ESQUERDA DO BLOCO ""K"" / ÁREA VERDE.",-15.774944,-47.882222,true,"Operante","","","17/03/2026 19:56:00","17/03/2026 19:56:00","","100mm",""
"hid_732","1653","BSB00358","1653","BRASILIA","SQN 105 BLOCO"" I ""","LATERAL ESQUERDA DO BLOCO ""I"".","LATERAL ESQUERDA DO BLOCO ""I"".",-15.772639,-47.882778,true,"Operante","","","22/01/2025 11:00:00","22/01/2025 11:00:00","","100mm",""
"hid_733","1654","BSB00359","1654","BRASILIA","SQN 106 Bl. "" D ""","Via de acesso W1 - Em frente ao lado direito do Bl. "" D ""","Via de acesso W1 - Em frente ao lado direito do Bl. "" D """,-15.770333,-47.88475,true,"Operante","","","13/01/2025 11:24:00","13/01/2025 11:24:00","","100mm",""
"hid_734","1655","BSB00360","1655","BRASILIA","SQN 106 Bl. "" E ""","entre o bloco ""E"" e escola Infantil.","entre o bloco ""E"" e escola Infantil.",-15.770111,-47.88325,true,"Operante","","","29/01/2025 14:12:00","29/01/2025 14:12:00","","100mm",""
"hid_735","1656","BSB00361","1656","BRASILIA","SQN 106 Bl. "" I ""","lado esquerdo do bloco ""I""","lado esquerdo do bloco ""I""",-15.769167,-47.883361,true,"Operante","HIDRANTE COM VAZAMENTO NO REGISTRO","","29/01/2025 14:12:00","29/01/2025 14:12:00","","100mm",""
"hid_736","1657","BSB00362","1657","BRASILIA","CLN 212 BLOCO D","NA ÁREA VERDE","NA ÁREA VERDE",-15.750361,-47.884333,true,"Operante","","","29/05/2025 11:00:00","29/05/2025 11:00:00","","100mm",""
"hid_737","1658","BSB00363","1658","BRASILIA","SQN 215 BLOCO A","NA ENTRADA DA QUADRA, PRÓXIMO AO BLOCO A.","NA ENTRADA DA QUADRA, PRÓXIMO AO BLOCO A.",-15.739556,-47.887833,true,"Operante","","","17/03/2026 19:54:00","17/03/2026 19:54:00","","100mm",""
"hid_738","1659","BSB00364","1659","BRASILIA","SQN 216 BLOCO I","FUNDO AO LADO DIREITO DO BLOCO I","FUNDO AO LADO DIREITO DO BLOCO I",-15.73725,-47.89075,true,"Operante","","","26/05/2025 12:00:00","26/05/2025 12:00:00","","100mm",""
"hid_739","1660","BSB00365","1660","BRASILIA","SQN 402 BLOCO O","NA LATERAL ESQUERDA DO BL. O / ÁREA VERDE","NA LATERAL ESQUERDA DO BL. O / ÁREA VERDE",-15.781417,-47.875083,true,"Operante","","","08/01/2025 09:20:00","08/01/2025 09:20:00","","100mm",""
"hid_740","1661","BSB00366","1661","BRASILIA","SGAN QUADRA 905 CONJUNTO 'B'","NA VIA W5 EM FRENTE AO CONJUNTO 'B'","NA VIA W5 EM FRENTE AO CONJUNTO 'B'",-15.773806,-47.891972,true,"Operante","","","22/01/2025 13:50:00","22/01/2025 13:50:00","","100mm",""
"hid_741","1662","BSB00367","1662","BRASILIA","SGAN Q. 904 Via W5","NA VIA W5 EM FRENTE AO LADO DIREITO DO COLÉGIO MITAR","NA VIA W5 EM FRENTE AO LADO DIREITO DO COLÉGIO MITAR",-15.777,-47.891556,true,"Operante","","","20/01/2025 11:30:00","20/01/2025 11:30:00","","100mm",""
"hid_742","1663","BSB00368","1663","BRASILIA","SGAN QUADRA 902 VIA W5","NA VIA W5- EM FRENTE AO COLÉGIO MITAR PRÓXIMO ENTRADA","NA VIA W5- EM FRENTE AO COLÉGIO MITAR PRÓXIMO ENTRADA",-15.779694,-47.891306,true,"Operante","","","19/01/2026 15:06:00","19/01/2026 15:06:00","","100mm",""
"hid_743","1664","BSB00369","1664","BRASILIA","SGAN QUADRA 902 VIA W5","NA VIA W5- EM FRENTE AO LADO ESQUERDO DO COLÉGIO MITAR","NA VIA W5- EM FRENTE AO LADO ESQUERDO DO COLÉGIO MITAR",-15.782389,-47.891111,true,"Operante","","","14/08/2025 12:00:00","14/08/2025 12:00:00","","100mm",""
"hid_744","1665","BSB00370","1665","BRASILIA","SGAN QUADRA 908 MÓDULO 'F' VIA W5","NA VIA W5- EM FRENTE AO MÓDULO 'F'","NA VIA W5- EM FRENTE AO MÓDULO 'F'",-15.765667,-47.895139,true,"Operante","","","11/09/2025 08:30:00","11/09/2025 08:30:00","","100mm",""
"hid_745","1666","BSB00371","1666","BRASILIA","SGAN QUADRA 907 BLOCO 03 - VIA W5","NA VIA W5- EM FRENTE AO ESTACIONAMENTO DO CEUB","NA VIA W5- EM FRENTE AO ESTACIONAMENTO DO CEUB",-15.767333,-47.894556,true,"Operante","","","11/09/2025 09:00:00","11/09/2025 09:00:00","","100mm",""
"hid_746","1667","BSB00372","1667","BRASILIA","SGAN QUADRA 907 MÓDULO 'A' - VIA W5","NA VIA W5- EM FRENTE AO LADO ESQUERDO DO COLÉGIO GISNO/MÓDULO 'A'","NA VIA W5- EM FRENTE AO LADO ESQUERDO DO COLÉGIO GISNO/MÓDULO 'A'",-15.769083,-47.893972,true,"Operante","","","11/09/2025 19:20:00","11/09/2025 19:20:00","","100mm",""
"hid_747","1668","BSB00373","1668","BRASILIA","SGAN QUADRA 906 MÓDULO 'D'/'E'- VIA W5","NA VIA W5- EM FRENTE AO MÓDULO 'D'/'E'","NA VIA W5- EM FRENTE AO MÓDULO 'D'/'E'",-15.770778,-47.892583,true,"Operante","","","22/01/2025 12:40:00","22/01/2025 12:40:00","","100mm",""
"hid_748","1669","BSB00374","1669","BRASILIA","SGAN QUADRA 912 CONJUNTO 'F'","NA VIA W5- EM FRENTE AO LODO DIREITO DO LOTE 'F'- MESQUITA ISLÂMICA DO BRASIL","NA VIA W5- EM FRENTE AO LODO DIREITO DO LOTE 'F'- MESQUITA ISLÂMICA DO BRASIL",-15.752917,-47.899139,true,"Operante","","","14/01/2025 11:06:00","14/01/2025 11:06:00","","100mm",""
"hid_749","1670","BSB00375","1670","BRASILIA","SGAN QUADRA 910 MÓDULO 'D'- VIA W5","NA VIA W5- EM FRENTE AO MÓDULO 'D' ASSEMBLÉIA DE DEUS","NA VIA W5- EM FRENTE AO MÓDULO 'D' ASSEMBLÉIA DE DEUS",-15.759528,-47.895972,true,"Operante","","","20/01/2026 12:09:00","20/01/2026 12:09:00","","100mm",""
"hid_750","1671","BSB00376","1671","BRASILIA","SGAN QUADRA 909 MÓDULO 'C' - VIA W5","NA VIA W5- EM FRENTE AO MÓDULO 'C' JUIZADO DE MENORES","NA VIA W5- EM FRENTE AO MÓDULO 'C' JUIZADO DE MENORES",-15.762639,-47.895,true,"Operante","","","11/09/2025 10:30:00","11/09/2025 10:30:00","","100mm",""
"hid_751","1673","BSB00378","1673","BRASILIA","SGAN QUADRA 915/916- VIA W5","NA VIA W5- EM FRENTE QUADRA 916","NA VIA W5- EM FRENTE QUADRA 916",-15.742222,-47.9015,true,"Operante","","","11/09/2025 11:00:00","11/09/2025 11:00:00","","100mm",""
"hid_752","1674","BSB00379","1674","BRASILIA","SGAN QUADRA 913/914- VIA W5","NA VIA W5- EM FRENTE AO CONSELHO METROPOLITANO DE BSB","NA VIA W5- EM FRENTE AO CONSELHO METROPOLITANO DE BSB",-15.743889,-47.900972,true,"Operante","","","03/06/2025 09:00:00","03/06/2025 09:00:00","","100mm",""
"hid_753","1675","BSB00380","1675","BRASILIA","SCRN QUADRA 708 BLOCO 'I' LOJA 56","VIA DE ACESSO W3- LATERAL ESQUERDA DA LOJA 56","VIA DE ACESSO W3- LATERAL ESQUERDA DA LOJA 56",-15.764,-47.89175,true,"Operante","","","11/09/2025 11:30:00","11/09/2025 11:30:00","","100mm",""
"hid_754","1676","BSB00381","1676","BRASILIA","SCRN QUADRA 709 BLOCO 'B' VIA W3","VIA DE ACESSO W3- NO ESTACIONAMENTO DO BLOCO 'B'","VIA DE ACESSO W3- NO ESTACIONAMENTO DO BLOCO 'B'",-15.763056,-47.891944,true,"Operante","","","22/01/2025 11:40:00","22/01/2025 11:40:00","","100mm",""
"hid_755","1677","BSB00382","1677","BRASILIA","SCRN QUADRA 709 BLOCO 'B' LOJA 02- VIA W3","VIA DE ACESSO W3- EM FRENTE AO BLOCO 'C' LOJA 57","VIA DE ACESSO W3- EM FRENTE AO BLOCO 'C' LOJA 57",-15.761861,-47.892278,true,"Operante","","","11/09/2025 12:00:00","11/09/2025 12:00:00","","100mm",""
"hid_756","1678","BSB00383","1678","BRASILIA","SHCGN. 709 Bl. "" L "" Casa 29 - Via W4","NA VIA W4- EM FRENTE AO BLOCO 'L' CASA 29","NA VIA W4- EM FRENTE AO BLOCO 'L' CASA 29",-15.761972,-47.894667,true,"Operante","","","20/01/2026 12:08:00","20/01/2026 12:08:00","","100mm",""
"hid_757","1679","BSB00384","1679","BRASILIA","SCRN QUADRA 710/711 BLOCOs 'H'/'G'","VIA DE ACESSO W3/W4- ENTRE OS BLOCOs 'H'/'G'","VIA DE ACESSO W3/W4- ENTRE OS BLOCOs 'H'/'G'",-15.757583,-47.894972,true,"Operante","","","20/01/2026 12:08:00","20/01/2026 12:08:00","","100mm",""
"hid_758","1680","BSB00385","1680","BRASILIA","SCRN QUADRA 710/711- VIA W3","NA VIA W3- EM FRENTE À PARADA DE ÔNIBUS","NA VIA W3- EM FRENTE À PARADA DE ÔNIBUS",-15.757417,-47.893167,true,"Operante","","","13/08/2025 09:00:00","13/08/2025 09:00:00","","100mm",""
"hid_759","1681","BSB00386","1681","BRASILIA","SHCGN 711 BLOCO 'J' CASA 63- VIA W4","NA VIA W4- EM FRENTE AO BLOCO 'J' CASA 63","NA VIA W4- EM FRENTE AO BLOCO 'J' CASA 63",-15.755722,-47.896583,true,"Operante","","","14/01/2025 10:51:00","14/01/2025 10:51:00","","100mm",""
"hid_760","1682","BSB00387","1682","BRASILIA","SHCGN 712 BLOCO 'I'- VIA W4","NA VIA W4- LATERAL ESQUERDA DO BLOCO 'I'","NA VIA W4- LATERAL ESQUERDA DO BLOCO 'I'",-15.753389,-47.897333,true,"Operante","","","20/05/2025 12:00:00","20/05/2025 12:00:00","","100mm",""
"hid_761","1683","BSB00388","1683","BRASILIA","SGN 307 BLOCO 'C'","FRENTE BLOCO 'C'","FRENTE BLOCO 'C'",-15.767389,-47.887,false,"Inoperante","REGISTRO SOTERRADO","","02/06/2025 19:21:00","02/06/2025 19:21:00","","100mm",""
"hid_762","1685","BSB00389","1685","BRASILIA","SQN 307 BLs. 'D'/'F'","VIA DE ACESSO W1- FUNDOS DOS BLs. 'D'/'F'","VIA DE ACESSO W1- FUNDOS DOS BLs. 'D'/'F'",-15.768389,-47.887861,true,"Operante","","","02/06/2025 10:00:00","02/06/2025 10:00:00","","100mm",""
"hid_763","1686","BSB00390","1686","BRASILIA","SQN 307 BLOCO 'E'","VIA DE ACESSO W1- FUNDOS DO BLOCO 'E'","VIA DE ACESSO W1- FUNDOS DO BLOCO 'E'",-15.767667,-47.888111,true,"Operante","","","02/06/2025 09:30:00","02/06/2025 09:30:00","","100mm",""
"hid_764","1687","BSB00391","1687","BRASILIA","SQN 307 BLOCO 'J'","VIA DE ACESSO W1- EM FRENTE AO BLOCO 'J'","VIA DE ACESSO W1- EM FRENTE AO BLOCO 'J'",-15.767389,-47.888472,true,"Operante","","","01/08/2025 11:30:00","01/08/2025 11:30:00","","100mm",""
"hid_765","1688","BSB00392","1688","BRASILIA","SQN 307 BLOCO 'H'","VIA DE ACESSO W1- EM FRENTE AO LADO DIREITO DO BLOCO 'H'","VIA DE ACESSO W1- EM FRENTE AO LADO DIREITO DO BLOCO 'H'",-15.766444,-47.887444,true,"Operante","","","02/06/2025 08:30:00","02/06/2025 08:30:00","","100mm",""
"hid_766","1689","BSB00393","1689","BRASILIA","SQN 307 BLOCO 'H'","VIA DE ACESSO W1- LATERAL ESQUERDA DO BLOCO 'H'","VIA DE ACESSO W1- LATERAL ESQUERDA DO BLOCO 'H'",-15.7665,-47.888417,true,"Operante","","","02/06/2025 12:30:00","02/06/2025 12:30:00","","100mm",""
"hid_767","1690","BSB00394","1690","BRASILIA","SQN 308 BLOCO 'H'","VIA DE ACESSO W1- LATERAL DIREITA DO BLOCO 'H'","VIA DE ACESSO W1- LATERAL DIREITA DO BLOCO 'H'",-15.764806,-47.888,true,"Operante","","","01/08/2025 12:00:00","01/08/2025 12:00:00","","100mm",""
"hid_768","1691","BSB00395","1691","BRASILIA","SQN 308 BLOCO 'H'","VIA DE ACESSO W1- LATERAL ESQUERDA DO BLOCO 'H'","VIA DE ACESSO W1- LATERAL ESQUERDA DO BLOCO 'H'",-15.764972,-47.888889,true,"Operante","","","23/07/2025 12:30:00","23/07/2025 12:30:00","","100mm",""
"hid_769","1692","BSB00396","1692","BRASILIA","SQN 308 BLOCO 'C'","VIA DE ACESSO W1- ESTACIONAMENTO DO BLOCO 'C'","VIA DE ACESSO W1- ESTACIONAMENTO DO BLOCO 'C'",-15.763833,-47.887861,true,"Operante","","","01/08/2025 12:30:00","01/08/2025 12:30:00","","100mm",""
"hid_770","1693","BSB00397","1693","BRASILIA","SQN 308 BLOCO 'D'","VIA DE ACESSO W1- FUNDOS DO BLOCO 'D'/ÁREA VERDE","VIA DE ACESSO W1- FUNDOS DO BLOCO 'D'/ÁREA VERDE",-15.763889,-47.88875,true,"Operante","","","14/01/2025 11:20:00","14/01/2025 11:20:00","","100mm",""
"hid_771","1694","BSB00398","1694","BRASILIA","SQN 603 - VIA L3","EM FRENTE AO LADO ESQUERDO DA AGÊNCIA NACIONAL DE PETRÓLEO","EM FRENTE AO LADO ESQUERDO DA AGÊNCIA NACIONAL DE PETRÓLEO",-15.77975,-47.871611,true,"Operante","","","08/01/2025 09:40:00","08/01/2025 09:40:00","","100mm",""
"hid_772","1698","BSB00402","1698","BRASILIA","SCLN 201 BLOCOS B/C","VIA DE ACESSO L1 - EIXINHO RODOVIÁRIO EM FRENTE/ENTRE OS BLOCOS B/C","VIA DE ACESSO L1 - EIXINHO RODOVIÁRIO EM FRENTE/ENTRE OS BLOCOS B/C",-15.783806,-47.878083,true,"Operante","","","27/01/2025 14:44:00","27/01/2025 14:44:00","","100mm",""
"hid_773","1699","BSB00403","1699","BRASILIA","SQN 202 BLOCO B/C","VIA DE ACESSO L1 - NA ENTRADA DA QUADRA 202, LATERAL DIREITA DO BLOCO B","VIA DE ACESSO L1 - NA ENTRADA DA QUADRA 202, LATERAL DIREITA DO BLOCO B",-15.782556,-47.877556,true,"Operante","","","27/01/2025 14:51:00","27/01/2025 14:51:00","","100mm",""
"hid_774","1700","BSB00404","1700","BRASILIA","SQN 202 BLOCO 'K'","LATERAL DIREITA DO BLOCO 'L'","LATERAL DIREITA DO BLOCO 'L'",-15.7825,-47.879306,true,"Operante","","","08/01/2025 10:00:00","08/01/2025 10:00:00","","100mm",""
"hid_775","1701","BSB00405","1701","BRASILIA","SQN 202 BLOCO 'I'","VIA DE ACESSO L1- LATERAL DO BLOCO 'I'","VIA DE ACESSO L1- LATERAL DO BLOCO 'I'",-15.793119,-47.878389,false,"Inoperante","HIDRANTE SOTERRADO","","27/01/2025 14:35:00","27/01/2025 14:35:00","","100mm",""
"hid_776","1702","BSB00406","1702","BRASILIA","SQN 209 BLOCO A ASA NORTE - BRASILIA-DF","VIA DE ACESSO L1- ENTRADA DA QUADRA/BANCA DE JORNAL 209","VIA DE ACESSO L1- ENTRADA DA QUADRA/BANCA DE JORNAL 209",-15.75825,-47.882083,true,"Operante","","","22/05/2025 11:00:00","22/05/2025 11:00:00","","100mm",""
"hid_777","1703","BSB00407","1703","BRASILIA","SQN 209 BLOCO D ASA NORTE - BRASILIA-DF","VIA DE ACESSO L1- LATERAL ESQUEDA DO BLOCO 'D'","VIA DE ACESSO L1- LATERAL ESQUEDA DO BLOCO 'D'",-15.759,-47.882444,true,"Operante","","","12/06/2025 10:00:00","12/06/2025 10:00:00","","100mm",""
"hid_778","1704","BSB00408","1704","BRASILIA","SQN 209 BLOCO E ASA NORTE - BRASILIA-DF","VIA DE ACESSO L1- FUNDOS AO LADO ESQUERDO DO BLOCO 'E'","VIA DE ACESSO L1- FUNDOS AO LADO ESQUERDO DO BLOCO 'E'",-15.759861,-47.883056,true,"Operante","","","17/03/2026 19:49:00","17/03/2026 19:49:00","","100mm",""
"hid_779","1705","BSB00409","1705","BRASILIA","SQN 209 BLOCO G ASA NORTE - BRASILIA-DF","VIA DE ACESSO L1- LATERAL DIREITA DO BLOCO G. 

LOCALIZAÇÃO CORRETA: S15º 45' 33.0"" W47º 53'01.1""","VIA DE ACESSO L1- LATERAL DIREITA DO BLOCO G. 

LOCALIZAÇÃO CORRETA: S15º 45' 33.0"" W47º 53'01.1""",-15.759167,-47.883639,true,"Operante","","","11/06/2025 12:30:00","11/06/2025 12:30:00","","100mm",""
"hid_780","1706","BSB00410","1706","BRASILIA","CLN 210 BLs. 'B'/'C'","VIA DE ACESSO L1- ENTRE OS BLs. 'B'/'C'","VIA DE ACESSO L1- ENTRE OS BLs. 'B'/'C'",-15.757444,-47.883111,true,"Operante","","","17/03/2026 19:39:00","17/03/2026 19:39:00","","100mm",""
"hid_781","1708","BSB00411","1708","BRASILIA","SQN 210 BLOCO 'J'","VIA DE ACESSO L1- EM FRENTE AO LADO ESQUEDO DO BLOCO 'J'","VIA DE ACESSO L1- EM FRENTE AO LADO ESQUEDO DO BLOCO 'J'",-15.755639,-47.884639,true,"Operante","","","11/06/2025 11:00:00","11/06/2025 11:00:00","","100mm",""
"hid_782","1710","BSB00413","1710","BRASILIA","SQN 407 BLOCO 'K'","VIA DE ACESSO L1- LATERAL ESQUERDA DO BLOCO 'K/L' NO CAMPO DE FUTEBOL","VIA DE ACESSO L1- LATERAL ESQUERDA DO BLOCO 'K/L' NO CAMPO DE FUTEBOL",-15.765139,-47.877889,true,"Operante","","","27/05/2025 10:00:00","27/05/2025 10:00:00","","100mm",""
"hid_783","1711","BSB00414","1711","BRASILIA","SQN 407 BLs. 'R'/'P'","VIA DE ACESSO L1- ENTRE OS BLs.'R'/'P'","VIA DE ACESSO L1- ENTRE OS BLs.'R'/'P'",-15.764056,-47.87725,true,"Operante","","","27/05/2025 10:30:00","27/05/2025 10:30:00","","100mm",""
"hid_784","1712","BSB00415","1712","BRASILIA","SQN 408 BLOCO 'D'","VIA DE ACESSO L1- FUNDOS DO BLOCO 'D'","VIA DE ACESSO L1- FUNDOS DO BLOCO 'D'",-15.762944,-47.87875,true,"Operante","","","17/03/2026 19:40:00","17/03/2026 19:40:00","","100mm",""
"hid_785","1713","BSB00416","1713","BRASILIA","SQN 408 BLOCO 'C'","VIA DE ACESSO L1- FUNDOS DO BLOCO 'C'","VIA DE ACESSO L1- FUNDOS DO BLOCO 'C'",-15.762111,-47.8795,true,"Operante","","","23/05/2025 08:30:00","23/05/2025 08:30:00","","100mm",""
"hid_786","1714","BSB00417","1714","BRASILIA","SQN 408 BLOCO 'O'","VIA DE ACESSO L1- EM FRENTE AO LADO ESQUERDO DO BLOCO 'O'","VIA DE ACESSO L1- EM FRENTE AO LADO ESQUERDO DO BLOCO 'O'",-15.761472,-47.877917,true,"Operante","","","23/05/2025 08:00:00","23/05/2025 08:00:00","","100mm",""
"hid_787","1715","BSB00418","1715","BRASILIA","SQN 409 BLOCO 'F'","VIA DE ACESSO L1- LATERAL ESQUERDA DO BLOCO 'F'","VIA DE ACESSO L1- LATERAL ESQUERDA DO BLOCO 'F'",-15.757639,-47.880361,true,"Operante","","","12/06/2025 12:30:00","12/06/2025 12:30:00","","100mm",""
"hid_788","1716","BSB00419","1716","BRASILIA","SQN 409 BLOCO 'J'","VIA DE ACESSO L1- LATERAL ESQUEDO DO BLOCO 'J'","VIA DE ACESSO L1- LATERAL ESQUEDO DO BLOCO 'J'",-15.7585,-47.880722,true,"Operante","","","17/03/2026 19:40:00","17/03/2026 19:40:00","","100mm",""
"hid_789","1717","BSB00420","1717","BRASILIA","SQN 409/VIA L1 PLLN 409 BLOCO B PARTE ASA NORTE - BRASILIA-DF","NA VIA L1- LATERAL DIREITA DO POSTO DE GASOLINA - PETROBRÁS.","NA VIA L1- LATERAL DIREITA DO POSTO DE GASOLINA - PETROBRÁS.",-15.758944,-47.881472,true,"Operante","","","22/05/2025 12:00:00","22/05/2025 12:00:00","","100mm",""
"hid_790","1718","BSB00421","1718","BRASILIA","SQN 409 BLOCO 'L'","VIA DE ACESSO L1- EM FRENTE AO LADO DIREITO DO BLOCO 'L'","VIA DE ACESSO L1- EM FRENTE AO LADO DIREITO DO BLOCO 'L'",-15.758889,-47.879861,true,"Operante","","","23/06/2025 11:00:00","23/06/2025 11:00:00","","100mm",""
"hid_791","1719","BSB00422","1719","BRASILIA","SQN 409 BLOCO 'O'","VIA DE ACESSO L1- LATERAL DIREITA DO BLOCO 'O'","VIA DE ACESSO L1- LATERAL DIREITA DO BLOCO 'O'",-15.758306,-47.879111,true,"Operante","","","22/05/2025 12:30:00","22/05/2025 12:30:00","","100mm",""
"hid_792","1720","BSB00423","1720","BRASILIA","SQN 409 BLOCO 'P'","VIA DE ACESSO L1- FUNDOS AO LADO ESQUERDO DO BLOCO 'P'","VIA DE ACESSO L1- FUNDOS AO LADO ESQUERDO DO BLOCO 'P'",-15.757361,-47.879361,true,"Operante","","","23/06/2025 12:30:00","23/06/2025 12:30:00","","100mm",""
"hid_793","1721","BSB00424","1721","BRASILIA","SQN 214","VIA DE ACESSO L1- Parque olhos dágua/Entrada principal à esquerda.","VIA DE ACESSO L1- Parque olhos dágua/Entrada principal à esquerda.",-15.742306,-47.886556,true,"Operante","","","29/05/2025 08:00:00","29/05/2025 08:00:00","","100mm",""
"hid_794","1722","BSB00425","1722","BRASILIA","SHCGN 714 BLOCO R CASA 12","FUNDOS CASA 12.","FUNDOS CASA 12.",-15.746444,-47.899278,true,"Operante","","","17/03/2026 19:41:00","17/03/2026 19:41:00","","100mm",""
"hid_795","1723","BSB00426","1723","BRASILIA","SQN 415 BLOCO 'E'/VIA L1","VIA DE ACESSO L1- FUNDOS AO LADO DIERITO DO BLOCO 'E'","VIA DE ACESSO L1- FUNDOS AO LADO DIERITO DO BLOCO 'E'",-15.739194,-47.887472,true,"Operante","","","26/05/2025 08:30:00","26/05/2025 08:30:00","","100mm",""
"hid_796","1724","BSB00427","1724","BRASILIA","SQN 415 BLOCO 'L'","VIA DE ACESSO L1- LATERAL ESQUERDA DO ESTACIONAMENTO DO BLOCO 'L'","VIA DE ACESSO L1- LATERAL ESQUERDA DO ESTACIONAMENTO DO BLOCO 'L'",-15.740472,-47.885444,true,"Operante","","","26/05/2025 08:00:00","26/05/2025 08:00:00","","100mm",""
"hid_797","1725","BSB00428","1725","BRASILIA","SQN 416 BLOCO 'A'/VIA L1","VIA DE ACESSO L1- EM FRENTE AO LODO ESQUEDO DO BLOCO 'A'","VIA DE ACESSO L1- EM FRENTE AO LODO ESQUEDO DO BLOCO 'A'",-15.738111,-47.887444,true,"Operante","","","26/05/2025 09:00:00","26/05/2025 09:00:00","","100mm",""
"hid_798","1726","BSB00429","1726","BRASILIA","SQN 416 BLOCO 'C'","VIA DE ACESSO L1- EM FRENTE AO LADO ESQUEDO DO BLOCO 'C'","VIA DE ACESSO L1- EM FRENTE AO LADO ESQUEDO DO BLOCO 'C'",-15.737361,-47.886056,true,"Operante","","","17/03/2026 19:42:00","17/03/2026 19:42:00","","100mm",""
"hid_799","1727","BSB00430","1727","BRASILIA","SQN 416 BLOCO 'K'","VIA DE ACESSO L1- EM FRENTE AO LODO ESQUEDO DO BLOCO 'K'","VIA DE ACESSO L1- EM FRENTE AO LODO ESQUEDO DO BLOCO 'K'",-15.735861,-47.886389,true,"Operante","","","26/05/2025 10:00:00","26/05/2025 10:00:00","","100mm",""
"hid_800","1728","BSB00431","1728","BRASILIA","SQN 602","NA VIA L2- EM FRENTE AO LADO DIREITO DA FUNDAÇÃO GETÚLIO VARGAS","NA VIA L2- EM FRENTE AO LADO DIREITO DA FUNDAÇÃO GETÚLIO VARGAS",-15.781556,-47.873833,true,"Operante","","","08/01/2025 09:00:00","08/01/2025 09:00:00","","100mm",""
"hid_801","1729","BSB00432","1729","BRASILIA","SETOR DE MANSÕES ISOLADAS NORTE - SMI","LADO OPOSTO DA MANSÃO 06, NA ÁREA VERDE DA MANSÃO Nº 09","LADO OPOSTO DA MANSÃO 06, NA ÁREA VERDE DA MANSÃO Nº 09",-15.775833,-47.860667,true,"Operante","","","20/08/2025 10:00:00","20/08/2025 10:00:00","","100mm",""
"hid_802","1730","BSB00433","1730","BRASILIA","PARQUE DE EXPOSIÇÃO AGROPECUÁRIA DO TORTO - PQEAT","NA VIA PRINCIPAL DA GRANJA DO TORTO EM FRENTE À ESCOLA CLASSE DO TORTO","NA VIA PRINCIPAL DA GRANJA DO TORTO EM FRENTE À ESCOLA CLASSE DO TORTO",-15.7055,-47.912111,true,"Operante","","","12/01/2026 16:55:00","12/01/2026 16:55:00","","100mm",""
"hid_803","1731","BSB00434","1731","BRASILIA","PARQUE DE EXPOSIÇÃO AGROPECUÁRIA DO TORTO - PQEAT","NA VIA PRINCIPAL DA GRANJA DO TORTO EM FRENTE À ASSOCIAÇÃO DOS CRIADORES DO PLANALTO","NA VIA PRINCIPAL DA GRANJA DO TORTO EM FRENTE À ASSOCIAÇÃO DOS CRIADORES DO PLANALTO",-15.703611,-47.912222,true,"Operante","","","12/01/2026 17:04:00","12/01/2026 17:04:00","","100mm",""
"hid_804","1732","BSB00435","1732","BRASILIA","PARQUE DE EXPOSIÇÃO AGROPECUÁRIA DO TORTO - PQEAT - VILA WESLIAN RORIZ RESIDÊNCIAL A","NA VIA PRINCIPAL DA GRANJA DO TORTO EM FRENTE À PARADA DE ÔNIBUS","NA VIA PRINCIPAL DA GRANJA DO TORTO EM FRENTE À PARADA DE ÔNIBUS",-15.709194,-47.911722,true,"Operante","","","12/01/2026 17:21:00","12/01/2026 17:21:00","","100mm",""
"hid_805","1733","BSB00436","1733","BRASILIA","SEN, 35 - Asa Norte, Brasília - DF, 70800-400, Brasil","OIT/OMS","OIT/OMS",-15.782389,-47.869194,true,"Operante","","","04/08/2025 10:00:00","04/08/2025 10:00:00","","100mm",""
"hid_806","1734","BSB00437","1734","BRASILIA","SEN, 9 - Brasília, DF, Brasil","EMBAIXADA DA NIGERIA","EMBAIXADA DA NIGERIA",-15.788472,-47.867389,true,"Operante","","","18/08/2025 08:30:00","18/08/2025 08:30:00","","100mm",""
"hid_807","1735","BSB00438","1735","BRASILIA","SEN, 15 - Brasília, DF, Brasil","EMBAIXADA DA COREIA DO SUL","EMBAIXADA DA COREIA DO SUL",-15.783306,-47.865667,true,"Operante","","","18/08/2025 08:00:00","18/08/2025 08:00:00","","100mm",""
"hid_808","1736","BSB00439","1736","BRASILIA","SEN, ONU - ORGANIZAÇÃO DAS NAÇÕES UNIDAS","A ESQUERDA DA ONU / FRENTE A EMBAIXADA DO SENEGAL","A ESQUERDA DA ONU / FRENTE A EMBAIXADA DO SENEGAL",-15.782028,-47.86525,true,"Operante","","","17/03/2026 19:42:00","17/03/2026 19:42:00","","100mm",""
"hid_809","1737","BSB00440","1737","BRASILIA","UNB - Arquivo Central - protocolo","Arquivo Central","Arquivo Central",-15.767361,-47.869361,true,"Operante","","","04/08/2025 08:30:00","04/08/2025 08:30:00","","100mm",""
"hid_810","1738","BSB00441","1738","BRASILIA","UNB Área 1, 12 - Brasília, DF, Brasil","ESTACIONAMENTO DO RU","ESTACIONAMENTO DO RU",-15.763806,-47.870778,true,"Operante","","","04/08/2025 08:00:00","04/08/2025 08:00:00","","100mm",""
"hid_811","1739","BSB00442","1739","BRASILIA","Estr. Parque das Nações (Via L4) - Brasília, DF, Brasil","ECT","ECT",-15.770278,-47.86325,true,"Operante","","","23/06/2025 10:30:00","23/06/2025 10:30:00","","100mm",""
"hid_812","1740","BSB00443","1740","BRASILIA","Estr. Parque das Nações (Via L4) - Brasília, DF, Brasil","CAMPO DE FUTBOL","CAMPO DE FUTBOL",-15.74525,-47.877667,true,"Operante","","","01/08/2025 10:30:00","01/08/2025 10:30:00","","100mm",""
"hid_813","1741","BSB00444","1741","BRASILIA","Estr. Parque das Nações (Via L4) - Brasília, DF, Brasil","ETE - PROXIMO A ADIMINISTRAÇÃO","ETE - PROXIMO A ADIMINISTRAÇÃO",-15.74525,-47.878389,true,"Operante","","","01/08/2025 10:00:00","01/08/2025 10:00:00","","100mm",""
"hid_814","1742","BSB00445","1742","BRASILIA","Estr. Parque das Nações (Via L4), 3 - Brasília, DF, Brasil","DENTRO DO CLUBE MINAS TÊNIS CLUBE","DENTRO DO CLUBE MINAS TÊNIS CLUBE",-15.752944,-47.86875,true,"Operante","","","04/08/2025 07:30:00","04/08/2025 07:30:00","","100mm",""
"hid_815","1743","BSB00446","1743","BRASILIA","SCEN Trecho 3, 3 - Asa Norte, Brasília - DF, 70800-130, Brasil","DENTRO DO CLUBE CRESPOM","DENTRO DO CLUBE CRESPOM",-15.748639,-47.873028,true,"Operante","","","01/08/2025 11:00:00","01/08/2025 11:00:00","","100mm",""
"hid_816","1744","BSB00447","1744","BRASILIA","PARQUE DE EXPOSIÇÃO AGROPECUÁRIA DO TORTO - PQEAT","PROXIMO A GALETERIA / CHURRASCARIA","PROXIMO A GALETERIA / CHURRASCARIA",-15.7075,-47.918028,true,"Operante","","","31/07/2025 12:30:00","31/07/2025 12:30:00","","100mm",""
"hid_817","1745","BSB00448","1745","BRASILIA","PARQUE DE EXPOSIÇÃO AGROPECUÁRIA DO TORTO - PQEAT","PROXIMO AO CANTEIRO DE OBRAS DA EBF","PROXIMO AO CANTEIRO DE OBRAS DA EBF",-15.703889,-47.91675,true,"Operante","","","31/07/2025 14:00:00","31/07/2025 14:00:00","","100mm",""
"hid_818","1746","BSB00449","1746","BRASILIA","PARQUE DE EXPOSIÇÃO AGROPECUÁRIA DO TORTO - PQEAT","AO LADO DO MINESHOPPING","AO LADO DO MINESHOPPING",-15.704056,-47.915278,true,"Operante","","","31/07/2025 14:30:00","31/07/2025 14:30:00","","100mm",""
"hid_819","1747","BSB00450","1747","BRASILIA","PARQUE DE EXPOSIÇÃO AGROPECUÁRIA DO TORTO - PQEAT","PRAÇA DE ALIMENTAÇÃO 01","PRAÇA DE ALIMENTAÇÃO 01",-15.70375,-47.914083,true,"Operante","","","31/07/2025 15:00:00","31/07/2025 15:00:00","","100mm",""
"hid_820","1748","BSB00451","1748","BRASILIA","PARQUE DE EXPOSIÇÃO AGROPECUÁRIA DO TORTO - PQEAT","PROXIMO a GUARITA DA ENTRADA DE SERVIÇO / CENTRAL DE RAÇÕES","PROXIMO a GUARITA DA ENTRADA DE SERVIÇO / CENTRAL DE RAÇÕES",-15.703167,-47.913306,true,"Operante","","","12/01/2026 17:08:00","12/01/2026 17:08:00","","100mm",""
"hid_821","1749","BSB00452","1749","BRASILIA","PARQUE DE EXPOSIÇÃO AGROPECUÁRIA DO TORTO - PQEAT","ENTRE A PISTA DE SHOW E OS GALPÕES 07 E 08","ENTRE A PISTA DE SHOW E OS GALPÕES 07 E 08",-15.705,-47.916944,true,"Operante","","","31/07/2025 13:30:00","31/07/2025 13:30:00","","100mm",""
"hid_822","1750","BSB00453","1750","BRASILIA","PARQUE DE EXPOSIÇÃO AGROPECUÁRIA DO TORTO - PQEAT","EM FRENTE AO CURRAL DE LEILÕES","EM FRENTE AO CURRAL DE LEILÕES",-15.704194,-47.918278,true,"Operante","","","31/07/2025 12:00:00","31/07/2025 12:00:00","","100mm",""
"hid_823","1751","BSB00454","1751","BRASILIA","PARQUE DE EXPOSIÇÃO AGROPECUÁRIA DO TORTO - PQEAT","EM FRENTE AO CAIXA D'ÁGUA","EM FRENTE AO CAIXA D'ÁGUA",-15.706722,-47.915667,true,"Operante","","","31/07/2025 13:00:00","31/07/2025 13:00:00","","100mm",""
"hid_824","1752","BSB00455","1752","BRASILIA","SOFN - Q. 03 CONJUNTO A LOTE 10","FRENTE AO LOTE 10","FRENTE AO LOTE 10",-15.744306,-47.9225,true,"Operante","","","19/05/2025 08:00:00","19/05/2025 08:00:00","","100mm",""
"hid_825","1753","BSB00456","1753","BRASILIA","SOFN - Q. 02 CONJUNTO E LOTE 12 FUNDOS","FUNDOS DO LOTE 12","FUNDOS DO LOTE 12",-15.745972,-47.925028,true,"Operante","","","19/05/2025 08:30:00","19/05/2025 08:30:00","","100mm",""
"hid_826","1754","BSB00457","1754","BRASILIA","SOFN - Q. 02 CONJUNTO C LOTE 20 FUNDOS","FUNDOS LOTE 20 / FRENTE A NOVACAP","FUNDOS LOTE 20 / FRENTE A NOVACAP",-15.747472,-47.926,true,"Operante","","","19/05/2025 10:00:00","19/05/2025 10:00:00","","100mm",""
"hid_827","1755","BSB00458","1755","BRASILIA","SOFN - Q. 02 CONJUNTO A LOTE 11","FRENTE AO LOTE 11","FRENTE AO LOTE 11",-15.749194,-47.927111,true,"Operante","","","19/05/2025 10:30:00","19/05/2025 10:30:00","","100mm",""
"hid_828","1757","BSB00460","1757","BRASILIA","SOFN - Q. 02 CONJUNTO D LOTE 01","FUNDOS DA NOVA ENGENHARIA","FUNDOS DA NOVA ENGENHARIA",-15.747056,-47.924444,true,"Operante","","","19/05/2025 11:00:00","19/05/2025 11:00:00","","100mm",""
"hid_829","1758","BSB00461","1758","BRASILIA","SOFN - Q. 02 CONJUNTO B LOTE 11","FRENTE AO LOTE 11","FRENTE AO LOTE 11",-15.748556,-47.925417,true,"Operante","","","19/05/2025 11:30:00","19/05/2025 11:30:00","","100mm",""
"hid_830","1759","BSB00462","1759","BRASILIA","SOFN - Q. 04 CONJUNTO H LOTE 30","LATERAL ESQUERDA DO LOTE 30","LATERAL ESQUERDA DO LOTE 30",-15.745833,-47.922139,true,"Operante","","","19/05/2025 12:00:00","19/05/2025 12:00:00","","100mm",""
"hid_831","1760","BSB00463","1760","BRASILIA","SOFN - Q. 01 CONJUNTO B LOTE 11","FRENTE A CORINA CERVEJAS ARTESANAIS","FRENTE A CORINA CERVEJAS ARTESANAIS",-15.748389,-47.924028,true,"Operante","","","11/08/2025 09:00:00","11/08/2025 09:00:00","","100mm",""
"hid_832","1761","BSB00464","1761","BRASILIA","SOFN - Q. 04 CONJUNTO B/G","ENTRE OS BLOCOS B LOTE 05 E BLOCO G LOTE 01","ENTRE OS BLOCOS B LOTE 05 E BLOCO G LOTE 01",-15.747639,-47.922694,true,"Operante","","","11/08/2025 08:30:00","11/08/2025 08:30:00","","100mm",""
"hid_833","1762","BSB00465","1762","BRASILIA","SGO Q 6 Lote A - Brasília, DF, 70610-660, Brasil","EPAA - EM FRENTE À TCB - LADO DIREITO DA ENTRADA","EPAA - EM FRENTE À TCB - LADO DIREITO DA ENTRADA",-15.774861,-47.910333,true,"Operante","","","23/07/2025 10:30:00","23/07/2025 10:30:00","","100mm",""
"hid_834","1764","BSB00466","1764","BRASILIA","SGO Q 6 Lote A - Brasília, DF, 70610-660, Brasil","VIA DE ACESSO EPAA - LATERAL ESQUERDA DO ALMOXARIFADO DA TCB","VIA DE ACESSO EPAA - LATERAL ESQUERDA DO ALMOXARIFADO DA TCB",-15.773167,-47.909056,true,"Operante","","","23/07/2025 11:30:00","23/07/2025 11:30:00","","100mm",""
"hid_835","1766","BSB00468","1766","BRASILIA","SGON Q 3, 10-250 - Brasília, DF, Brasil","VIA DE ACESSO EPAA - EM FRENTE AO RESTAURANTE NOTRE DAME/PRÓX. A GARAGEM DOS CORREIOS","VIA DE ACESSO EPAA - EM FRENTE AO RESTAURANTE NOTRE DAME/PRÓX. A GARAGEM DOS CORREIOS",-15.779889,-47.910861,true,"Operante","","","19/12/2025 12:15:00","19/12/2025 12:15:00","","100mm",""
"hid_836","1767","BSB00469","1767","BRASILIA","SGO Q 5 LOTE 02 A 07 - Brasília, DF, Brasil","VIA DE ACESSO EPAA - EM FRENTE À GARAGEM DE HELICÓPTERO DA POLÍCIA CIVIL","VIA DE ACESSO EPAA - EM FRENTE À GARAGEM DE HELICÓPTERO DA POLÍCIA CIVIL",-15.779611,-47.912611,true,"Operante","","","19/12/2025 12:16:00","19/12/2025 12:16:00","","100mm",""
"hid_837","1768","BSB00470","1768","BRASILIA","SGON Q 5 LOTE 11/12 - Brasília, DF, Brasil","VIA DE ACESSO EPAA - EM FRENTE AO LADO ESQUERDO DA GARAGEM DA TERRACAP","VIA DE ACESSO EPAA - EM FRENTE AO LADO ESQUERDO DA GARAGEM DA TERRACAP",-15.777889,-47.912028,true,"Operante","","","19/12/2025 12:17:00","19/12/2025 12:17:00","","100mm",""
"hid_838","1769","BSB00471","1769","BRASILIA","SGON Q 5, LOTE 15 A 18 - Brasília, DF, Brasil","VIA DE ACESSO EPAA - EM FRENTE À GARAGEM DA DPRF","VIA DE ACESSO EPAA - EM FRENTE À GARAGEM DA DPRF",-15.776162,-47.911554,true,"Operante","","","23/07/2025 09:30:00","23/07/2025 09:30:00","","100mm",""
"hid_839","1770","BSB00472","1770","BRASILIA","SGO QUADRA 03 - BRASÍLIA-DF","EM FRENTE A GARAGEM MINISTÉRIO DA AGRICULTURA","EM FRENTE A GARAGEM MINISTÉRIO DA AGRICULTURA",-15.780972,-47.91125,true,"Operante","","","17/03/2026 19:43:00","17/03/2026 19:43:00","","100mm",""
"hid_840","1771","BSB00473","1771","BRASILIA","SGON Q 5 LOTE 23 - Brasília, DF, 70610-660, Brasil","VIA DE ACESSO EPAA - EM FRENTE À DIRETORIA DE GESTÃO DE FROTA","VIA DE ACESSO EPAA - EM FRENTE À DIRETORIA DE GESTÃO DE FROTA",-15.773778,-47.910528,true,"Operante","","","23/07/2025 11:00:00","23/07/2025 11:00:00","","100mm",""
"hid_841","1772","BSB00474","1772","BRASILIA","SHCGN 716 Bl. "" C "" Casa 04 - Via W4","VIA DE ACESSO W4 - EM FRENTE AO LADO ESQUERDO DO BL. ""C"" CASA 04","VIA DE ACESSO W4 - EM FRENTE AO LADO ESQUERDO DO BL. ""C"" CASA 04",-15.741111,-47.899778,true,"Operante","","","17/03/2026 19:44:00","17/03/2026 19:44:00","","100mm",""
"hid_842","1773","BSB00475","1773","BRASILIA","SHCGN 716 BLOCO ""O"" CASA 14 - Brasília, DF, Brasil","VIA DE ACESSO W4 - FUNDOS DO BL. ""A"" CASA 14","VIA DE ACESSO W4 - FUNDOS DO BL. ""A"" CASA 14",-15.740139,-47.900611,true,"Operante","","","19/08/2025 10:30:00","19/08/2025 10:30:00","","100mm",""
"hid_843","1774","BSB00476","1774","BRASILIA","SQN 508 BLOCO ""A"" Via W 3 Norte - Brasília, DF, Brasil","NA VIA DE ACESSO W3 - EM FRENTE AO BL. ""A""/PARADA DE ÔNIBUS","NA VIA DE ACESSO W3 - EM FRENTE AO BL. ""A""/PARADA DE ÔNIBUS",-15.765917,-47.890083,true,"Operante","","","11/02/2026 18:40:00","11/02/2026 18:40:00","","100mm",""
"hid_844","1775","BSB00477","1775","BRASILIA","SQN 509 BLOCO ""A"" Via W 3 Norte - Brasília, DF, Brasil","NA VIA DE ACESSO W3 - EM FRENTE AO BL. ""A"" ED. NAZIR I","NA VIA DE ACESSO W3 - EM FRENTE AO BL. ""A"" ED. NAZIR I",-15.762778,-47.890917,true,"Operante","","","11/06/2025 07:30:00","11/06/2025 07:30:00","","100mm",""
"hid_845","1776","BSB00478","1776","BRASILIA","SQN 509 BLOCO ""B"" Via W 3 Norte - Brasília, DF, Brasil","VIA DE ACESSO W3 - NA LATERAL DIREITA DO BLOCO ""B"" ED. CONTAG","VIA DE ACESSO W3 - NA LATERAL DIREITA DO BLOCO ""B"" ED. CONTAG",-15.761833,-47.891389,true,"Operante","","","11/06/2025 08:00:00","11/06/2025 08:00:00","","100mm",""
"hid_846","1777","BSB00479","1777","BRASILIA","SQN 510 BLOCO ""C"" Via W 3 Norte - Brasília, DF, Brasil","NA VIA DE ACESSO W3 - EM FRENTE AO ESTACIONAMENTO DO BL. ""C""/JUSTIÇA FEDERAL","NA VIA DE ACESSO W3 - EM FRENTE AO ESTACIONAMENTO DO BL. ""C""/JUSTIÇA FEDERAL",-15.758278,-47.892611,true,"Operante","","","11/06/2025 09:00:00","11/06/2025 09:00:00","","100mm",""
"hid_847","1779","BSB00480","1779","BRASILIA","SQN 515 BLOCO ""E"" - Via W 3 Norte - Brasília, DF, Brasil","NA VIA DE ACESSO W3 - EM FRENTE AO LADO ESQUERDO DO BL. ""E""","NA VIA DE ACESSO W3 - EM FRENTE AO LADO ESQUERDO DO BL. ""E""",-15.741583,-47.897861,true,"Operante","","","23/07/2025 13:00:00","23/07/2025 13:00:00","","100mm",""
"hid_848","1780","BSB00481","1780","BRASILIA","SQN 514 BLOCO ""A"" - Via W 3 Norte - Brasília, DF, Brasil","NA VIA DE ACESSO W3 - EM FRENTE AO BL. ""A""/LATERAL ESQUERDA DA PARADA DE ÔNIBUS","NA VIA DE ACESSO W3 - EM FRENTE AO BL. ""A""/LATERAL ESQUERDA DA PARADA DE ÔNIBUS",-15.747361,-47.896028,true,"Operante","","","01/08/2025 07:30:00","01/08/2025 07:30:00","","100mm",""
"hid_849","1781","BSB00482","1781","BRASILIA","SQN 111 BLOCOS ""J/K"" - ERW - Norte - Brasília, DF, Brasil","LADO ESQUERDO DA PARADA DE ÔNIBUS - FUNDOS DOS BLOCOS ""J/K"" - ÁREA VERDE","LADO ESQUERDO DA PARADA DE ÔNIBUS - FUNDOS DOS BLOCOS ""J/K"" - ÁREA VERDE",-15.753306,-47.887778,false,"Inoperante","CARRETEL DO REGISTRO DANIFICADO","","10/06/2025 19:45:00","10/06/2025 19:45:00","","100mm",""
"hid_850","1782","BSB00483","1782","BRASILIA","SQN 111 BLOCO ""K"" - ERW - Norte - Brasília, DF, Brasil","VIA DE ACESSO W1 - LATERAL ESQUERDA DO BLOCO ""K""","VIA DE ACESSO W1 - LATERAL ESQUERDA DO BLOCO ""K""",-15.752708,-47.888235,true,"Operante","","","02/07/2025 10:30:00","02/07/2025 10:30:00","","100mm",""
"hid_851","1783","BSB00484","1783","BRASILIA","SQN 112 BLOCO ""H"" - W1 - Norte - Brasília, DF, Brasil","VIA DE ACESSO W1 - EM FRENTE AO LADO ESQUERDA DO BLOCO ""H""","VIA DE ACESSO W1 - EM FRENTE AO LADO ESQUERDA DO BLOCO ""H""",-15.7515,-47.88875,true,"Operante","","","10/06/2025 11:30:00","10/06/2025 11:30:00","","100mm",""
"hid_852","1784","BSB00485","1784","BRASILIA","SQN 112 BLOCO ""E"" Via W1 Norte, 112 - Brasília, DF, Brasil","VIA DE ACESSO W1 - EM FRENTE AO LADO DIREITO DO BLOCO ""E""/ÁREA VERDE","VIA DE ACESSO W1 - EM FRENTE AO LADO DIREITO DO BLOCO ""E""/ÁREA VERDE",-15.751944,-47.890306,true,"Operante","","","01/08/2025 09:30:00","01/08/2025 09:30:00","","100mm",""
"hid_853","1785","BSB00486","1785","BRASILIA","SQN 112 BLOCO ""D"" - W1 NORTE - Brasília, DF, Brasil","VIA DE ACESSO W1 - EM FRENTE AO BLOCO ""D""","VIA DE ACESSO W1 - EM FRENTE AO BLOCO ""D""",-15.750278,-47.889861,true,"Operante","","","11/06/2025 09:30:00","11/06/2025 09:30:00","","100mm",""
"hid_854","1786","BSB00487","1786","BRASILIA","SQN 113 BLOCO ""H/F"" - W1 NORTE Brasília - DF, 70297-400, Brasil","VIA DE ACESSO W1 - FUNDOS ENTRE OS BLOCOS ""H/F""/ÁREA VERDE","VIA DE ACESSO W1 - FUNDOS ENTRE OS BLOCOS ""H/F""/ÁREA VERDE",-15.749056,-47.890667,true,"Operante","","","01/08/2025 09:00:00","01/08/2025 09:00:00","","100mm",""
"hid_855","1787","BSB00488","1787","BRASILIA","SQN 113 BLOCO ""H"" - W1 NORTE Brasília - DF, 70297-400, Brasil","VIA DE ACESSO W1 - EM FRENTE AO LADO ESQUERDO DO BLOCO ""H""","VIA DE ACESSO W1 - EM FRENTE AO LADO ESQUERDO DO BLOCO ""H""",-15.748194,-47.8895,true,"Operante","","","18/06/2025 08:00:00","18/06/2025 08:00:00","","100mm",""
"hid_856","1788","BSB00489","1788","BRASILIA","SQN 113 BLOCO ""J"" - BRASÍLIA-DF","A DIREITA DA PARADA DE ÔNIBUS - EM FRENTE AO LADO DIREITO DO BLOCO ""J""","A DIREITA DA PARADA DE ÔNIBUS - EM FRENTE AO LADO DIREITO DO BLOCO ""J""",-15.746917,-47.890111,false,"Inoperante","HIDRANTE REMOVIDO OU NÃO ENCONTRADO","","30/05/2025 09:00:00","30/05/2025 09:00:00","","100mm",""
"hid_857","1789","BSB00490","1789","BRASILIA","SQN 115 BLOCO ""C"" - W1 NORTE - Brasília, DF, Brasil","VIA DE ACESSO W1 - EM FRENTE AO LADO DIREITO DO BLOCO ""C""","VIA DE ACESSO W1 - EM FRENTE AO LADO DIREITO DO BLOCO ""C""",-15.742667,-47.8935,true,"Operante","","","11/06/2025 10:30:00","11/06/2025 10:30:00","","100mm",""
"hid_858","1790","BSB00491","1790","BRASILIA","SQN 115 BLOCO ""E"" - W1 NORTE - Brasília, DF, Brasil","VIA DE ACESSO W1 - LATERAL DIREITA DO BLOCO ""E""","VIA DE ACESSO W1 - LATERAL DIREITA DO BLOCO ""E""",-15.741056,-47.893556,true,"Operante","","","03/06/2025 13:00:00","03/06/2025 13:00:00","","100mm",""
"hid_859","1791","BSB00492","1791","BRASILIA","SQN 115 BLOCO ""H"" - W1 Norte, Brasília - DF, 70297-400, Brasil","VIA DE ACESSO W1 - LATERAL DIREITA DO ESTAC. DA EC 115/LATERAL ESQUERDA DO BL. ""H""","VIA DE ACESSO W1 - LATERAL DIREITA DO ESTAC. DA EC 115/LATERAL ESQUERDA DO BL. ""H""",-15.741583,-47.892444,true,"Operante","","","05/06/2025 12:30:00","05/06/2025 12:30:00","","100mm",""
"hid_860","1792","BSB00493","1792","BRASILIA","SQN 115 BLOCO ""H"" - W1 NORTE - Brasília, DF, Brasil","VIA DE ACESSO W1 - FUNDOS DO BLOCO ""H""","VIA DE ACESSO W1 - FUNDOS DO BLOCO ""H""",-15.742083,-47.89175,true,"Operante","","","11/06/2025 10:00:00","11/06/2025 10:00:00","","100mm",""
"hid_861","1793","BSB00494","1793","BRASILIA","SQN 114 BLOCO ""B/D"" - W1 NORTE Brasília - DF, 70297-400, Brasil","VIA DE ACESSO W1 - ENTRE OS BLOCOS ""B/D""","VIA DE ACESSO W1 - ENTRE OS BLOCOS ""B/D""",-15.7455,-47.892417,true,"Operante","","","19/01/2026 15:07:00","19/01/2026 15:07:00","","100mm",""
"hid_862","1794","BSB00495","1794","BRASILIA","SCLRN 116 BLOCOS ""B/C"" BRASÍLIA-DF","ENTRE OS BLOCOS ""B/C""","ENTRE OS BLOCOS ""B/C""",-15.740111,-47.893694,true,"Operante","","","23/07/2025 14:30:00","23/07/2025 14:30:00","","100mm",""
"hid_863","1795","BSB00496","1795","BRASILIA","SRPN- GIN NILSON NELSON, VIA N1","ACESSSO EIXO MONUMENTAL N1, EM FRENTE AO LADO AO LADO DIREITO DA CAIXA DÁGUA, FUNDOS DO ESTACIONAMENTO DO GINÁSIO","ACESSSO EIXO MONUMENTAL N1, EM FRENTE AO LADO AO LADO DIREITO DA CAIXA DÁGUA, FUNDOS DO ESTACIONAMENTO DO GINÁSIO",-15.781889,-47.904778,false,"Inoperante","HIDRANTE SOTERRADO","","19/12/2025 12:26:00","19/12/2025 12:26:00","","100mm",""
"hid_864","1796","BSB00497","1796","BRASILIA","SRPN, CPAS, GINÁSIO NILSON NELSON","VIA DE ACESSO AO EIXO MONUMENTAL N1, EM FRENTE AO PORTÃO Nº3, LADO ESQUERDO ESTACIONAMENTO.","VIA DE ACESSO AO EIXO MONUMENTAL N1, EM FRENTE AO PORTÃO Nº3, LADO ESQUERDO ESTACIONAMENTO.",-15.78375,-47.904611,false,"Inoperante","HIDRANTE SOTERRADO","","19/12/2025 12:27:00","19/12/2025 12:27:00","","100mm",""
"hid_865","1797","BSB00498","1797","BRASILIA","SRPN, CPAS, GIN NILSON NELSON","VIA DE ACESSO AO EIXO MONUMENTAL N1, EM FRENTE AO PORTAO Nº 3","VIA DE ACESSO AO EIXO MONUMENTAL N1, EM FRENTE AO PORTAO Nº 3",-15.784306,-47.903167,true,"Operante","","","19/12/2025 12:24:00","19/12/2025 12:24:00","","100mm",""
"hid_866","1798","BSB00499","1798","BRASILIA","SRPN/CPAS - CLÁUDIO COUTINHO","VIA DE ACESSO CINE DRIVE-IN - ÁREA VERDE / FRENTE AS QUADRAS DE ESPORTE","VIA DE ACESSO CINE DRIVE-IN - ÁREA VERDE / FRENTE AS QUADRAS DE ESPORTE",-15.779928,-47.902556,true,"Operante","","","31/07/2025 09:00:00","31/07/2025 09:00:00","","100mm",""
"hid_867","1799","BSB00500","1799","BRASILIA","SRPN/CPAS - CLÁUDIO COUTINHO","VIA DE ACESSO DO AUTÓDROMO- EM FRENTE AS QUADRAS DE FUTSAL DO DEFER","VIA DE ACESSO DO AUTÓDROMO- EM FRENTE AS QUADRAS DE FUTSAL DO DEFER",-15.780417,-47.904417,true,"Operante","","","31/07/2025 08:00:00","31/07/2025 08:00:00","","100mm",""
"hid_868","1800","BSB00501","1800","BRASILIA","SRPN/CPAS - DEFER","VIA DE ACESSO CINE DRIVE-IN - ÁREA VERDE / FRENTE AS QUADRAS DE ESPORTE","VIA DE ACESSO CINE DRIVE-IN - ÁREA VERDE / FRENTE AS QUADRAS DE ESPORTE",-15.781333,-47.902611,true,"Operante","","","31/07/2025 08:30:00","31/07/2025 08:30:00","","100mm",""
"hid_869","1801","BSB00502","1801","BRASILIA","SRPN/CPAS - ESTÁDIO MANÉ GARRINCHA","EIXO MONUMENTAL N1- EM FRENTE AO PORTÃO Nº 10 DO ESTÁDIO","EIXO MONUMENTAL N1- EM FRENTE AO PORTÃO Nº 10 DO ESTÁDIO",-15.785333,-47.898833,true,"Operante","","","31/07/2025 11:00:00","31/07/2025 11:00:00","","100mm",""
"hid_870","1802","BSB00503","1802","BRASILIA","SRPN/CPAS - ESTÁDIO MANÉ GARRINCHA","EIXO MONUMENTAL N1- EM FRENTE AO PORTÃO Nº 08 DO GINASIO","EIXO MONUMENTAL N1- EM FRENTE AO PORTÃO Nº 08 DO GINASIO",-15.785083,-47.900083,true,"Operante","","","31/07/2025 10:00:00","31/07/2025 10:00:00","","100mm",""
"hid_871","1804","BSB00504","1804","BRASILIA","SRPN/CPAS/AUTODROMO INTERNACIONAL NELSON PIQUET","LADO DIREITO DO PORTÃO DE ENTRADA DO AUTODROMO ( PARTE EXTERNA ).","LADO DIREITO DO PORTÃO DE ENTRADA DO AUTODROMO ( PARTE EXTERNA ).",-15.7725,-47.901028,true,"Operante","","","20/01/2025 08:50:00","20/01/2025 08:50:00","","100mm",""
"hid_872","1805","BSB00505","1805","BRASILIA","SRPN/CPAS/AUTODROMO INTERNACIONAL NELSON PIQUET","FUNDOS AO LADO DIREITO DA ARQUIBANCADA 03 DO AUTODROMO ( PARTE EXTERNA ).","FUNDOS AO LADO DIREITO DA ARQUIBANCADA 03 DO AUTODROMO ( PARTE EXTERNA ).",-15.771778,-47.899111,true,"Operante","","","20/01/2025 09:05:00","20/01/2025 09:05:00","","100mm",""
"hid_873","1806","BSB00506","1806","BRASILIA","SRPN/CPAS/AUTODROMO INTERNACIONAL NELSON PIQUET","VIA DE ACESSO AO AUTÓDROMO - FUNDOS AO LADO DIREITO DA ARQUIBANCADA 02 (PARTE EXTERNA)","VIA DE ACESSO AO AUTÓDROMO - FUNDOS AO LADO DIREITO DA ARQUIBANCADA 02 (PARTE EXTERNA)",-15.771472,-47.898278,true,"Operante","","","20/05/2025 10:30:00","20/05/2025 10:30:00","","100mm",""
"hid_874","1807","BSB00507","1807","BRASILIA","SQN 410 BLOCO""A"" Via L1 Norte, 2 - Brasília, DF, 70744-450, Brasil","Via L1 Norte - EM FRENTE AO LADO DIREIRO DO BL. ""A""/IGREJA PRESBITERIANA","Via L1 Norte - EM FRENTE AO LADO DIREIRO DO BL. ""A""/IGREJA PRESBITERIANA",-15.75675,-47.881472,true,"Operante","","","12/06/2025 09:30:00","12/06/2025 09:30:00","","100mm",""
"hid_875","1808","BSB00508","1808","BRASILIA","SQN 410 BLOCO ""C"" Via L1 Norte - Brasília, DF, 70864-510, Brasil","VIA DE ACESSO L1 - LATERAL ESQUERDA DO BLOCO ""C""","VIA DE ACESSO L1 - LATERAL ESQUERDA DO BLOCO ""C""",-15.75575,-47.880944,true,"Operante","","","12/06/2025 09:00:00","12/06/2025 09:00:00","","100mm",""
"hid_876","1809","BSB00509","1809","BRASILIA","SQN 410 BLOCO ""E"" - Via L2 Norte - Brasília, DF, Brasil","VIA DE ACESSO L1 - LATERAL DIREITA DO BLOCO ""E""","VIA DE ACESSO L1 - LATERAL DIREITA DO BLOCO ""E""",-15.755528,-47.880389,true,"Operante","","","12/06/2025 08:30:00","12/06/2025 08:30:00","","100mm",""
"hid_877","1810","BSB00510","1810","BRASILIA","SQN 410 BLOCO ""G"" Via L1 Norte - Brasília, DF, 70864-510, Brasil","VIA DE ACESSO L1 - FUNDOS AO LADO DIREITO DO BLOCO ""G""","VIA DE ACESSO L1 - FUNDOS AO LADO DIREITO DO BLOCO ""G""",-15.755556,-47.881611,true,"Operante","","","11/02/2026 18:41:00","11/02/2026 18:41:00","","100mm",""
"hid_878","1811","BSB00511","1811","BRASILIA","SQN 410 BLOCO ""O"" - Asa Norte, Brasília - DF, Brasil","VIA DE ACESSO L1 - EM FRENTE AO LADO DIREITO DO BLOCO ""O""","VIA DE ACESSO L1 - EM FRENTE AO LADO DIREITO DO BLOCO ""O""",-15.754361,-47.881889,true,"Operante","","","17/03/2026 20:20:00","17/03/2026 20:20:00","","100mm",""
"hid_879","1812","BSB00512","1812","BRASILIA","CLN 411 BLOCO ""C/D"" Via L1 Norte - Brasília, DF, 70864-510, Brasil","VIA DE ACESSO L1/L2 AO LADO DO SEMÁFORO","VIA DE ACESSO L1/L2 AO LADO DO SEMÁFORO",-15.753611,-47.881639,true,"Operante","","","12/06/2025 08:00:00","12/06/2025 08:00:00","","100mm",""
"hid_880","1813","BSB00513","1813","BRASILIA","SQN 411 - Via L1 Norte - Brasília, DF, 70864-510, Brasil","NA VIA DE ACESSO L1 - LATERAL DIREITA DO POSTO DE GASOLINA","NA VIA DE ACESSO L1 - LATERAL DIREITA DO POSTO DE GASOLINA",-15.753556,-47.883111,true,"Operante","","","22/05/2025 10:30:00","22/05/2025 10:30:00","","100mm",""
"hid_881","1814","BSB00514","1814","BRASILIA","SQN 411 BLOCO ""A/D"" - VIA DE ACESSO L1 NORTE - Asa Norte, Brasília - DF, Brasil","VIA DE ACESSO L1 - FUNDOS AO LADO ESQUERDO DO BLOCO ""A/D""","VIA DE ACESSO L1 - FUNDOS AO LADO ESQUERDO DO BLOCO ""A/D""",-15.751,-47.882833,true,"Operante","","","31/07/2025 10:00:00","31/07/2025 10:00:00","","100mm",""
"hid_882","1815","BSB00515","1815","BRASILIA","SQN 411 BLOCO ""B"" Via L1 Norte - Brasília, DF, 70864-510, Brasil","VIA DE ACESSO L1 - FUNDOS AO LADO ESQUERDO DO BLOCO ""B""","VIA DE ACESSO L1 - FUNDOS AO LADO ESQUERDO DO BLOCO ""B""",-15.750611,-47.881611,true,"Operante","","","11/02/2026 18:41:00","11/02/2026 18:41:00","","100mm",""
"hid_883","1816","BSB00516","1816","BRASILIA","SQN 411 BLOCO ""E"" - Via L2 Norte - Brasília, DF, Brasil","VIA DE ACESSO L1 - FUNDOS DO BLOCO ""E""","VIA DE ACESSO L1 - FUNDOS DO BLOCO ""E""",-15.751222,-47.881528,true,"Operante","","","31/07/2025 09:30:00","31/07/2025 09:30:00","","100mm",""
"hid_884","1817","BSB00517","1817","BRASILIA","SQN 411 BLOCO ""I"" - Via L1 Norte - Brasília, DF, 70864-510, Brasil","VIA DE ACESSO L1 - EM FRENTE AO LADO DIREITO DO BLOCO ""I""","VIA DE ACESSO L1 - EM FRENTE AO LADO DIREITO DO BLOCO ""I""",-15.752083,-47.882611,true,"Operante","","","27/05/2025 08:00:00","27/05/2025 08:00:00","","100mm",""
"hid_885","1818","BSB00518","1818","BRASILIA","SQN 411 BLOCO ""J"" - Via L1 Norte - Brasília, DF, 70864-510, Brasil","VIA DE ACESSO L1 - ENTRE O BLOCO J E O COLÉGIO 411","VIA DE ACESSO L1 - ENTRE O BLOCO J E O COLÉGIO 411",-15.753028,-47.882417,true,"Operante","","","22/05/2025 10:00:00","22/05/2025 10:00:00","","100mm",""
"hid_886","1819","BSB00519","1819","BRASILIA","SQN 411 BLOCO ""O"" - Via L1 Norte - Brasília, DF, Brasil","VIA DE ACESSO L1 - FUNDOS AO LADO ESQUERDO DO BLOCO ""M""","VIA DE ACESSO L1 - FUNDOS AO LADO ESQUERDO DO BLOCO ""M""",-15.75225,-47.881222,true,"Operante","","","22/05/2025 09:00:00","22/05/2025 09:00:00","","100mm",""
"hid_887","1820","BSB00520","1820","BRASILIA","SQN 412 BLOCO ""B"" - Via L1 Norte - Brasília, DF, 70864-510, Brasil","VIA DE ACESSO L1 - FUNDOS AO LADO DIREITO DO BLOCO ""B""","VIA DE ACESSO L1 - FUNDOS AO LADO DIREITO DO BLOCO ""B""",-15.750472,-47.883083,true,"Operante","","","29/05/2025 11:30:00","29/05/2025 11:30:00","","100mm",""
"hid_888","1821","BSB00521","1821","BRASILIA","SQN 412 - BLOCO ""F"" - Via L2 Norte - Brasília, DF, Brasil","VIA DE ACESSO L1 - ENTRE O BLOCO 'D"" E O ""F""","VIA DE ACESSO L1 - ENTRE O BLOCO 'D"" E O ""F""",-15.749222,-47.882,true,"Operante","","","29/05/2025 12:00:00","29/05/2025 12:00:00","","100mm",""
"hid_889","1823","BSB00522","1823","BRASILIA","SQN 412 BLOCO ""C"" - Via L1 Norte - Brasília, DF, Brasil","VIA DE ACESSO L1 - LATERAL ESQUERDA DO BLOCO ""C""","VIA DE ACESSO L1 - LATERAL ESQUERDA DO BLOCO ""C""",-15.749528,-47.882611,true,"Operante","","","29/05/2025 12:30:00","29/05/2025 12:30:00","","100mm",""
"hid_890","1824","BSB00523","1824","BRASILIA","SQN 412 BLOCO ""G"" ACESSO L1 NORTE - Asa Norte, Brasília - DF, 70800-130, Brasil","VIA DE ACESSO L1 - LATERAL ESQUERDA DO BLOCO ""G""","VIA DE ACESSO L1 - LATERAL ESQUERDA DO BLOCO ""G""",-15.749306,-47.883722,true,"Operante","","","11/02/2026 18:41:00","11/02/2026 18:41:00","","100mm",""
"hid_891","1827","BSB00524","1827","BRASILIA","VILA PLANALTO - SCEN - Brasília, DF, Brasil","VIA DE ACESSO SCEN TRECHO 1RUA DO CAMPO - EM FRENTE AO LADO ESQUERDO DO POSTO DE GASOLINA MELHOR","VIA DE ACESSO SCEN TRECHO 1RUA DO CAMPO - EM FRENTE AO LADO ESQUERDO DO POSTO DE GASOLINA MELHOR",-15.79,-47.850611,true,"Operante","","","25/11/2025 08:00:00","25/11/2025 08:00:00","","100mm",""
"hid_892","1828","BSB00525","1828","BRASILIA","VILA PLANALTO SCEN Trecho 1 Rua do Campo - Brasília, DF, Brasil","VIA DE ACESSO SCEN TRECHO 1RUA DO CAMPO - EM FRENTE AO LADO DIREITO DO POSTO DE GASOLINA MELHOR","VIA DE ACESSO SCEN TRECHO 1RUA DO CAMPO - EM FRENTE AO LADO DIREITO DO POSTO DE GASOLINA MELHOR",-15.790056,-47.848583,true,"Operante","","","25/11/2025 08:00:00","25/11/2025 08:00:00","","100mm",""
"hid_893","1830","BSB00526","1830","BRASILIA","SHTN - Via Palácio Presidencial - Brasília, DF, Brasil","VIA DE ACESSO PALÁCIO PRESIDENCIAL - ENTRADA ESQUERDA/ÁREA EXTERNA DO PALÁCIO","VIA DE ACESSO PALÁCIO PRESIDENCIAL - ENTRADA ESQUERDA/ÁREA EXTERNA DO PALÁCIO",-15.791917,-47.826083,true,"Operante","","","25/11/2025 09:00:00","25/11/2025 09:00:00","","100mm",""
"hid_894","1831","BSB00527","1831","BRASILIA","SHTN - Via Palácio Presidencial - Brasília, DF, Brasil","VIA DE ACESSO PALÁCIO PRESIDENCIAL - DENTRO DO PALÁCIO ENTRE A CAPELA E A CERCA DO LAGO PARANOÁ","VIA DE ACESSO PALÁCIO PRESIDENCIAL - DENTRO DO PALÁCIO ENTRE A CAPELA E A CERCA DO LAGO PARANOÁ",-15.790639,-47.822417,true,"Operante","","","25/11/2025 09:30:00","25/11/2025 09:30:00","","100mm",""
"hid_895","1834","BSB00528","1834","BRASILIA","PALÁCIO DO JABURU - Via Palácio Presidencial - Brasília, DF, Brasil","VIA DE ACESSO PALÁCIO PRESIDENCIAL - EM FRENTE AO PALÁCIO DO JABURU","VIA DE ACESSO PALÁCIO PRESIDENCIAL - EM FRENTE AO PALÁCIO DO JABURU",-15.793194,-47.832889,true,"Operante","","","25/11/2025 10:00:00","25/11/2025 10:00:00","","100mm",""
"hid_896","1835","BSB00529","1835","BRASILIA","SCEN Trecho 1 RUA DO CAMPO - VIA PALÁCIO PRESIDENCIAL - Brasília, DF, Brasil","SCEN Trecho 1 RUA DO CAMPO - LADO DIREITO DA ESTAÇÃO ELEVATÓRIA DE ESGOTO CAESB","SCEN Trecho 1 RUA DO CAMPO - LADO DIREITO DA ESTAÇÃO ELEVATÓRIA DE ESGOTO CAESB",-15.790083,-47.846472,true,"Operante","","","31/07/2025 09:00:00","31/07/2025 09:00:00","","100mm",""
"hid_897","1836","BSB00530","1836","BRASILIA","GBS/CBMDF - SCEN Trecho 1 RUA DO CAMPO - Brasília, DF, Brasil","VIA DE ACESSO SCEN TRECHO 1 RUA DO CAMPO - PRÓXIMO AO MASTRO DA BANDEIRA","VIA DE ACESSO SCEN TRECHO 1 RUA DO CAMPO - PRÓXIMO AO MASTRO DA BANDEIRA",-15.787083,-47.846944,true,"Operante","","","25/11/2025 11:00:00","25/11/2025 11:00:00","","100mm",""
"hid_898","1837","BSB00531","1837","BRASILIA","ACAMPAMENTO DA EBE - SCEN Trecho 1 RUA DO CAMPO - VIA PALÁCIO PRESIDENCIAL - Brasília, DF, Brasil","VIA DE ACESSO SCEN TRECHO 1 RUA DO CAMPO - RUA B CASA 08/09","VIA DE ACESSO SCEN TRECHO 1 RUA DO CAMPO - RUA B CASA 08/09",-15.790167,-47.842389,true,"Operante","","","17/03/2026 20:14:00","17/03/2026 20:14:00","","100mm",""
"hid_899","1838","BSB00532","1838","BRASILIA","SCEN Trecho 1,- Brasília, DF, Brasil","SCEN Trecho 1 RUA DO CAMPO - EM FRENTE AO LADO ESQUERDO DA ENTRADA DA CONCHA ACÚSTICA","SCEN Trecho 1 RUA DO CAMPO - EM FRENTE AO LADO ESQUERDO DA ENTRADA DA CONCHA ACÚSTICA",-15.790167,-47.838306,true,"Operante","","","25/11/2025 12:00:00","25/11/2025 12:00:00","","100mm",""
"hid_900","1839","BSB00533","1839","BRASILIA","QUARTEL DOS FUZILEIROS NAVAIS -SCEN - Estr. Parque das Nações (Via L4) - Brasília, DF, Brasil","ESTRADA PARQUE DAS NAÇÕES - VIA L4 - PÁTIO DO QUARTEL PRÉDIO ALFA","ESTRADA PARQUE DAS NAÇÕES - VIA L4 - PÁTIO DO QUARTEL PRÉDIO ALFA",-15.785278,-47.8585,true,"Operante","","","08/01/2025 10:20:00","08/01/2025 10:20:00","","100mm",""
"hid_901","1841","BSB00535","1841","BRASILIA","SAAN Q.04 lote 616","VIA ACESSO EPIA/VIA AA1 NA VIA AA-3 CANTEIRO CENTRAL","VIA ACESSO EPIA/VIA AA1 NA VIA AA-3 CANTEIRO CENTRAL",-15.758944,-47.931611,true,"Operante","FALTA CABEÇOTE DA HASTE DO REGISTRO (LUVA)","","13/12/2024 10:16:00","13/12/2024 10:16:00","","100mm",""
"hid_902","1843","BSB00537","1843","BRASILIA","SAAN QUADRA 3 LOTE 1060 ACESSO 2","Canteiro central ao lado do quiosque (pastelaria)","Canteiro central ao lado do quiosque (pastelaria)",-15.761438,-47.933658,true,"Operante","","","25/01/2026 22:02:00","25/01/2026 22:02:00","","100mm",""
"hid_903","1844","BSB00538","1844","BRASILIA","SAAN Q.03 LOTE 300","VIA ACESSO EPIA NA VIA AA-5 CANTEIRO CENTRAL FRENTE LOTE-300 E O GRUPO APA","VIA ACESSO EPIA NA VIA AA-5 CANTEIRO CENTRAL FRENTE LOTE-300 E O GRUPO APA",-15.767639,-47.935917,true,"Operante","","","25/01/2026 22:03:00","25/01/2026 22:03:00","","100mm",""
"hid_904","1845","BSB00539","1845","BRASILIA","SHCGN 714 Bl. "" J "" Casa 13 - Via W4","casa 013","casa 013",-15.747611,-47.899194,true,"Operante","","","25/01/2026 22:03:00","25/01/2026 22:03:00","","100mm",""
"hid_905","1846","BSB00540","1846","BRASILIA","SHCGN 713 / 714 - Via W3","Na via W3- Lateral esquerda da parada de ônibus","Na via W3- Lateral esquerda da parada de ônibus",-15.7485,-47.896056,true,"Operante","","","11/02/2026 18:43:00","11/02/2026 18:43:00","","100mm",""
"hid_906","1847","BSB00541","1847","BRASILIA","SCLRN Q. 714 a esquerda do Bl. "" F "" no Estacionamento","Lateral direita da Creche Olhos Dàgua","Lateral direita da Creche Olhos Dàgua",-15.746556,-47.897417,true,"Operante","","","11/02/2026 18:44:00","11/02/2026 18:44:00","","100mm",""
"hid_907","1848","BSB00542","1848","BRASILIA","SHCGN Q. 714 Bl. "" G ""","Via de acesso W4- Em frente ao estacionamento do Bl. "" G "" - portaria 6/7","Via de acesso W4- Em frente ao estacionamento do Bl. "" G "" - portaria 6/7",-15.74675,-47.898222,true,"Operante","","","11/02/2026 18:45:00","11/02/2026 18:45:00","","100mm",""
"hid_908","1850","BSB00543","1850","BRASILIA","714/715","FRENTE A JS MATERIAIS DE CONSTRUÇÃO","FRENTE A JS MATERIAIS DE CONSTRUÇÃO",-15.745139,-47.899833,true,"Operante","","","03/06/2025 12:00:00","03/06/2025 12:00:00","","100mm",""
"hid_909","1852","BSB00544","1852","BRASILIA","715 BLOCO G CASA 05","Lado Esquerdo da Casa 05 Via W4.","Lado Esquerdo da Casa 05 Via W4.",-15.744194,-47.900306,true,"Operante","","","03/06/2025 10:00:00","03/06/2025 10:00:00","","100mm",""
"hid_910","1853","BSB00545","1853","BRASILIA","SGAN 915 Via W 4 Norte, 29","FRENTE A ESCOLA CÍCERO PEREIRA","FRENTE A ESCOLA CÍCERO PEREIRA",-15.743556,-47.904167,true,"Operante","","","17/03/2026 19:55:00","17/03/2026 19:55:00","","100mm",""
"hid_911","1855","BSB00546","1855","BRASILIA","715 BLOCOS J/K CASA 39 Via W 4 Norte","blocos j/k casa 39","blocos j/k casa 39",-15.743333,-47.899694,true,"Operante","","","03/06/2025 11:30:00","03/06/2025 11:30:00","","100mm",""
"hid_912","1856","BSB00547","1856","BRASILIA","SHCGN 715 BLOCO 'H' - BRASÍLIA-DF","FRENTE AO BL. 'H'","FRENTE AO BL. 'H'",-15.743,-47.899056,true,"Operante","","","31/07/2025 10:30:00","31/07/2025 10:30:00","","100mm",""
"hid_913","1857","BSB00548","1857","BRASILIA","715 BL. O CASA 38 - Brasília, DF, Brasil","casa 38","casa 38",-15.742611,-47.900278,true,"Operante","","","12/06/2025 10:00:00","12/06/2025 10:00:00","","100mm",""
"hid_914","1858","BSB00549","1858","BRASILIA","715 BL. F - Brasília, DF, Brasil","bloco m casa 04","bloco m casa 04",-15.742194,-47.898917,true,"Operante","","","19/01/2026 15:06:00","19/01/2026 15:06:00","","100mm",""
"hid_915","1859","BSB00550","1859","BRASILIA","715 BL C CASA 22 - Brasília, DF, Brasil","CASA 22","CASA 22",-15.743028,-47.8985,true,"Operante","","","03/06/2025 10:00:00","03/06/2025 10:00:00","","100mm",""
"hid_916","1860","BSB00551","1860","BRASILIA","Q. 715. Bl. D Lote 23 -Via W 3 Norte - Brasília, DF, Brasil","","",-15.743056,-47.89775,true,"Operante","","","23/05/2025 11:30:00","23/05/2025 11:30:00","","100mm",""
"hid_917","1861","BSB00552","1861","BRASILIA","SQN 106 BLOCO F","FUNDOS DA ESCOLA CLASSE 106","FUNDOS DA ESCOLA CLASSE 106",-15.769111,-47.884528,true,"Operante","","","01/08/2025 14:30:00","01/08/2025 14:30:00","","100mm",""
"hid_918","1862","BSB00553","1862","BRASILIA","SQN 106 BLOCO A","A DIREITA DO BLOCO A","A DIREITA DO BLOCO A",-15.768889,-47.884972,true,"Operante","","","01/08/2025 14:00:00","01/08/2025 14:00:00","","100mm",""
"hid_919","1863","BSB00554","1863","BRASILIA","SQN 107 BLOCO I","BLOCO I","BLOCO I",-15.766778,-47.883528,true,"Operante","","","17/03/2026 19:56:00","17/03/2026 19:56:00","","100mm",""
"hid_920","1864","BSB00555","1864","BRASILIA","SQN 108 BLOCO F","BLOCO F","BLOCO F",-15.764444,-47.886306,true,"Operante","","","18/06/2025 08:30:00","18/06/2025 08:30:00","","100mm",""
"hid_921","1865","BSB00556","1865","BRASILIA","CLN 108 BLOCO B (fundos)","COMERCIAL DA QUADRA 108","COMERCIAL DA QUADRA 108",-15.764639,-47.885639,true,"Operante","","","01/08/2025 13:30:00","01/08/2025 13:30:00","","100mm",""
"hid_922","1867","BSB00558","1867","BRASILIA","SQN 108 BLOCO G","BLOCO G","BLOCO G",-15.763917,-47.885806,true,"Operante","","","01/08/2025 13:00:00","01/08/2025 13:00:00","","100mm",""
"hid_923","1868","BSB00559","1868","BRASILIA","SQN 108 BLOCO D","BLOCO D","BLOCO D",-15.762917,-47.885611,true,"Operante","","","18/06/2025 09:30:00","18/06/2025 09:30:00","","100mm",""
"hid_924","1869","BSB00560","1869","BRASILIA","SQN 108 ENTRE OS BLOCOS B/D","ENTRE OS BLOCOS B/D","ENTRE OS BLOCOS B/D",-15.763139,-47.886472,true,"Operante","","","18/06/2025 09:00:00","18/06/2025 09:00:00","","100mm",""
"hid_925","1870","BSB00561","1870","BRASILIA","SQN 108 BLOCO B","BLOCO B","BLOCO B",-15.763389,-47.886556,true,"Operante","","","01/07/2025 13:00:00","01/07/2025 13:00:00","","100mm",""
"hid_926","1872","BSB00563","1872","BRASILIA","SQN 404 BLOCO E","BLOCO E - PROXIMO A QUADRA DE ESPORTES","BLOCO E - PROXIMO A QUADRA DE ESPORTES",-15.777028,-47.8755,true,"Operante","","","08/01/2025 08:40:00","08/01/2025 08:40:00","","100mm",""
"hid_927","1873","BSB00564","1873","BRASILIA","SQN 403 BLOCO H","BLOCO H","BLOCO H",-15.778889,-47.876417,true,"Operante","","","08/01/2025 10:40:00","08/01/2025 10:40:00","","100mm",""
"hid_928","1874","BSB00565","1874","BRASILIA","SQN 403 BLOCO N","FRENTE AO BLOCO N","FRENTE AO BLOCO N",-15.778778,-47.874972,true,"Operante","","","08/01/2025 11:00:00","08/01/2025 11:00:00","","100mm",""
"hid_929","1875","BSB00566","1875","BRASILIA","SQN 404 BLOCO E","BLOCO E","BLOCO E",-15.775444,-47.875194,true,"Operante","","","11/02/2026 18:42:00","11/02/2026 18:42:00","","100mm",""
"hid_930","1877","BSB00568","1877","BRASILIA","SQN 404 BLOCO I","BLOCO I","BLOCO I",-15.774889,-47.877361,true,"Operante","","","11/02/2026 18:42:00","11/02/2026 18:42:00","","100mm",""
"hid_931","1878","BSB00569","1878","BRASILIA","SQN 404 BLOCO G","BLOCO G","BLOCO G",-15.774028,-47.876889,true,"Operante","","","23/06/2025 10:10:00","23/06/2025 10:10:00","","100mm",""
"hid_932","1881","BSB00570","1881","BRASILIA","SQN 405 BLOCO C","bloco C","bloco C",-15.770444,-47.876361,true,"Operante","","","16/06/2025 12:00:00","16/06/2025 12:00:00","","100mm",""
"hid_933","1882","BSB00571","1882","BRASILIA","SQN 405 BLOCO H","bloco h - lateral direita","bloco h - lateral direita",-15.772167,-47.877167,true,"Operante","","","04/08/2025 09:00:00","04/08/2025 09:00:00","","100mm",""
"hid_934","1883","BSB00572","1883","BRASILIA","Via L1 Norte - Brasília, DF, Brasil","posto de gasolina/ bloco i","posto de gasolina/ bloco i",-15.772944,-47.877722,true,"Operante","","","04/08/2025 09:30:00","04/08/2025 09:30:00","","100mm",""
"hid_935","1884","BSB00573","1884","BRASILIA","Condomínio da Sqn 405 Bloco N - Asa Norte, Brasília - DF, Brasil","bloco n","bloco n",-15.772,-47.875639,true,"Operante","","","23/06/2025 10:00:00","23/06/2025 10:00:00","","100mm",""
"hid_936","1885","BSB00574","1885","BRASILIA","SQN 406 BLOCO B","bloco b","bloco b",-15.768806,-47.877556,true,"Operante","","","18/06/2025 10:30:00","18/06/2025 10:30:00","","100mm",""
"hid_937","1886","BSB00575","1886","BRASILIA","SQN 406 BLOCO E","bloco e","bloco e",-15.768444,-47.876278,true,"Operante","","","27/05/2025 08:30:00","27/05/2025 08:30:00","","100mm",""
"hid_938","1887","BSB00576","1887","BRASILIA","SQN 406 BLOCO N","ESTACIONAMENTO","ESTACIONAMENTO",-15.766639,-47.876722,false,"Inoperante","CAIXA DE REGISTRO MUITO PROFUNDA","","27/05/2025 12:00:00","27/05/2025 12:00:00","","100mm",""
"hid_939","1888","BSB00577","1888","BRASILIA","Via W 3 Norte HOSPITAL SANTA HELENA","PROX. AO PONTO DE ÔNIBUS","PROX. AO PONTO DE ÔNIBUS",-15.735611,-47.897361,true,"Operante","","","04/06/2025 11:00:00","04/06/2025 11:00:00","","100mm",""
"hid_940","1889","BSB00578","1889","BRASILIA","Via W 3 Norte, 4489-4521 - Brasília, DF, Brasil","centro clinico norte I","centro clinico norte I",-15.736889,-47.896222,true,"Operante","","","04/06/2025 12:30:00","04/06/2025 12:30:00","","100mm",""
"hid_941","1891","BSB00580","1891","BRASILIA","SHLN - VIA DE ACESSO AO EIXO W ENTRADA DOS FUNDOS HOSP. SANTA LÚCIA","FUNDOS DO HOSPITAL/ENTRADA PELO ESTACIONAMENTO

LOCALIZAÇÃO CORRETA: S15º 49' 40.5"" W47º 55' 49.4""","FUNDOS DO HOSPITAL/ENTRADA PELO ESTACIONAMENTO

LOCALIZAÇÃO CORRETA: S15º 49' 40.5"" W47º 55' 49.4""",-15.734889,-47.895361,true,"Operante","","","14/01/2025 11:29:00","14/01/2025 11:29:00","","100mm",""
"hid_942","1892","BSB00581","1892","BRASILIA","Via W 5 Norte - Brasília, DF, Brasil","GPRAM - CANTEIRO CENTRAL","GPRAM - CANTEIRO CENTRAL",-15.735917,-47.904528,true,"Operante","","","19/08/2025 11:00:00","19/08/2025 11:00:00","","100mm",""
"hid_943","1893","BSB00582","1893","BRASILIA","Via W 5 Norte - Brasília, DF, Brasil","2º DP - CANTEIRO CENTRAL","2º DP - CANTEIRO CENTRAL",-15.735361,-47.90275,true,"Operante","","","26/05/2025 11:00:00","26/05/2025 11:00:00","","100mm",""
"hid_944","1894","BSB00583","1894","BRASILIA","PQEB, 165 - Brasília, DF, Brasil","EMATER","EMATER",-15.733,-47.904333,true,"Operante","","","11/02/2026 18:43:00","11/02/2026 18:43:00","","100mm",""
"hid_945","1895","BSB00584","1895","BRASILIA","Via W 3 Norte, SHLN","A ESQUERDA DA PARADA DE ÔNIBUS","A ESQUERDA DA PARADA DE ÔNIBUS",-15.736833,-47.898306,true,"Operante","","","22/05/2025 08:00:00","22/05/2025 08:00:00","","100mm",""
"hid_946","1896","BSB00585","1896","BRASILIA","Via W 3 Norte, 7910-7996 - Brasília, DF, Brasil","VIA W3/ SUPER MERCADO EXTRA","VIA W3/ SUPER MERCADO EXTRA",-15.737389,-47.899389,true,"Operante","","","22/05/2025 08:30:00","22/05/2025 08:30:00","","100mm",""
"hid_947","1897","BSB00586","1897","BRASILIA","Via W 5 Norte - Brasília, DF, Brasil","banco do brasil ( central tecnica)","banco do brasil ( central tecnica)",-15.737778,-47.902778,true,"Operante","","","19/08/2025 10:00:00","19/08/2025 10:00:00","","100mm",""
"hid_948","1898","BSB00587","1898","BRASILIA","Via W 5 Norte - Lateral direita da Concessionária Smaff","Lateral da concessionaria smaff","Lateral da concessionaria smaff",-15.73675,-47.903139,true,"Operante","","","19/08/2025 12:00:00","19/08/2025 12:00:00","","100mm",""
"hid_949","1899","BSB00588","1899","BRASILIA","SMU - QRO CONJ. 6 CASA 116 - BRASÍLIA-DF","VIA DE ACESSO AO SMU(AV. DUQUE DE CAIXAS) - FRENTE À CASA 116, CONJ. 6 DA QRO","VIA DE ACESSO AO SMU(AV. DUQUE DE CAIXAS) - FRENTE À CASA 116, CONJ. 6 DA QRO",-15.773889,-47.927694,true,"Operante","","","15/12/2025 11:12:00","15/12/2025 11:12:00","","100mm",""
"hid_950","1900","BSB00589","1900","BRASILIA","SMU - QRO CASA 207- BRASÍLIA-DF","","",-15.77375,-47.929472,true,"Operante","","","15/12/2025 11:13:00","15/12/2025 11:13:00","","100mm",""
"hid_951","1902","BSB00590","1902","BRASILIA","SMU - QRO 01/05 - 16º BELOG- BRASÍLIA-DF","VIA DE ACESSO AO SMU(AV. DUQUE DE CAIXAS) - ENTRADA DA QRO 01/05 - 16ºBELOG/CAPELA DA PE","VIA DE ACESSO AO SMU(AV. DUQUE DE CAIXAS) - ENTRADA DA QRO 01/05 - 16ºBELOG/CAPELA DA PE",-15.771278,-47.926528,true,"Operante","","","15/12/2025 11:14:00","15/12/2025 11:14:00","","100mm",""
"hid_952","1903","BSB00591","1903","BRASILIA","SMU - PE /16º BELOG- BRASÍLIA-DF","VIA DE ACESSO AO SMU(AV. DUQUE DE CAIXAS) - ENTRADA DA GARAGEM DA PE/EM FRENTE AO 16ºBELOG","VIA DE ACESSO AO SMU(AV. DUQUE DE CAIXAS) - ENTRADA DA GARAGEM DA PE/EM FRENTE AO 16ºBELOG",-15.770556,-47.928556,true,"Operante","","","15/12/2025 11:14:00","15/12/2025 11:14:00","","100mm",""
"hid_953","1904","BSB00592","1904","BRASILIA","SMU - QRO 01/05 - 16º BELOG- BRASÍLIA-DF","SMU - QRO 01/05 - 16º BELOG- BRASÍLIA-DF","SMU - QRO 01/05 - 16º BELOG- BRASÍLIA-DF",-15.771389,-47.930417,true,"Operante","","","15/12/2025 11:52:00","15/12/2025 11:52:00","","100mm",""
"hid_954","1905","BSB00593","1905","BRASILIA","SMU - QRS CASA 319- BRASÍLIA-DF","VIA DE ACESSO AO SMU(AV. DUQUE DE CAIXAS) - EM FRENTE À CASA 319","VIA DE ACESSO AO SMU(AV. DUQUE DE CAIXAS) - EM FRENTE À CASA 319",-15.768667,-47.932694,true,"Operante","","","08/07/2025 08:00:00","08/07/2025 08:00:00","","100mm",""
"hid_955","1907","BSB00594","1907","BRASILIA","SMU - QRS CASA 401- BRASÍLIA-DF","VIA DE ACESSO AO SMU(AV. DUQUE DE CAIXAS) - LATERAL ESQUERDA DA CASA 401","VIA DE ACESSO AO SMU(AV. DUQUE DE CAIXAS) - LATERAL ESQUERDA DA CASA 401",-15.761333,-47.927056,true,"Operante","","","15/12/2025 11:12:00","15/12/2025 11:12:00","","100mm",""
"hid_956","1908","BSB00595","1908","BRASILIA","SMU - QRS - PRAÇA RUBEM BRAGA- BRASÍLIA-DF","VIA DE ACESSO AO SMU(AV. DUQUE DE CAIXAS) - EM FRENTE À PRAÇA RUBEM BRAGA/CASA 105","VIA DE ACESSO AO SMU(AV. DUQUE DE CAIXAS) - EM FRENTE À PRAÇA RUBEM BRAGA/CASA 105",-15.762194,-47.928194,true,"Operante","","","15/12/2025 11:11:00","15/12/2025 11:11:00","","100mm",""
"hid_957","1909","BSB00596","1909","BRASILIA","SMU - QRS - QD. DE ESPORTE DA PRAÇA CORA CORALINA- BRASÍLIA-DF","VIA DE ACESSO AO SMU(AV. DUQUE DE CAIXAS) - EM FRENTE QD. DE ESPORTE DA PRAÇA CORA CORALINA","VIA DE ACESSO AO SMU(AV. DUQUE DE CAIXAS) - EM FRENTE QD. DE ESPORTE DA PRAÇA CORA CORALINA",-15.763444,-47.929917,true,"Operante","","","15/12/2025 11:10:00","15/12/2025 11:10:00","","100mm",""
"hid_958","1910","BSB00597","1910","BRASILIA","SMU - QRS CONJ 8 CASA 401 - 16º BELOG- BRASÍLIA-DF","VIA DE ACESSO AO SMU(AV. DUQUE DE CAIXAS) - EM FRENTE ESTAC. DO 16ºBELOG/CERCA DO PANDIÁ","VIA DE ACESSO AO SMU(AV. DUQUE DE CAIXAS) - EM FRENTE ESTAC. DO 16ºBELOG/CERCA DO PANDIÁ",-15.770722,-47.928667,true,"Operante","","","15/12/2025 11:09:00","15/12/2025 11:09:00","","100mm",""
"hid_959","1911","BSB00598","1911","BRASILIA","SMU - QRS CASA 619- BRASÍLIA-DF","VIA DE ACESSO AO SMU(AV. DUQUE DE CAIXAS) - EM FRENTE À CASA 619","VIA DE ACESSO AO SMU(AV. DUQUE DE CAIXAS) - EM FRENTE À CASA 619",-15.767667,-47.932333,true,"Operante","","","15/12/2025 11:54:00","15/12/2025 11:54:00","","100mm",""
"hid_960","1912","BSB00599","1912","BRASILIA","SMU - COMANDO MILITAR DO PLANALTO / 11ª REGIÃO MILITAR","EM FRENTE AO LADO ESQUERDO DO CMP","EM FRENTE AO LADO ESQUERDO DO CMP",-15.77825,-47.919889,true,"Operante","","","15/12/2025 11:01:00","15/12/2025 11:01:00","","100mm",""
"hid_961","1914","BSB00601","1914","BRASILIA","SMU - COMANDO MILITAR DO PLANALTO / 11ª REGIÃO MILITAR","EM FRENTE AO LADO ESQUERDO/ENTRADA DA BASE DE ADMINISTRAÇÃO E APOIO DO CMP","EM FRENTE AO LADO ESQUERDO/ENTRADA DA BASE DE ADMINISTRAÇÃO E APOIO DO CMP",-15.778889,-47.919528,true,"Operante","","","15/12/2025 11:04:00","15/12/2025 11:04:00","","100mm",""
"hid_962","1916","BSB00603","1916","BRASILIA","SMU - COMANDO MILITAR DO PLANALTO / 11ª REGIÃO MILITAR","EM FRENTE AO LADO DIREITO DO ESTACIONAMENTO DA BASE DE ADMINISTRAÇÃO E APOIO DO CMP","EM FRENTE AO LADO DIREITO DO ESTACIONAMENTO DA BASE DE ADMINISTRAÇÃO E APOIO DO CMP",-15.779,-47.918778,true,"Operante","","","15/12/2025 11:05:00","15/12/2025 11:05:00","","100mm",""
"hid_963","1917","BSB00604","1917","BRASILIA","SMU - COMANDO MILITAR DO PLANALTO / 11ª REGIÃO MILITAR","LATERAL ESQUEDA DO ESTACIONAMENTO DO DEPARTAMENTO DE ESPORTE FÍSICO DO CMP","LATERAL ESQUEDA DO ESTACIONAMENTO DO DEPARTAMENTO DE ESPORTE FÍSICO DO CMP",-15.779944,-47.918111,true,"Operante","","","21/01/2026 14:35:00","21/01/2026 14:35:00","","100mm",""
"hid_964","1918","BSB00605","1918","BRASILIA","SMU - COMANDO MILITAR DO PLANALTO / 11ª REGIÃO MILITAR","EM FRENTE A QUADRA DE ESPORTE DO DEPARTAMENTO DE ESPORTE FÍSICO DO CMP","EM FRENTE A QUADRA DE ESPORTE DO DEPARTAMENTO DE ESPORTE FÍSICO DO CMP",-15.779111,-47.917889,true,"Operante","","","25/01/2026 22:09:00","25/01/2026 22:09:00","","100mm",""
"hid_965","1919","BSB00606","1919","BRASILIA","SMU - COMANDO MILITAR DO PLANALTO / 11ª REGIÃO MILITAR","EM FRENTE AO LADO ESQUERDO DO REFEITÓRIO DO CMP/EM FRENTE A ACADEMIA DO PLANALTO","EM FRENTE AO LADO ESQUERDO DO REFEITÓRIO DO CMP/EM FRENTE A ACADEMIA DO PLANALTO",-15.77825,-47.918056,true,"Operante","","","15/12/2025 11:05:00","15/12/2025 11:05:00","","100mm",""
"hid_966","1920","BSB00607","1920","BRASILIA","Via N1, 154 - Brasília, DF, Brasil","frente Buriti, ladop direito proximo a pista do eixo momumental.","frente Buriti, ladop direito proximo a pista do eixo momumental.",-15.785,-47.907472,true,"Operante","","","14/08/2025 11:00:00","14/08/2025 11:00:00","","100mm",""
"hid_967","1921","BSB00608","1921","BRASILIA","PMU, 3 - BRASILIA-DF","BURITI EM FRENTE A ENTRADA PRINCIPAL.","BURITI EM FRENTE A ENTRADA PRINCIPAL.",-15.784111,-47.908444,true,"Operante","","","14/08/2025 10:30:00","14/08/2025 10:30:00","","100mm",""
"hid_968","1922","BSB00609","1922","BRASILIA","PMU - Brasília, DF, Brasil","butiti - frente ao lado direito do refeitorio","butiti - frente ao lado direito do refeitorio",-15.783139,-47.908667,true,"Operante","","","14/08/2025 10:00:00","14/08/2025 10:00:00","","100mm",""
"hid_969","1923","BSB00610","1923","BRASILIA","PMU, 3 - BRASILIA-DF","ENTRADA DO ESTACIONAMENTO DO TCDF","ENTRADA DO ESTACIONAMENTO DO TCDF",-15.783722,-47.907,true,"Operante","","","15/12/2025 11:55:00","15/12/2025 11:55:00","","100mm",""
"hid_970","1924","BSB00611","1924","BRASILIA","SAM LOTE D MODULO E BRASILIA-DF","QCG - CBMDF - LATERAL DIREITA DA ESTRUTURA DE UMA ANTIGA PISCINA QUE HAVIA NO LOCAL.","QCG - CBMDF - LATERAL DIREITA DA ESTRUTURA DE UMA ANTIGA PISCINA QUE HAVIA NO LOCAL.",-15.775306,-47.908722,true,"Operante","","","17/03/2025 14:20:00","17/03/2025 14:20:00","","100mm",""
"hid_971","1925","BSB00612","1925","BRASILIA","SAM BRASILIA-DF","3º BPM - JK LADO DIREITO DA ENTRADA.","3º BPM - JK LADO DIREITO DA ENTRADA.",-15.779806,-47.909583,true,"Operante","","","17/01/2025 15:53:00","17/01/2025 15:53:00","","100mm",""
"hid_972","1926","BSB00613","1926","BRASILIA","SAM BRASILIA-DF","3º BPM - JK - LADO ESQUERDO DA ENTRADA","3º BPM - JK - LADO ESQUERDO DA ENTRADA",-15.778472,-47.909778,true,"Operante","","","17/01/2025 15:51:00","17/01/2025 15:51:00","","100mm",""
"hid_973","1927","BSB00614","1927","BRASILIA","SAM LOTE D MODULO E BRASILIA-DF","QCG/CBMDF LADO DIREITO DO MASTRO DA BANDEIRA.","QCG/CBMDF LADO DIREITO DO MASTRO DA BANDEIRA.",-15.776611,-47.910139,true,"Operante","","","17/01/2025 12:05:00","17/01/2025 12:05:00","","100mm",""
"hid_974","1928","BSB00615","1928","BRASILIA","SAM LOTE D MODULO E BRASILIA-DF","QCG/CBMDF - LADO ESQUERDO DO MASTRO DA BANDEIRA. ENTRADA PRINCIPAL.","QCG/CBMDF - LADO ESQUERDO DO MASTRO DA BANDEIRA. ENTRADA PRINCIPAL.",-15.776,-47.91025,false,"Inoperante","HIDRANTE SOTERRADO; REGISTRO DANIFICADO","","31/03/2025 11:20:00","31/03/2025 11:20:00","","100mm",""
"hid_975","1929","BSB00616","1929","BRASILIA","SAAN QUADRA 4 LOTE 916 BRASILIA-DF","EM FRENTE A PERDIGAO.","EM FRENTE A PERDIGAO.",-15.761278,-47.932361,true,"Operante","","","15/12/2025 11:56:00","15/12/2025 11:56:00","","100mm",""
"hid_976","1931","BSB00617","1931","BRASILIA","SAAN QUADRA 2/3 BRASILIA-DF","ENTRE AS QUADRAS 2 E 3 EM FRENTE AO LOTE 1355.","ENTRE AS QUADRAS 2 E 3 EM FRENTE AO LOTE 1355.",-15.757389,-47.933417,true,"Operante","","","19/12/2025 12:29:00","19/12/2025 12:29:00","","100mm",""
"hid_977","1934","BSB00620","1934","BRASILIA","SAAN QUADRA 1 BRASILIA-DF","LOTE 870/880 EM FRENTE A ORIGEM/VISAN SEGURANÇA","LOTE 870/880 EM FRENTE A ORIGEM/VISAN SEGURANÇA",-15.761528,-47.937028,true,"Operante","","","15/12/2025 11:57:00","15/12/2025 11:57:00","","100mm",""
"hid_978","1935","BSB00621","1935","BRASILIA","SAAN QUADRA 1 LOTE 662/720 BRASILIA-DF ACESSO 02","EM FRENTE A BRASFORT/ EDIFICIO SAA CENTER","EM FRENTE A BRASFORT/ EDIFICIO SAA CENTER",-15.763222,-47.937639,true,"Operante","","","15/12/2025 11:58:00","15/12/2025 11:58:00","","100mm",""
"hid_979","1936","BSB00622","1936","BRASILIA","SAAN QUADRA 1 LOTE 445 BRASILIA-DF ACESSO 02 .","EM FRENTE AO LOTE 510/530/ PAULO OCTAVIO","EM FRENTE AO LOTE 510/530/ PAULO OCTAVIO",-15.764944,-47.938167,true,"Operante","","","17/03/2026 19:33:00","17/03/2026 19:33:00","","100mm",""
"hid_980","1937","BSB00623","1937","BRASILIA","SAAN QUADRA 1 LOTE 311/315 BRASILIA-DF","POLIMIX","POLIMIX",-15.766667,-47.93875,true,"Operante","","","15/12/2025 11:58:00","15/12/2025 11:58:00","","100mm",""
"hid_981","1938","BSB00624","1938","BRASILIA","SAAN QUADRA 1 LOTE 105 BRASILIA-DF ACESSO 02","EM FRENTE AO LOTE 105/ UNITRANS INTERNATIONAL","EM FRENTE AO LOTE 105/ UNITRANS INTERNATIONAL",-15.768417,-47.939333,true,"Operante","","","15/12/2025 11:59:00","15/12/2025 11:59:00","","100mm",""
"hid_982","1939","BSB00625","1939","BRASILIA","SMU - BATALHÃO DA GUARDA PRESIDENCIAL","NA VIA DE ACESSO AO SMU(AV. DUQUE DE CAIXAS) - EM FRENTE LADO DIREITO DO BGP","NA VIA DE ACESSO AO SMU(AV. DUQUE DE CAIXAS) - EM FRENTE LADO DIREITO DO BGP",-15.7665,-47.924833,true,"Operante","","","16/07/2025 10:30:00","16/07/2025 10:30:00","","100mm",""
"hid_983","1940","BSB00626","1940","BRASILIA","SMU - QRG CASA 01 - Brasília, DF, Brasil","VIA DE ACESSO AO SMU(AV. DUQUE DE CAIXAS) - EM FRENTE À CASA 01/ RESIDÊNCIA DO COMANDANTE DO EXÉRCITO","VIA DE ACESSO AO SMU(AV. DUQUE DE CAIXAS) - EM FRENTE À CASA 01/ RESIDÊNCIA DO COMANDANTE DO EXÉRCITO",-15.76475,-47.921694,true,"Operante","","","17/01/2025 15:14:00","17/01/2025 15:14:00","","100mm",""
"hid_984","1941","BSB00627","1941","BRASILIA","SMU - QRG CASA 06 - Brasília, DF, Brasil","VIA DE ACESSO AO SMU(AV. DUQUE DE CAIXAS) - EM FRENTE À CASA 06 DA QRG","VIA DE ACESSO AO SMU(AV. DUQUE DE CAIXAS) - EM FRENTE À CASA 06 DA QRG",-15.764639,-47.919833,true,"Operante","REGISTRO COM VAZAMENTO; REGISTRO DANIFICADO","","17/01/2025 10:32:00","17/01/2025 10:32:00","","100mm",""
"hid_985","1942","BSB00628","1942","BRASILIA","SMU, QRG CASA 01- Brasília, DF, Brasil","VIA DE ACESSO AO SMU(AV. DUQUE DE CAIXAS) - FUNDOS DA CASA 01/ RESIDÊNCIA DO COMANDANTE DO EXÉRCITO","VIA DE ACESSO AO SMU(AV. DUQUE DE CAIXAS) - FUNDOS DA CASA 01/ RESIDÊNCIA DO COMANDANTE DO EXÉRCITO",-15.766083,-47.922167,true,"Operante","","","17/01/2025 15:16:00","17/01/2025 15:16:00","","100mm",""
"hid_986","1943","BSB00629","1943","BRASILIA","SMU - QRG CASAS 3/4 - Brasília, DF, Brasil","VIA DE ACESSO AO SMU(AV. DUQUE DE CAIXAS) - EM FRENTE À CASAS 3/4 DA QRG","VIA DE ACESSO AO SMU(AV. DUQUE DE CAIXAS) - EM FRENTE À CASAS 3/4 DA QRG",-15.767139,-47.92075,true,"Operante","","","17/01/2025 15:48:00","17/01/2025 15:48:00","","100mm",""
"hid_987","1944","BSB00630","1944","BRASILIA","SMU, QRG CASA 08 - Brasília, DF, Brasil","VIA DE ACESSO AO SMU(AV. DUQUE DE CAIXAS) - EM FRENTE À CASA 08 DA QRG","VIA DE ACESSO AO SMU(AV. DUQUE DE CAIXAS) - EM FRENTE À CASA 08 DA QRG",-15.767583,-47.922444,true,"Operante","","","17/01/2025 15:49:00","17/01/2025 15:49:00","","100mm",""
"hid_988","1945","BSB00631","1945","BRASILIA","SMC - 11º GAAAE","NA ENTRADA PROXIMO AO PORTÃO","NA ENTRADA PROXIMO AO PORTÃO",-15.759139,-47.9545,true,"Operante","","","19/12/2025 12:19:00","19/12/2025 12:19:00","","100mm",""
"hid_989","1946","BSB00632","1946","BRASILIA","SMC - 11º GAAAE","AO LADO DO PAVILHÃO DE COMANDO ( ÁREA INTERNA )","AO LADO DO PAVILHÃO DE COMANDO ( ÁREA INTERNA )",-15.757889,-47.953833,true,"Operante","","","19/12/2025 12:20:00","19/12/2025 12:20:00","","100mm",""
"hid_990","1947","BSB00633","1947","BRASILIA","SMC - 11º GAAAE","EM FRENTE A ENFERMARIA ( ÁREA INTERNA )","EM FRENTE A ENFERMARIA ( ÁREA INTERNA )",-15.757361,-47.955528,true,"Operante","","","19/12/2025 12:21:00","19/12/2025 12:21:00","","100mm",""
"hid_991","1948","BSB00634","1948","BRASILIA","SMC - 11º GAAAE","EM FRENTE A BATERIA DE COMANDO E SERVIÇO ( ÁREA INTERNA )","EM FRENTE A BATERIA DE COMANDO E SERVIÇO ( ÁREA INTERNA )",-15.756361,-47.954694,true,"Operante","","","19/12/2025 12:22:00","19/12/2025 12:22:00","","100mm",""
"hid_992","1949","BSB00635","1949","BRASILIA","SMC - 11º GAAAE","EM FRENTE AO RANCHO","EM FRENTE AO RANCHO",-15.756778,-47.953389,true,"Operante","","","17/03/2026 19:34:00","17/03/2026 19:34:00","","100mm",""
"hid_993","1950","BSB00636","1950","BRASILIA","SAM BLOCO I DETRAN","EM FRENTE AO DEPÓSITO DO DETRAN AO LADO DIREITO DA ENTRADA","EM FRENTE AO DEPÓSITO DO DETRAN AO LADO DIREITO DA ENTRADA",-15.771028,-47.898972,true,"Operante","","","20/01/2025 09:20:00","20/01/2025 09:20:00","","100mm",""
"hid_994","1951","BSB00637","1951","BRASILIA","SETOR HOTELEIRO NORTE QUADRA 03","EM FRENTE AO HOTEL MONUMENTAL","EM FRENTE AO HOTEL MONUMENTAL",-15.79,-47.888167,true,"Operante","","","19/01/2026 15:26:00","19/01/2026 15:26:00","","100mm",""
"hid_995","1952","BSB00638","1952","BRASILIA","SETOR HOTELEIRO NORTE QUADRA 03","PROXIMO AO ESTACIONAMENTO DO BYBLOS HOTEL","PROXIMO AO ESTACIONAMENTO DO BYBLOS HOTEL",-15.788778,-47.887694,true,"Operante","","","19/01/2026 15:26:00","19/01/2026 15:26:00","","100mm",""
"hid_996","1953","BSB00639","1953","BRASILIA","SETOR HOTELEIRO NORTE QUADRA 05","FUNDOS DO POSTO DE COMBUSTÍVEL BR / ESTACIONAMENTO","FUNDOS DO POSTO DE COMBUSTÍVEL BR / ESTACIONAMENTO",-15.788278,-47.891,true,"Operante","","","04/08/2025 12:00:00","04/08/2025 12:00:00","","100mm",""
"hid_997","1955","BSB00640","1955","BRASILIA","SETOR HOTELEIRO NORTE QUADRA 05","EM FRENTE AO ALLIA GRANDE HOTEL BRASÍLIA SUITES","EM FRENTE AO ALLIA GRANDE HOTEL BRASÍLIA SUITES",-15.789056,-47.889667,true,"Operante","","","19/01/2026 15:25:00","19/01/2026 15:25:00","","100mm",""
"hid_998","1956","BSB00641","1956","BRASILIA","EIXO MONUMENTAL SHN QUADRA 5, VIA N1","VIA EIXO MONUMENTAL, EM FRENTE AO MCDONALDS (LADO DIREITO)","VIA EIXO MONUMENTAL, EM FRENTE AO MCDONALDS (LADO DIREITO)",-15.789361,-47.89125,true,"Operante","","","04/08/2025 11:30:00","04/08/2025 11:30:00","","100mm",""
"hid_999","1957","BSB00642","1957","BRASILIA","SHN, QD 5, BLOCO ""D"". ED. ATHOS BULCÃO","VIA N2, LADO DIREITO DO BLOCO ""D""","VIA N2, LADO DIREITO DO BLOCO ""D""",-15.787806,-47.889917,true,"Operante","","","04/08/2025 12:30:00","04/08/2025 12:30:00","","100mm",""
"hid_1000","1958","BSB00643","1958","BRASILIA","SETOR DE DIVERSÕES NORTE - CONJUNTO NACIONAL","PROXIMO A ENTRADA DO ESTACIONAMENTO INTERNO","PROXIMO A ENTRADA DO ESTACIONAMENTO INTERNO",-15.791861,-47.883722,true,"Operante","","","22/01/2025 08:35:00","22/01/2025 08:35:00","","100mm",""
"hid_1001","1959","BSB00644","1959","BRASILIA","SETOR DE DIVERSÕES NORTE - VIA N2 - CONJUNTO NACIONAL","NA VIA N2 LATERAL DIREITA DO CONJUNTO NACIONAL","NA VIA N2 LATERAL DIREITA DO CONJUNTO NACIONAL",-15.790028,-47.88325,true,"Operante","","","22/01/2025 09:00:00","22/01/2025 09:00:00","","100mm",""
"hid_1002","1960","BSB00645","1960","BRASILIA","SCTS - BIBLIOTECA NACIONAL DE BRASÍLIA","NA VIA S2 FUNDOS A DIREITA DA BIBLIOTECA NACIONAL DE BRASÍLIA","NA VIA S2 FUNDOS A DIREITA DA BIBLIOTECA NACIONAL DE BRASÍLIA",-15.797417,-47.881472,true,"Operante","","","29/01/2025 14:11:00","29/01/2025 14:11:00","","100mm",""
"hid_1003","1961","BSB00646","1961","BRASILIA","EMI - BLOCO C - MINISTÉRIO DA ECONOMIA.","EMI - BLOCO C - LATERAL DIREITA DO MINISTÉRIO DA ECONOMIA.","EMI - BLOCO C - LATERAL DIREITA DO MINISTÉRIO DA ECONOMIA.",-15.798778,-47.871306,true,"Operante","","","17/03/2026 20:08:00","17/03/2026 20:08:00","","100mm",""
"hid_1004","1964","BSB00647","1964","BRASILIA","EMI - BLOCO A - MINISTÉRIO DA CIDADANIA.","LATERAL DIREITA DO MINISTÉRIO DA CIDADANIA.","LATERAL DIREITA DO MINISTÉRIO DA CIDADANIA.",-15.798222,-47.873028,true,"Operante","","","17/03/2026 20:08:00","17/03/2026 20:08:00","","100mm",""
"hid_1005","1965","BSB00648","1965","BRASILIA","EMI - BLOCO B - MINISTÉRIO DA CULTURA E DO MEIO AMBIENTE","LATERAL DIREITA DA CULTURA E DO MEIO AMBIENTE","LATERAL DIREITA DA CULTURA E DO MEIO AMBIENTE",-15.798528,-47.872194,false,"Inoperante","TAMPA DA CAIXA LACRADA (CONCRETADA)","","18/06/2024 15:59:00","18/06/2024 15:59:00","","100mm",""
"hid_1006","1966","BSB00649","1966","BRASILIA","SBN - SETOR BANCARIO NORTE QD. 02 BLOCO L","FRENTE AO CAPES","FRENTE AO CAPES",-15.787944,-47.878583,true,"Operante","","","17/03/2026 19:58:00","17/03/2026 19:58:00","","100mm",""
"hid_1007","1967","BSB00650","1967","BRASILIA","SBN - SETOR BANCARIO NORTE QD. 02 BLOCO N","FRENTE AO MINISTÉRIO DA INTEGRAÇÃO NACIONAL","FRENTE AO MINISTÉRIO DA INTEGRAÇÃO NACIONAL",-15.788806,-47.878806,true,"Operante","","","14/08/2025 11:00:00","14/08/2025 11:00:00","","100mm",""
"hid_1008","1968","BSB00651","1968","BRASILIA","SBN - SETOR BANCARIO NORTE QD. 01","FRENTE A GARAGEM DA EMPRESA DE CORREIOS E TELEGRAFOS ECT","FRENTE A GARAGEM DA EMPRESA DE CORREIOS E TELEGRAFOS ECT",-15.789722,-47.879139,true,"Operante","","","17/03/2026 19:58:00","17/03/2026 19:58:00","","100mm",""
"hid_1009","1969","BSB00652","1969","BRASILIA","SBN - SETOR BANCARIO NORTE QD. 02 BLOCO A","FRENTE A AGEMP SECRETARIA DE ESTADO DE FAZENDA DO DF.","FRENTE A AGEMP SECRETARIA DE ESTADO DE FAZENDA DO DF.",-15.788389,-47.879778,true,"Operante","FALTA CABEÇOTE DA HASTE DO REGISTRO (LUVA)","","14/08/2025 11:30:00","14/08/2025 11:30:00","","100mm",""
"hid_1010","1970","BSB00653","1970","BRASILIA","SCN QD 02 Via N2, 2542 - Brasília, DF, Brasil","NA VIA N2 - EM FRENTE AO GARVEY PARQUE HOTEL","NA VIA N2 - EM FRENTE AO GARVEY PARQUE HOTEL",-15.788444,-47.886556,true,"Operante","","","14/08/2025 11:30:00","14/08/2025 11:30:00","","100mm",""
"hid_1011","1971","BSB00654","1971","BRASILIA","SCN - SETOR COMERCIAL NORTE QUADRA 2 VIA N2 BLOCO F BRASILIA-DF","NA VIA N2 - EM FRENTE AO LADO DIREITO DO EDIFICIO CENTRO NORTE.","NA VIA N2 - EM FRENTE AO LADO DIREITO DO EDIFICIO CENTRO NORTE.",-15.789,-47.88525,true,"Operante","","","04/08/2025 14:30:00","04/08/2025 14:30:00","","100mm",""
"hid_1012","1972","BSB00655","1972","BRASILIA","SCN - SETOR COMERCIAL NORTE QUADRA 2 BLOCO B BRASILIA-DF","VIA N2 - FUNDOS AO LADO DIREITO DO BLOCO ""B"" EDIFICIO PORTO SEGURO
EM FRENTE AO EDIFICIO GARDEN ( DO OUTRO LADO DA RUA).","VIA N2 - FUNDOS AO LADO DIREITO DO BLOCO ""B"" EDIFICIO PORTO SEGURO
EM FRENTE AO EDIFICIO GARDEN ( DO OUTRO LADO DA RUA).",-15.788139,-47.883583,true,"Operante","","","14/08/2025 11:30:00","14/08/2025 11:30:00","","100mm",""
"hid_1013","1973","BSB00656","1973","BRASILIA","SCN - SETOR COMERCIAL NORTE QUADRA 3 BRASILIA-DF","VIA DE ACESSO SCN/SMH- EM FRENTE AO LADO ESQUERDO DO ESTACIONAMENTO DA SAGA","VIA DE ACESSO SCN/SMH- EM FRENTE AO LADO ESQUERDO DO ESTACIONAMENTO DA SAGA",-15.786028,-47.886083,true,"Operante","","","22/01/2025 09:40:00","22/01/2025 09:40:00","","100mm",""
"hid_1014","1974","BSB00657","1974","BRASILIA","SCN - SETOR COMERCIAL NORTE QUADRA 1 BLOCO E BRASILIA-DF","VIA DE ACESSO EIXO L -EM FRENTE AO LADO DIREITO DO ESTACIONAMENTO DO ED. CENTRAL PARK/FRENTE AO CADE.","VIA DE ACESSO EIXO L -EM FRENTE AO LADO DIREITO DO ESTACIONAMENTO DO ED. CENTRAL PARK/FRENTE AO CADE.",-15.787528,-47.883417,true,"Operante","","","19/01/2026 15:23:00","19/01/2026 15:23:00","","100mm",""
"hid_1015","1976","BSB00658","1976","BRASILIA","EIXO MONUMENTAL MINISTERIO DA ECONOMIA - MINISTERIO DO DESENVOLVIMENTO INDUSTRIA E COMERCIO - BLOCO J - BRASILIA-DF","EMI - MINISTERIO DO DESENVOLVIMENTO INDUSTRIA E COMERCIO","EMI - MINISTERIO DO DESENVOLVIMENTO INDUSTRIA E COMERCIO",-15.795139,-47.874667,true,"Operante","","","18/08/2025 11:00:00","18/08/2025 11:00:00","","100mm",""
"hid_1016","1977","BSB00659","1977","BRASILIA","EIXO MONUMENTAL MINISTERIO DA EDUCAÇÃO BRASILIA-DF","EMI - MINISTERIO DA EDUCAÇÃO","EMI - MINISTERIO DA EDUCAÇÃO",-15.795611,-47.873056,true,"Operante","","","14/08/2025 10:30:00","14/08/2025 10:30:00","","100mm",""
"hid_1017","1978","BSB00660","1978","BRASILIA","EIXO MONUMENTAL MINISTERIO DA AERONAUTICA BRASILIA-DF","EMI - MINISTERIO DA AERONAUTICA","EMI - MINISTERIO DA AERONAUTICA",-15.795806,-47.872194,false,"Inoperante","TAMPA DA CAIXA LACRADA (CONCRETADA)","","17/05/2024 10:00:00","17/05/2024 10:00:00","","100mm",""
"hid_1018","1979","BSB00661","1979","BRASILIA","EIXO MONUMENTAL MINISTERIO DA MARINHA/AERONAUTICA BRASILIA-DF","AREA VERDE EM FRENTE AO MINISTERIO DA MARINHA/MINISTERIO AERONAUTICA","AREA VERDE EM FRENTE AO MINISTERIO DA MARINHA/MINISTERIO AERONAUTICA",-15.795972,-47.871806,true,"Operante","REGISTRO COM VAZAMENTO","","14/08/2025 09:30:00","14/08/2025 09:30:00","","100mm",""
"hid_1019","1980","BSB00662","1980","BRASILIA","ESPLANADA DOS MINISTERIOS - MINISTERIO DA DEFESA/MARINHA DO BRASIL/AERONAUTICA BLOCO ""N"" - BRASILIA-DF","VIA DE ACESSO AO MINISTERIO DA MARINHA","VIA DE ACESSO AO MINISTERIO DA MARINHA",-15.796083,-47.871417,true,"Operante","","","17/03/2026 20:08:00","17/03/2026 20:08:00","","100mm",""
"hid_1020","1981","BSB00663","1981","BRASILIA","EIXO MONUMENTAL MINISTERIO DO EXERCITO BLOCO O - BRASILIA-DF","EMI - MINISTERIO DO EXERCITO","EMI - MINISTERIO DO EXERCITO",-15.796389,-47.870556,false,"Inoperante","TAMPA DA CAIXA LACRADA (CONCRETADA)","","21/05/2024 20:07:00","21/05/2024 20:07:00","","100mm",""
"hid_1021","1982","BSB00664","1982","BRASILIA","EIXO MONUMENTAL MINISTERIO DA ECONOMIA/FAZENDA - BLOCO P - BRASILIA-DF","EMI - MINISTERIO DA ECONOMIA/FAZENDA","EMI - MINISTERIO DA ECONOMIA/FAZENDA",-15.796611,-47.869722,false,"Inoperante","TAMPA DA CAIXA LACRADA (CONCRETADA)","","17/05/2024 10:00:00","17/05/2024 10:00:00","","100mm",""
"hid_1022","1983","BSB00665","1983","BRASILIA","ESPLANADA DOS MINISTERIOS - BLOCO Q - MINISTERIO DA DEFESA - BRASILIA-DF","EMI - MINISTERIO DA DEFESA

OBSERVAÇÃO: 

COORDENADAS CORRETAS: 15°47'48.8""S 47°52'08.3""W","EMI - MINISTERIO DA DEFESA

OBSERVAÇÃO: 

COORDENADAS CORRETAS: 15°47'48.8""S 47°52'08.3""W",-15.796861,-47.868917,true,"Operante","","","14/08/2025 10:00:00","14/08/2025 10:00:00","","100mm",""
"hid_1023","1984","BSB00666","1984","BRASILIA","ESPLANADA DOS MINISTERIOS - MINISTERIO DA JUSTIÇA VIA N2 - 17 - BRASILIA-DF","EMI - ESTACIONAMENTO ANEXO 01 MINISTERIO JUSTIÇA","EMI - ESTACIONAMENTO ANEXO 01 MINISTERIO JUSTIÇA",-15.79675,-47.866806,true,"Operante","","","17/03/2026 20:10:00","17/03/2026 20:10:00","","100mm",""
"hid_1024","1985","BSB00667","1985","BRASILIA","VIA N2 BRASILIA-DF","EMI - ENTRE OS PREDIOS - MINISTERIO DA JUSTIÇA/ANEXO 2","EMI - ENTRE OS PREDIOS - MINISTERIO DA JUSTIÇA/ANEXO 2",-15.79675,-47.865583,true,"Operante","","","17/03/2026 20:10:00","17/03/2026 20:10:00","","100mm",""
"hid_1025","1986","BSB00668","1986","BRASILIA","ESPLANADA DOS MINISTERIOS - MINISTERIO DA JUSTIÇA - BRASILIA-DF","ESPELHO D'AGUA DO MINISTERIO JUSTIÇA","ESPELHO D'AGUA DO MINISTERIO JUSTIÇA",-15.797472,-47.866528,true,"Operante","","","14/08/2025 09:00:00","14/08/2025 09:00:00","","100mm",""
"hid_1026","1988","BSB00670","1988","BRASILIA","SMU - SETOR MILITAR URBANO QGEX - AUDITORIO PEDRO CALMOM - BRASILIA-DF","QGEX - AUDITORIO PEDRO CALMOM","QGEX - AUDITORIO PEDRO CALMOM",-15.774861,-47.919222,true,"Operante","","","15/12/2025 10:06:00","15/12/2025 10:06:00","","100mm",""
"hid_1027","1989","BSB00671","1989","BRASILIA","SMU - SETOR MILITAR URBANO QGEX/CMP - 11ª RM BRASILIA-DF","QGEX/CMP - 11ª RM - PROXIMO A GUARITA","QGEX/CMP - 11ª RM - PROXIMO A GUARITA",-15.776667,-47.91925,true,"Operante","","","15/12/2025 10:57:00","15/12/2025 10:57:00","","100mm",""
"hid_1028","1990","BSB00672","1990","BRASILIA","SMU - SETOR MILITAR URBANO QGEX PORTÃO 1 BRASILIA-DF","QGEX PORTAO 1 - ESTACIONAMENTO","QGEX PORTAO 1 - ESTACIONAMENTO",-15.775889,-47.919111,true,"Operante","","","15/12/2025 10:58:00","15/12/2025 10:58:00","","100mm",""
"hid_1029","1993","BSB00674","1993","BRASILIA","SMU - SETOR MILITAR URBANO QGEX PORTÃO 4 BRASILIA-DF","QGEX - PORTAO 4. BLOCO H.","QGEX - PORTAO 4. BLOCO H.",-15.774306,-47.915972,true,"Operante","","","21/07/2025 12:30:00","21/07/2025 12:30:00","","100mm",""
"hid_1030","1994","BSB00675","1994","BRASILIA","SMU - SETOR MILITAR URBANO QGEX/CMP GARAGEM DGP BRASILIA-DF","GARAGEM CMP/DGP LATERAL ESQUERDA","GARAGEM CMP/DGP LATERAL ESQUERDA",-15.774444,-47.914861,true,"Operante","","","15/12/2025 11:03:00","15/12/2025 11:03:00","","100mm",""
"hid_1031","1995","BSB00676","1995","BRASILIA","SMU - SETOR MILITAR URBANO QGEX GARAGEM CMP BRASILIA-DF","GARAGEM-CMP QGEX","GARAGEM-CMP QGEX",-15.775667,-47.915306,true,"Operante","","","21/07/2025 10:30:00","21/07/2025 10:30:00","","100mm",""
"hid_1032","1998","BSB00679","1998","BRASILIA","SMU - SETOR MILITAR URBANO QGEX CRO 11 BRASILIA-DF","QGEX CRO 11ª REGIÃO","QGEX CRO 11ª REGIÃO",-15.775306,-47.91425,true,"Operante","","","17/01/2025 11:06:00","17/01/2025 11:06:00","","100mm",""
"hid_1033","1999","BSB00680","1999","BRASILIA","SMU - SETOR MILITAR URBANO QGEX PROXIMO AO PORTÃO 4 BRASILIA-DF","QGEX - LATERAL DIREITA PROXIMO AO PORTAO 4","QGEX - LATERAL DIREITA PROXIMO AO PORTAO 4",-15.773806,-47.916056,true,"Operante","","","15/12/2025 10:05:00","15/12/2025 10:05:00","","100mm",""
"hid_1034","2000","BSB00681","2000","BRASILIA","SMU - SETOR MILITAR URBANO QGEX ENTRE OS BLOCOS H/J BRASILIA-DF","ENTRE OS BLOCOS H/J","ENTRE OS BLOCOS H/J",-15.773472,-47.91625,true,"Operante","","","21/07/2025 13:30:00","21/07/2025 13:30:00","","100mm",""
"hid_1035","2001","BSB00682","2001","BRASILIA","SMU - SETOR MILITAR URBANO QGEX SETOR DE GARAGENS CMP BRASILIA-DF","QGEX - SETOR DE GARAGENS PROXIMO A SUBESTAÇAO DE ENERGIA","QGEX - SETOR DE GARAGENS PROXIMO A SUBESTAÇAO DE ENERGIA",-15.777417,-47.916306,true,"Operante","","","21/07/2025 09:00:00","21/07/2025 09:00:00","","100mm",""
"hid_1036","2002","BSB00683","2002","BRASILIA","SMU - SETOR MILITAR URBANO QGEX ESTACIONAMENTO/GARAGEM CMP BRASILIA-DF","PROXIMO A CAIXA D'GUA/ ESTACIONAMENTO - GARAGEM CMP","PROXIMO A CAIXA D'GUA/ ESTACIONAMENTO - GARAGEM CMP",-15.777194,-47.915056,true,"Operante","","","21/07/2025 10:00:00","21/07/2025 10:00:00","","100mm",""
"hid_1037","2003","BSB00684","2003","BRASILIA","SMU - SETOR MILITAR URBANO QGEX GARAGEM DA CMP","GARAGEM DA PMB (PREFEITURA MILITAR DE BRASILIA) EM FRENTE A GARAGEM CBM/PMB","GARAGEM DA PMB (PREFEITURA MILITAR DE BRASILIA) EM FRENTE A GARAGEM CBM/PMB",-15.777639,-47.91575,true,"Operante","","","21/07/2025 09:30:00","21/07/2025 09:30:00","","100mm",""
"hid_1038","2004","BSB00685","2004","BRASILIA","SMU - SETOR MILITAR URBANO QGEX PORTÃO 4 BRASILIA-DF","PORTAO 4","PORTAO 4",-15.774444,-47.916167,true,"Operante","","","21/07/2025 12:00:00","21/07/2025 12:00:00","","100mm",""
"hid_1039","2005","BSB00686","2005","BRASILIA","SMU - SETOR MILITAR URBANO QGEX PORTÃO 3 BRASILIA-DF","PORTAO 3","PORTAO 3",-15.775444,-47.916389,true,"Operante","","","21/07/2025 11:00:00","21/07/2025 11:00:00","","100mm",""
"hid_1040","2006","BSB00687","2006","BRASILIA","SMU - SETOR MILITAR URBANO QGEX PORTÃO 3 BRASILIA-DF","QGEX PORTAO 3. LATERAL DIREITA DO BLOCO H.","QGEX PORTAO 3. LATERAL DIREITA DO BLOCO H.",-15.775806,-47.9165,true,"Operante","","","15/12/2025 10:03:00","15/12/2025 10:03:00","","100mm",""
"hid_1041","2007","BSB00688","2007","BRASILIA","SMU - SETOR MILITAR URBANO QGEX PORTÃO 2 BRASILIA-DF","PORTAO 2 - PROXIMO A GUARITA","PORTAO 2 - PROXIMO A GUARITA",-15.775556,-47.917278,true,"Operante","","","15/12/2025 10:04:00","15/12/2025 10:04:00","","100mm",""
"hid_1042","2008","BSB00689","2008","BRASILIA","SMU - SETOR MILITAR URBANO QGEX PORTÃO 2 BRASILIA-DF","QGEX - PORTAO 2 -ENTRADA DO ESTACIONAMENTO.","QGEX - PORTAO 2 -ENTRADA DO ESTACIONAMENTO.",-15.776528,-47.917472,true,"Operante","","","25/01/2026 22:04:00","25/01/2026 22:04:00","","100mm",""
"hid_1043","2009","BSB00690","2009","BRASILIA","SMU - SETOR MILITAR URBANO QGEXBLOCO J - RESTAURANTE - PORTÃO 1 BRASILIA-DF","BLOCO J - RESTAURANTE / PORTAO 1","BLOCO J - RESTAURANTE / PORTAO 1",-15.775028,-47.918611,true,"Operante","","","15/12/2025 10:58:00","15/12/2025 10:58:00","","100mm",""
"hid_1044","2016","BSB00692","2016","BRASILIA","PRAÇA DOS TRÊS PODERES - SUPREMO TRIBUNAL FEDERAL BRASILIA-DF","VIA DE ACESSO EIXO MONUMENTAL/S1 - EM FRENTE AO LADO DIREITO DO SUPREMO TRIBUNAL FEDERAL","VIA DE ACESSO EIXO MONUMENTAL/S1 - EM FRENTE AO LADO DIREITO DO SUPREMO TRIBUNAL FEDERAL",-15.801583,-47.862194,true,"Operante","","","17/03/2026 20:12:00","17/03/2026 20:12:00","","100mm",""
"hid_1045","2017","BSB00693","2017","BRASILIA","PRAÇA DOS TRÊS PODERES - SUPREMO TRIBUNAL FEDERAL BRASILIA-DF","VIA DE ACESSO EIXO MONUMENTAL/S1 - LATERAL DIREITA DO SUPREMO TRIBUNAL FEDERAL","VIA DE ACESSO EIXO MONUMENTAL/S1 - LATERAL DIREITA DO SUPREMO TRIBUNAL FEDERAL",-15.802194,-47.862472,true,"Operante","","","17/03/2026 20:14:00","17/03/2026 20:14:00","","100mm",""
"hid_1046","2021","BSB00697","2021","BRASILIA","SBS QUADRA 2 BLOCO ""A"" EDIFICIO CASA DE SÃO PAULO - BRASILIA-DF","AOS FUNDOS DO EDIFICIO CASA DE SÃO PAULO/ENTRADA DA GARAGE","AOS FUNDOS DO EDIFICIO CASA DE SÃO PAULO/ENTRADA DA GARAGE",-15.799583,-47.883667,true,"Operante","","","06/08/2025 12:00:00","06/08/2025 12:00:00","","100mm",""
"hid_1047","2022","BSB00698","2022","BRASILIA","SBS QUADRA 2 BLOCO A EDIFICIO CASA DE SÃO PAULO - BRASILIA-DF","EM FRENTE AO EDIFICIO CASA DE SÃO PAULO.

OBS: LOCALIZAÇÃO CORRETA - S15º47'58.5' W47º53'01.1""

VISTORIADO PELO 1º SGT QBMG 1 JOSUE, MATR. 1404774.","EM FRENTE AO EDIFICIO CASA DE SÃO PAULO.

OBS: LOCALIZAÇÃO CORRETA - S15º47'58.5' W47º53'01.1""

VISTORIADO PELO 1º SGT QBMG 1 JOSUE, MATR. 1404774.",-15.8,-47.883083,true,"Operante","","","06/08/2025 12:30:00","06/08/2025 12:30:00","","100mm",""
"hid_1048","2023","BSB00699","2023","BRASILIA","SBS QUADRA 2 BLOCO ""L"" ASA SUL BRASILIA-DF","VIA DE ACESSO EIXINHO L/SBS - EM FRENTE AO CENTRO EMPRESARIAL JOÃO CARDOSO SAAD/EDIFICIO LINO","VIA DE ACESSO EIXINHO L/SBS - EM FRENTE AO CENTRO EMPRESARIAL JOÃO CARDOSO SAAD/EDIFICIO LINO",-15.800778,-47.882806,true,"Operante","","","06/08/2025 13:30:00","06/08/2025 13:30:00","","100mm",""
"hid_1049","2028","BSB00702","2028","BRASILIA","SBS QUADRA 3/4 ASA SUL BRASILIA-DF","VIA DE ACESSO EIXINHO L/SBS QD 03/04- EM FRENTE À SEDE CAIXA ECONOMICA FEDERAL","VIA DE ACESSO EIXINHO L/SBS QD 03/04- EM FRENTE À SEDE CAIXA ECONOMICA FEDERAL",-15.802,-47.88375,true,"Operante","","","06/08/2025 13:00:00","06/08/2025 13:00:00","","100mm",""
"hid_1050","2029","BSB00703","2029","BRASILIA","SHS QUADRA 2 VIA S1 3267 BRASILIA-DF","EM FRENTE AO POSTO DE GASOLINA NA VIA DE ACESSO AO EIXO MONUMENTAL","EM FRENTE AO POSTO DE GASOLINA NA VIA DE ACESSO AO EIXO MONUMENTAL",-15.793833,-47.888889,true,"Operante","","","06/08/2025 11:00:00","06/08/2025 11:00:00","","100mm",""
"hid_1051","2030","BSB00704","2030","BRASILIA","SHS QUADRA 01VIA S1 BRASILIA-DF","VIA DE ACESSO EIXO MONUMENTAL S1/S2 LATERAL DIREITA DO HOTEL NACIONAL.","VIA DE ACESSO EIXO MONUMENTAL S1/S2 LATERAL DIREITA DO HOTEL NACIONAL.",-15.794889,-47.886417,true,"Operante","","","06/08/2025 07:30:00","06/08/2025 07:30:00","","100mm",""
"hid_1052","2031","BSB00705","2031","BRASILIA","SHS QUADRA 4 VIA S2 4 - ASA SUL BRASILIA-DF","VIA DE ACESSO AO EIXO MONUMENTAL S1/S2 ENTRE OS HOTÉIS AMERICA E BRISTOL","VIA DE ACESSO AO EIXO MONUMENTAL S1/S2 ENTRE OS HOTÉIS AMERICA E BRISTOL",-15.794222,-47.891639,true,"Operante","","","20/01/2026 12:07:00","20/01/2026 12:07:00","","100mm",""
"hid_1053","2032","BSB00706","2032","BRASILIA","SHS QUADRA 6 VIA S2 4 - ASA SUL BRASILIA-DF","HOTEL PHENICIA NA VIA DE ACESSO AO EIXO MONUMENTAL AO LADO DO EDIFICIO BRASIL 21","HOTEL PHENICIA NA VIA DE ACESSO AO EIXO MONUMENTAL AO LADO DO EDIFICIO BRASIL 21",-15.794194,-47.893028,true,"Operante","","","06/08/2025 10:30:00","06/08/2025 10:30:00","","100mm",""
"hid_1054","2033","BSB00707","2033","BRASILIA","ERS- GALERIA DOS ESTADOS DF-002, 1490 BRASILA-DF","GALERIA DOS ESTADOS
EM FRENTE AO LET'S IDEA/BRASILIA HOTEL","GALERIA DOS ESTADOS
EM FRENTE AO LET'S IDEA/BRASILIA HOTEL",-15.799,-47.884194,true,"Operante","","","06/08/2025 10:00:00","06/08/2025 10:00:00","","100mm",""
"hid_1055","2038","BSB00710","2038","BRASILIA","SRPS - ADMINISTRAÇÃO DO PARQUE DA CIDADE BRASILIA-DF","FUNDOS DA ADMINISTRAÇÃO / ÁREA VERDE","FUNDOS DA ADMINISTRAÇÃO / ÁREA VERDE",-15.792972,-47.898667,true,"Operante","","","25/01/2026 21:59:00","25/01/2026 21:59:00","","100mm",""
"hid_1056","2039","BSB00711","2039","BRASILIA","SRPS - QUIOSQUE DO ATLETA PARQUE DA CIDADE BRASILIA-DF","PROXIMO AO QUIOSQUE DO ATLETA / ADMINISTRAÇÃO / ÁREA VERDE","PROXIMO AO QUIOSQUE DO ATLETA / ADMINISTRAÇÃO / ÁREA VERDE",-15.793472,-47.897778,true,"Operante","","","25/01/2026 22:00:00","25/01/2026 22:00:00","","100mm",""
"hid_1057","2040","BSB00712","2040","BRASILIA","SRPS - PROXIMO AO PARQUE ANA LIDIA/PORTÃO 4 PARQUE DA CIDADE BRASILIA-DF","PRÓXIMO AO PARQUE ANA LÍDIA / À 225 METROS DO PORTÃO Nº 4","PRÓXIMO AO PARQUE ANA LÍDIA / À 225 METROS DO PORTÃO Nº 4",-15.794194,-47.89675,true,"Operante","","","25/01/2026 22:00:00","25/01/2026 22:00:00","","100mm",""
"hid_1058","2041","BSB00713","2041","BRASILIA","SRPS - PROXIMO AO PARQUE ANA LIDIA/PORTÃO 4 PARQUE DA CIDADE BRASILIA-DF","PRÓXIMO AO PARQUE ANA LÍDIA / À 135 METROS DO PORTÃO Nº 4","PRÓXIMO AO PARQUE ANA LÍDIA / À 135 METROS DO PORTÃO Nº 4",-15.794417,-47.896167,true,"Operante","","","25/01/2026 22:01:00","25/01/2026 22:01:00","","100mm",""
"hid_1059","2042","BSB00714","2042","BRASILIA","SRPS - PROXIMO AO CASTELINHO PARQUE DA CIDADE BRASILIA-DF","NA ÁREA VERDE PRÓXIMO AO CASTELINHO","NA ÁREA VERDE PRÓXIMO AO CASTELINHO",-15.794167,-47.899944,false,"Inoperante","CAIXA DE REGISTRO SOTERRADA; REGISTRO SOTERRADO","","17/01/2025 13:14:00","17/01/2025 13:14:00","","100mm",""
"hid_1060","2043","BSB00715","2043","BRASILIA","SRPS - PROXIMO AO QUIOSQUE DA SAUDE PARQUE DA CIDADE BRASILIA-DF","PRÓXIMO AO QUIOSQUE DA SAÚDE / ADMINISTRAÇÃO","PRÓXIMO AO QUIOSQUE DA SAÚDE / ADMINISTRAÇÃO",-15.792778,-47.899472,true,"Operante","","","25/01/2026 22:02:00","25/01/2026 22:02:00","","100mm",""
"hid_1061","2044","BSB00716","2044","BRASILIA","SRPS - RESERVATORIO Nº 2 PARQUE DA CIDADE BRASILIA-DF","LATERAL ESQUERDA DO RESERVATÓRIO Nº 2 / CASTELINHO / ÁREA VERDE","LATERAL ESQUERDA DO RESERVATÓRIO Nº 2 / CASTELINHO / ÁREA VERDE",-15.791361,-47.900889,true,"Operante","","","31/07/2025 10:30:00","31/07/2025 10:30:00","","100mm",""
"hid_1062","2045","BSB00717","2045","BRASILIA","SRPS - LATERAL DIREITA DO RESERVATORIO Nº 2 PARQUE DA CIDADE BRASILIA-DF","LATERAL DIREITA DO RESERVATÓRIO Nº 2 / ÁREA VERDE","LATERAL DIREITA DO RESERVATÓRIO Nº 2 / ÁREA VERDE",-15.793472,-47.901111,true,"Operante","","","17/01/2025 15:57:00","17/01/2025 15:57:00","","100mm",""
"hid_1063","2046","BSB00718","2046","BRASILIA","SRPS - PORTÃO Nº 1 PARQUE DA CIDADE BRASILIA-DF","PRÓXIMO AO PORTÃO Nº 1","PRÓXIMO AO PORTÃO Nº 1",-15.788778,-47.906528,true,"Operante","","","17/01/2025 15:55:00","17/01/2025 15:55:00","","100mm",""
"hid_1064","2047","BSB00719","2047","BRASILIA","SRPS - PARQUE INFANTIL PARQUE DA CIDADE BRASILIA-DF","PRÓXIMO AO PARQUE INFANTIL","PRÓXIMO AO PARQUE INFANTIL",-15.803111,-47.916722,true,"Operante","","","22/07/2025 08:30:00","22/07/2025 08:30:00","","100mm",""
"hid_1065","2048","BSB00720","2048","BRASILIA","SRPS - PROXIMO AO ALPINUS PARQUE DA CIDADE BRASILIA-DF","PRÓXIMO AO ALPINUS NA ÁREA VERDE","PRÓXIMO AO ALPINUS NA ÁREA VERDE",-15.807333,-47.924056,true,"Operante","","","15/01/2025 14:18:00","15/01/2025 14:18:00","","100mm",""
"hid_1066","2049","BSB00721","2049","BRASILIA","SRPS - PARQUE INFANTIL PARQUE DA CIDADE BRASILIA-DF","PRÓXIMO AO PARQUE INFANTIL DO ALPINUS","PRÓXIMO AO PARQUE INFANTIL DO ALPINUS",-15.807167,-47.9245,true,"Operante","","","15/01/2025 14:17:00","15/01/2025 14:17:00","","100mm",""
"hid_1067","2050","BSB00722","2050","BRASILIA","SRPS - ABRIGO 5 PARQUE DA CIDADE BRASILIA-DF","NA ÁREA VERDE PRÓXIMO AO ABRIGO N° 5","NA ÁREA VERDE PRÓXIMO AO ABRIGO N° 5",-15.805806,-47.921972,true,"Operante","","","15/01/2025 14:01:00","15/01/2025 14:01:00","","100mm",""
"hid_1068","2051","BSB00723","2051","BRASILIA","SRPS - RESTAURANTE GIBÃO PARQUE DA CIDADE BRASILIA-DF","À DIREITA DO RESTAURANTE GIBÃO / ÁREA VERDE","À DIREITA DO RESTAURANTE GIBÃO / ÁREA VERDE",-15.803861,-47.920222,true,"Operante","","","15/01/2025 14:00:00","15/01/2025 14:00:00","","100mm",""
"hid_1069","2052","BSB00724","2052","BRASILIA","SRPS - ESCOLA MENINOS E MENINAS PARQUE DA CIDADE - BRASILIA-DF","LATERAL ESQUERDA DA ESCOLA MENINOS E MENINAS / ÁREA VERDE","LATERAL ESQUERDA DA ESCOLA MENINOS E MENINAS / ÁREA VERDE",-15.810028,-47.925139,true,"Operante","","","15/01/2025 14:19:00","15/01/2025 14:19:00","","100mm",""
"hid_1070","2053","BSB00725","2053","BRASILIA","SRPS - PISCINA COM ONDAS PARQUE DA CIDADE BRASILIA-DF","PRÓXIMO A PISCINA COM ONDAS / ÁREA VERDE","PRÓXIMO A PISCINA COM ONDAS / ÁREA VERDE",-15.809611,-47.9205,true,"Operante","","","22/07/2025 07:30:00","22/07/2025 07:30:00","","100mm",""
"hid_1071","2055","BSB00727","2055","BRASILIA","SRPS - FUNDOS DO CENTRO ESPORTIVO SANTO ANTONIO / PARQUE DA CIDADE BRASILIA-DF","FUNDOS DO CENTRO ESPORTIVO SANTO ANTONIO","FUNDOS DO CENTRO ESPORTIVO SANTO ANTONIO",-15.811944,-47.916,true,"Operante","","","24/01/2025 07:39:00","24/01/2025 07:39:00","","100mm",""
"hid_1072","2056","BSB00728","2056","BRASILIA","SRPS - ESTACIONAMENTO 08, PARQUE DA CIDADE - BRASILIA-DF","EM FRENTE A BASE DA BRASFORT.","EM FRENTE A BASE DA BRASFORT.",-15.808778,-47.915972,true,"Operante","","","22/07/2025 08:00:00","22/07/2025 08:00:00","","100mm",""
"hid_1073","2057","BSB00729","2057","BRASILIA","SRPS - PIRRAÇA/ESTACIONAMENTO PARQUE DA CIDADE BRASILIA-DF","PRÓXIMO AO PIRRAÇA / ESTACIONAMENTO / ÁREA VERDE","PRÓXIMO AO PIRRAÇA / ESTACIONAMENTO / ÁREA VERDE",-15.805722,-47.913,true,"Operante","","","24/01/2025 07:41:00","24/01/2025 07:41:00","","100mm",""
"hid_1074","2058","BSB00730","2058","BRASILIA","SRPS - RESTAURANTE DO LAGO PARQUE DA CIDADE BRASILIA-DF","PROXIMO AO RESTAURANTE DO LAGO / ÁREA VERDE","PROXIMO AO RESTAURANTE DO LAGO / ÁREA VERDE",-15.802861,-47.9065,true,"Operante","","","31/07/2025 09:30:00","31/07/2025 09:30:00","","100mm",""
"hid_1075","2059","BSB00731","2059","BRASILIA","SCS - SETOR COMERCIO SUL QUADRA 4 BLOCO A VIA W3/S2 BRASILIA-DF","EM FRENTE AO EDIFIO VERA CRUZ","EM FRENTE AO EDIFIO VERA CRUZ",-15.797778,-47.888194,true,"Operante","","","06/08/2025 11:15:00","06/08/2025 11:15:00","","100mm",""
"hid_1076","2060","BSB00732","2060","BRASILIA","SCS - SETOR COMERCIO SUL QUADRA 6 BLOCO A VIA W3/S2 BRASILIA-DF","","",-15.796537,-47.890751,true,"Operante","","","04/08/2025 12:00:00","04/08/2025 12:00:00","","100mm",""
"hid_1077","2062","BSB00733","2062","BRASILIA","SCS - SETOR COMERCIO SUL QUADRA 6 BLOCO A VIA W3/S2 BRASILIA-DF","","",-15.796702,-47.890214,true,"Operante","","","05/08/2025 11:30:00","05/08/2025 11:30:00","","100mm",""
"hid_1078","2063","BSB00734","2063","BRASILIA","SCS QD 06 BL ""B"" .ED IDHAB/CODHAB, - Brasília, DF, Brasil","VIA DA ACESSO W3/S2- EM FRENTE A CODHAB/ED C0DHAB,BLOCO ""B""","VIA DA ACESSO W3/S2- EM FRENTE A CODHAB/ED C0DHAB,BLOCO ""B""",-15.797611,-47.890528,true,"Operante","","","06/08/2025 10:45:00","06/08/2025 10:45:00","","100mm",""
"hid_1079","2070","BSB00735","2070","BRASILIA","SCS QUADRA 4 - VIA DE ACESSO W3/S2 BLOCO A - BRASILIA-DF","VIA DA ACESSO W3/S2- EM FRENTE A LOJAS AMERICANAS BLOCO ""A"".","VIA DA ACESSO W3/S2- EM FRENTE A LOJAS AMERICANAS BLOCO ""A"".",-15.798583,-47.888583,true,"Operante","","","05/08/2025 09:00:00","05/08/2025 09:00:00","","100mm",""
"hid_1080","2075","BSB00737","2075","BRASILIA","SCS QUADRA 2 ED. SEDE EMBRATEL BLOCO E - VIA W3/S2 BRASILIA-DF","VIA DA ACESSO W3/S2- BL ""E"" LATERAL EMPRESA OI/CLARO/ SEDE EMBRATEL BRASILIA/LATERAL SEDE EMBRATEL/ EM FRENTE PREDIO DOS CORREIOS.
S15°47'47.4"" W47º53'19.0""","VIA DA ACESSO W3/S2- BL ""E"" LATERAL EMPRESA OI/CLARO/ SEDE EMBRATEL BRASILIA/LATERAL SEDE EMBRATEL/ EM FRENTE PREDIO DOS CORREIOS.
S15°47'47.4"" W47º53'19.0""",-15.797083,-47.887139,true,"Operante","","","04/08/2025 09:00:00","04/08/2025 09:00:00","","100mm",""
"hid_1081","2076","BSB00738","2076","BRASILIA","SRPS - ABRIGO 12 PARQUE DA CIDADE BRASILIA-DF","PRÓXIMO AS CHURRASQUEIRAS DO ABRIGO 12","PRÓXIMO AS CHURRASQUEIRAS DO ABRIGO 12",-15.805333,-47.916639,false,"Inoperante","HIDRANTE SOTERRADO","","24/01/2025 07:41:00","24/01/2025 07:41:00","","100mm",""
"hid_1082","2077","BSB00739","2077","BRASILIA","SRPS - ABRIGO 8 PARQUE DA CIDADE BRASILIA-DF","PRÓXIMO AO ABRIGO Nº 8","PRÓXIMO AO ABRIGO Nº 8",-15.802361,-47.914583,true,"Operante","","","22/07/2025 09:00:00","22/07/2025 09:00:00","","100mm",""
"hid_1083","2078","BSB00740","2078","BRASILIA","SCS QUADRA 5 BLOCO ""D"" ED. EMBRATEL/CLARO NA VIA DE ACESSO W3/S2 - BRASILIA-DF","NA VIA DE ACESSO W3/S2 - EM FRENTE E A DIREITA DO EDIFICIO EMBRATEL/PREDIO DA CLARO.
S15°47'46.1""W47°53'18.8""","NA VIA DE ACESSO W3/S2 - EM FRENTE E A DIREITA DO EDIFICIO EMBRATEL/PREDIO DA CLARO.
S15°47'46.1""W47°53'18.8""",-15.796194,-47.888556,true,"Operante","","","04/08/2025 11:00:00","04/08/2025 11:00:00","","100mm",""
"hid_1084","2079","BSB00741","2079","BRASILIA","SCS QUADRA 5 BLOCO ""D"" -BRASILIA-DF","EM FRENTE AO MUSEU NACIONAL DOS CORREIOS (DO OUTRO LADO DA RUA)/LATERAL ESQUERDA DO EDIFICIO EMBRATEL.","EM FRENTE AO MUSEU NACIONAL DOS CORREIOS (DO OUTRO LADO DA RUA)/LATERAL ESQUERDA DO EDIFICIO EMBRATEL.",-15.796583,-47.888667,true,"Operante","","","05/08/2025 10:30:00","05/08/2025 10:30:00","","100mm",""
"hid_1085","2080","BSB00742","2080","BRASILIA","SCS QUADRA 5 GALERIA NOVA OUVIDOR VIA W3/S2 BRASILIA-DF","NA VIA DE ACESSO W3/S2 - EM FRENTE A ENTRADA DO SUBSOLO DA GALERIA NOVA OUVIDOR.","NA VIA DE ACESSO W3/S2 - EM FRENTE A ENTRADA DO SUBSOLO DA GALERIA NOVA OUVIDOR.",-15.796,-47.889472,false,"Inoperante","REGISTRO SOTERRADO","","05/08/2025 08:30:00","05/08/2025 08:30:00","","100mm",""
"hid_1086","2082","BSB00743","2082","BRASILIA","SCS QUADRA 2 BLOCO ""C"" EDIFICIO PRESIDENTE DUTRA/SESC - VIA DE ACESSO W3/S2 BRASILIA-DF","VIA DE ACESSO W3/S2 - EM FRENTE AO LADO ESQUERDO DO BL.""C"".","VIA DE ACESSO W3/S2 - EM FRENTE AO LADO ESQUERDO DO BL.""C"".",-15.797306,-47.886556,true,"Operante","","","04/08/2025 09:30:00","04/08/2025 09:30:00","","100mm",""
"hid_1087","2083","BSB00744","2083","BRASILIA","SCS QUADRA 2 BLOCO ""C"" EDIFICIO SARASATE/BANCO NORDESTE - VIA DE ACESSO W3/S2 BRASILIA-DF","EM FRENTE AO BL.""C"" EDIFICIO SARASATE/BANCO NORDESTE.","EM FRENTE AO BL.""C"" EDIFICIO SARASATE/BANCO NORDESTE.",-15.797889,-47.886889,true,"Operante","","","04/08/2025 10:00:00","04/08/2025 10:00:00","","100mm",""
"hid_1088","2084","BSB00745","2084","BRASILIA","SCS QUADRA 2 BLOCO ""C"" EDIFICIO ANHANGUERA - BRASILIA-DF","VIA DE ACESSO W3/S2 - EM FRENTE AO BL.""C"" EDIFICIO ANHANGUERA. EM FRENTE AO EDIFICIO ANTONIO VENANCIO DA SILVA.

OBS: LOCALIZAÇÃO CORRETA - S15º47'55.4"" W47º53'12.5""","VIA DE ACESSO W3/S2 - EM FRENTE AO BL.""C"" EDIFICIO ANHANGUERA. EM FRENTE AO EDIFICIO ANTONIO VENANCIO DA SILVA.

OBS: LOCALIZAÇÃO CORRETA - S15º47'55.4"" W47º53'12.5""",-15.798611,-47.887111,true,"Operante","","","04/08/2025 08:00:00","04/08/2025 08:00:00","","100mm",""
"hid_1089","2085","BSB00746","2085","BRASILIA","SCS QUADRA 2 BLOCO ""A"" EDIFICIO BRADESCO - VIA DE ACESSO W3/S2/ERS-W BRASILIA-DF","EM FRENTE AO BLOCO ""A"" EDIFICIO BRADESCO.","EM FRENTE AO BLOCO ""A"" EDIFICIO BRADESCO.",-15.799583,-47.887417,true,"Operante","","","04/08/2025 08:30:00","04/08/2025 08:30:00","","100mm",""
"hid_1090","2086","BSB00747","2086","BRASILIA","SCS QUADRA 01 BLOCO ""D"" EDIFICIO JK - Via DE ACESSO W3/S2/ERS-W - BRASILIA-DF","EM FRENTE AO BLOCO ""D"" EDIFICIO JK.","EM FRENTE AO BLOCO ""D"" EDIFICIO JK.",-15.799306,-47.886472,true,"Operante","","","05/08/2025 12:00:00","05/08/2025 12:00:00","","100mm",""
"hid_1091","2088","BSB00749","2088","BRASILIA","SCS QUADRA 1 BLOCO ""L"" EDIFICIO MÁRCIA - VIA DE ACESSO W3/S2 BRASILIA-DF","","",-15.797203,-47.886196,true,"Operante","","","06/08/2025 09:00:00","06/08/2025 09:00:00","","100mm",""
"hid_1092","2095","BSB00752","2095","BRASILIA","SBS BLOCO Q - EDIFICIO VENÂNCIO IV LOJA 03 VIA DE ACESSO S1/S2 - BRASILIA-DF","FUNDOS DO ED. VENÂNCIO IV, EM FRENTE AGÊNCIA DOS CORREIOS.","FUNDOS DO ED. VENÂNCIO IV, EM FRENTE AGÊNCIA DOS CORREIOS.",-15.795444,-47.885056,true,"Operante","","","06/08/2025 08:30:00","06/08/2025 08:30:00","","100mm",""
"hid_1093","2096","BSB00753","2096","BRASILIA","SDS - CONIC - FUNDOS (SUBSOLO) ED. VENÂNCIO V LOJA 44 - VIA DE ACESSO S2/S1 BRASILIA-DF","FUNDOS DO CONIC (SUBSOLO)/LATERAL DIREITA DA CUT ( CENTRAL UNICA DOS TRABALHADORES).

LOCALIZAÇÃO CORRETA: S15º47'46.3"" W47º53'07.6""","FUNDOS DO CONIC (SUBSOLO)/LATERAL DIREITA DA CUT ( CENTRAL UNICA DOS TRABALHADORES).

LOCALIZAÇÃO CORRETA: S15º47'46.3"" W47º53'07.6""",-15.796278,-47.885389,true,"Operante","","","06/08/2025 09:30:00","06/08/2025 09:30:00","","100mm",""
"hid_1094","2097","BSB00754","2097","BRASILIA","SDS - CONIC - FUNDOS (SUBSOLO) ED. VENÂNCIO VI BLOCO O - BRASILIA-DF","FUNDOS DO CONIC (SUBSOLO)/LATERAL DIREITA/PROXIMO AO SEMAFORO.

 
LOCALIZAÇÃO CORRETA: S15º47'47.7"" W47º53'08.0"".","FUNDOS DO CONIC (SUBSOLO)/LATERAL DIREITA/PROXIMO AO SEMAFORO.

 
LOCALIZAÇÃO CORRETA: S15º47'47.7"" W47º53'08.0"".",-15.796528,-47.885556,true,"Operante","","","06/08/2025 09:15:00","06/08/2025 09:15:00","","100mm",""
"hid_1095","2098","BSB00755","2098","BRASILIA","HBB - HOSPITAL DE BASE DO DF BLOCO ""A"" BRASILIA-DF","HBB - ESTACIONAMENTO EM FRENTE A PORTARIA DE INTERNAÇÃO/PEDIATRIA.

OBS: LOCALIZAÇÃO CORRETA - S15º48'03.4"" W47º53'19.1""","HBB - ESTACIONAMENTO EM FRENTE A PORTARIA DE INTERNAÇÃO/PEDIATRIA.

OBS: LOCALIZAÇÃO CORRETA - S15º48'03.4"" W47º53'19.1""",-15.800861,-47.888611,true,"Operante","","","09/07/2025 11:00:00","09/07/2025 11:00:00","","100mm",""
"hid_1096","2099","BSB00756","2099","BRASILIA","HBB - HOSPITAL DE BASE DO DF, BRASILIA - DF","PROXIMO A GUARITA E A PISTA DE POUSO - HELIPONTO DO HBB.

OBS: LOCALIZAÇÃO CORRETA: S15º48'03.1"" W47º53'22.8""","PROXIMO A GUARITA E A PISTA DE POUSO - HELIPONTO DO HBB.

OBS: LOCALIZAÇÃO CORRETA: S15º48'03.1"" W47º53'22.8""",-15.800861,-47.889667,true,"Operante","","","20/01/2026 12:05:00","20/01/2026 12:05:00","","100mm",""
"hid_1097","2100","BSB00757","2100","BRASILIA","SMHS - EDIFICIO PIONEIRAS SOCIAIS BRASILIA-DF","VIA DE ACESSO EIXINHO W/W3/CLS 102 - AO LADO DA BANCA DE REVISTA PIONEIRAS/PROXIMO AO HBB.

LOCALIZAÇÃO CORRETA: S15º48'02.1"" W47º53""26.1""","VIA DE ACESSO EIXINHO W/W3/CLS 102 - AO LADO DA BANCA DE REVISTA PIONEIRAS/PROXIMO AO HBB.

LOCALIZAÇÃO CORRETA: S15º48'02.1"" W47º53""26.1""",-15.800583,-47.890722,true,"Operante","","","09/07/2025 09:30:00","09/07/2025 09:30:00","","100mm",""
"hid_1098","2101","BSB00758","2101","BRASILIA","SMHS - EDIFICIO PIONEIRAS SOCIAIS ENTRADA A BRASILIA-DF","VIA DE ACESSSO EIXINHO W/W3/CLS 102 - EM FRENTE AO EDIFICIO PIONEIRAS SOCIAIS - ENTRADA A./PROXIMO AO HBB.

LOCALIZAÇÃO CORRETA: S15º48'01.8"" W47º53'25.6""","VIA DE ACESSSO EIXINHO W/W3/CLS 102 - EM FRENTE AO EDIFICIO PIONEIRAS SOCIAIS - ENTRADA A./PROXIMO AO HBB.

LOCALIZAÇÃO CORRETA: S15º48'01.8"" W47º53'25.6""",-15.800556,-47.890472,true,"Operante","","","09/07/2025 10:00:00","09/07/2025 10:00:00","","100mm",""
"hid_1099","2125","BSB00759","2125","BRASILIA","EMI - BLOCO A - MINISTÉRIO DOS ESPORTES E TURISMO / VIA S2 - BRASILIA-DF","EM FRENTE AO BLOCO A DO ANEXO DO MINISTERIO DOS ESPORTES E TURISMO.","EM FRENTE AO BLOCO A DO ANEXO DO MINISTERIO DOS ESPORTES E TURISMO.",-15.799889,-47.873528,true,"Operante","","","11/08/2025 10:00:00","11/08/2025 10:00:00","","100mm",""
"hid_1100","2126","BSB00760","2126","BRASILIA","EMI - BLOCO A DO ANEXO DO MINISTÉRIO DA ADMINISTRAÇÃO FEDERAL / VIA S2 - BRASILIA-DF","PRÓXIMO AO ESTACIONAMENTO.","PRÓXIMO AO ESTACIONAMENTO.",-15.800333,-47.872,true,"Operante","","","19/01/2026 15:28:00","19/01/2026 15:28:00","","100mm",""
"hid_1101","2127","BSB00761","2127","BRASILIA","EMI - EM FRENTE AO ANEXO DO MINISTÉRIO DA AGRICULTURA PECUÁRIA E ABASTECIMENTO / VIA S2 - BRASILIA-DF","FRENTE AO ANEXO B.","FRENTE AO ANEXO B.",-15.800611,-47.871056,true,"Operante","","","17/03/2026 20:09:00","17/03/2026 20:09:00","","100mm",""
"hid_1102","2128","BSB00762","2128","BRASILIA","EMI - CONGRESSO NACIONAL - CÂMARA DOS DEPUTADOS / VIA S1 - BRASILIA-DF","ÁREA VERDE PROXIMO AO ESPELHO D'ÁGUA.","ÁREA VERDE PROXIMO AO ESPELHO D'ÁGUA.",-15.800389,-47.864917,true,"Operante","REGISTRO COM VAZAMENTO","","14/08/2025 08:30:00","14/08/2025 08:30:00","","100mm",""
"hid_1103","2129","BSB00763","2129","BRASILIA","EMI - CONGRESSO NACIONAL - SENADO FEDERAL / VIA N1 - BRASILIA-DF","NO ESTACIONAMENTO DO ANEXO I DO SENADO FEDERAL.","NO ESTACIONAMENTO DO ANEXO I DO SENADO FEDERAL.",-15.799722,-47.862333,true,"Operante","","","17/03/2026 20:13:00","17/03/2026 20:13:00","","100mm",""
"hid_1104","2130","BSB00764","2130","BRASILIA","PTP - PALÁCIO DO PLANALTO - BRASILIA-DF","EM FRENTE AO LADO ESQUERDO DO PALÁCIO DO PLANALTO.","EM FRENTE AO LADO ESQUERDO DO PALÁCIO DO PLANALTO.",-15.799389,-47.861472,true,"Operante","","","14/08/2025 12:00:00","14/08/2025 12:00:00","","100mm",""
"hid_1105","2133","BSB00767","2133","BRASILIA","1º RCG - REGIMENTO DE CAVALARIA DE GUARDA - BRASILIA-DF","VIA DE ACESSO A RUA F.","VIA DE ACESSO A RUA F.",-15.765583,-47.952583,true,"Operante","","","08/07/2025 12:30:00","08/07/2025 12:30:00","","100mm",""
"hid_1106","2134","BSB00768","2134","BRASILIA","1º RCG - REGIMENTO DE CAVALARIA DE GUARDA - BRASILIA-DF","CERIMONIAL.","CERIMONIAL.",-15.763056,-47.954694,true,"Operante","","","08/07/2025 11:00:00","08/07/2025 11:00:00","","100mm",""
"hid_1107","2135","BSB00769","2135","BRASILIA","1º RCG - REGIMENTO DE CAVALARIA DE GUARDA - BRASILIA-DF","ENFERMARIA/CAIXA D'AGUA","ENFERMARIA/CAIXA D'AGUA",-15.764944,-47.955194,true,"Operante","","","08/07/2025 12:00:00","08/07/2025 12:00:00","","100mm",""
"hid_1108","2136","BSB00770","2136","BRASILIA","1º RCG - REGIMENTO DE CAVALARIA DE GUARDA - BRASILIA-DF","CAMPO DE FUTBOL","CAMPO DE FUTBOL",-15.764917,-47.954306,true,"Operante","","","08/07/2025 12:30:00","08/07/2025 12:30:00","","100mm",""
"hid_1109","2137","BSB00771","2137","BRASILIA","1º RCG - REGIMENTO DE CAVALARIA DE GUARDA - BRASILIA-DF","QUADRA DE ESPORTES","QUADRA DE ESPORTES",-15.763444,-47.953778,true,"Operante","","","08/07/2025 11:30:00","08/07/2025 11:30:00","","100mm",""
"hid_1110","2138","BSB00772","2138","BRASILIA","1º RCG - REGIMENTO DE CAVALARIA DE GUARDA - BRASILIA-DF","BAIA DE CAVALOS","BAIA DE CAVALOS",-15.760639,-47.95525,true,"Operante","","","08/07/2025 10:00:00","08/07/2025 10:00:00","","100mm",""
"hid_1111","2139","BSB00773","2139","BRASILIA","1º RCG - REGIMENTO DE CAVALARIA DE GUARDA - BRASILIA-DF","ENTRADA DO 11º DEPARTAMENTO DE SUPRIMENTO","ENTRADA DO 11º DEPARTAMENTO DE SUPRIMENTO",-15.764306,-47.964222,true,"Operante","","","08/07/2025 09:00:00","08/07/2025 09:00:00","","100mm",""
"hid_1112","2146","BSB00779","2146","BRASILIA","SAUN - SETOR DE AUTARQUIAS NORTE - DENIT - QUADRA 3 VIA L2 NORTE - BRASILIA-DF","FUNDOS AO LADO DIREITO DO DENIT.
 
LOCALIZAÇÃO CORRETA: S 15º 47' 26.3"" W 47º 52' 33.8""","FUNDOS AO LADO DIREITO DO DENIT.
 
LOCALIZAÇÃO CORRETA: S 15º 47' 26.3"" W 47º 52' 33.8""",-15.79075,-47.876333,true,"Operante","","","19/01/2026 15:30:00","19/01/2026 15:30:00","","100mm",""
"hid_1113","2147","BSB00780","2147","BRASILIA","SAUN - SETOR DE AUTARQUIAS NORTE - DENIT - QUADRA 3 VIA L2 NORTE - BRASILIA-DF","EM FRENTE DO DENIT LADO ESQUERDO PROXIMO A ENTRADA DO ESTACIONAMENTO.","EM FRENTE DO DENIT LADO ESQUERDO PROXIMO A ENTRADA DO ESTACIONAMENTO.",-15.791278,-47.874861,true,"Operante","","","19/01/2026 15:31:00","19/01/2026 15:31:00","","100mm",""
"hid_1114","2148","BSB00781","2148","BRASILIA","SAUN - SETOR DE AUTARQUIAS NORTE - DENIT - QUADRA 3 VIA L2 NORTE - BRASILIA-DF","NA VIA DE LIGAÇÃO EIXINHO L COM A L2 / EM FRENTE AO ESTACIONAMENTO DO BLOCO A DO DENIT.","NA VIA DE LIGAÇÃO EIXINHO L COM A L2 / EM FRENTE AO ESTACIONAMENTO DO BLOCO A DO DENIT.",-15.789278,-47.874167,true,"Operante","","","19/01/2026 15:31:00","19/01/2026 15:31:00","","100mm",""
"hid_1115","2149","BSB00782","2149","BRASILIA","SAUN - SETOR DE AUTARQUIAS NORTE - DENIT - QUADRA 3 VIA L2 NORTE - BRASILIA-DF","NOS FUNDOS AO LADO ESQUERDO DO DENIT / TERRENO BALDIO.","NOS FUNDOS AO LADO ESQUERDO DO DENIT / TERRENO BALDIO.",-15.789222,-47.875694,true,"Operante","","","19/01/2026 15:31:00","19/01/2026 15:31:00","","100mm",""
"hid_1116","2150","BSB00783","2150","BRASILIA","SQN 701 BLOCO B","VIA DE ACESSO W3/W4, EM FRENTE AO LADO DIREITO DO BLOCO B - TRANSAMÉRICA","VIA DE ACESSO W3/W4, EM FRENTE AO LADO DIREITO DO BLOCO B - TRANSAMÉRICA",-15.784306,-47.889861,true,"Operante","","","03/06/2025 08:00:00","03/06/2025 08:00:00","","100mm",""
"hid_1117","2151","BSB00784","2151","BRASILIA","SQN 701 - VIA W3 NORTE - BRASILIA-DF","NA VIA W3 NORTE - LATERAL ESQUERDA DO BRASÍLIA RÁDIO CENTER.","NA VIA W3 NORTE - LATERAL ESQUERDA DO BRASÍLIA RÁDIO CENTER.",-15.784667,-47.887917,true,"Operante","FALTA TAMPÃO DE 2.1/2""","","04/06/2025 19:21:00","04/06/2025 19:21:00","","100mm",""
"hid_1118","2152","TAG00027","2152","TAGUATINGA","QNA 08 LOTE 02","ESQUINA DO LOTE 02","ESQUINA DO LOTE 02",-15.829,-48.056278,true,"Operante","","","26/03/2025 08:10:00","26/03/2025 08:10:00","","100mm",""
"hid_1119","2153","TAG00028","2153","TAGUATINGA","QNA 16 LOTE 01.Taguatinga, Brasília - DF, Brasil","EM FRENTE AO BANCO SANTANDER","EM FRENTE AO BANCO SANTANDER",-15.828083,-48.058917,true,"Operante","","","26/03/2025 10:40:00","26/03/2025 10:40:00","","100mm",""
"hid_1120","2171","TAG00030","2171","TAGUATINGA","QND 58 LOTE-42","ESQUINA CASA 42","ESQUINA CASA 42",-15.802639,-48.058306,true,"Operante","","","31/03/2025 08:40:00","31/03/2025 08:40:00","","100mm",""
"hid_1121","2172","TAG00031","2172","TAGUATINGA","QND 47 LOTE 21 Av. Comercial, 27-47 - Taguatinga, Brasília - DF, Brasil","ESQUINA DO LOTE 21,POSTO BR, CRUZAMENTO AV.COMERCIAL NORTE E TAGUACENTER","ESQUINA DO LOTE 21,POSTO BR, CRUZAMENTO AV.COMERCIAL NORTE E TAGUACENTER",-15.803194,-48.067472,true,"Operante","FALTA CABEÇOTE DA HASTE DO REGISTRO (LUVA)","","26/03/2025 18:17:00","26/03/2025 18:17:00","","100mm",""
"hid_1122","2175","BSB00786","2175","BRASILIA","SCS - QD. 04 BL. A - BRASILIA-DF","EM FRENTE AO EDIFÍCIO VERA CRUZ / BANCO SANTANDER","EM FRENTE AO EDIFÍCIO VERA CRUZ / BANCO SANTANDER",-15.796889,-47.888056,true,"Operante","","","06/08/2025 11:30:00","06/08/2025 11:30:00","","100mm",""
"hid_1123","2180","BSB00788","2180","BRASILIA","SQS 109 BLOCO E - BRASILIA-DF","VIA DE ACESSO W1. FUNDOS DO BLOCO E (NA AREA VERDE).

LOCALIZAÇÃO CORRETA: S15º49'09.9"" W47º54'22.9""","VIA DE ACESSO W1. FUNDOS DO BLOCO E (NA AREA VERDE).

LOCALIZAÇÃO CORRETA: S15º49'09.9"" W47º54'22.9""",-15.819361,-47.906472,true,"Operante","","","03/07/2025 10:00:00","03/07/2025 10:00:00","","100mm",""
"hid_1124","2183","BSB00791","2183","BRASILIA","SQS 407 BLOCO 'U'","VIA DE ACESSO W1- EM FRENTE AO LADO DIREITO DO BLOCO 'U'","VIA DE ACESSO W1- EM FRENTE AO LADO DIREITO DO BLOCO 'U'",-15.819444,-47.896139,true,"Operante","","","09/06/2025 11:00:00","09/06/2025 11:00:00","","100mm",""
"hid_1125","2186","TAG00032","2186","TAGUATINGA","QND 14 LOTE 20 St. D Norte - Taguatinga, Brasília - DF, Brasil","EM FRENTE AO LOTE 20 ( COMERCIAL NORTE )","EM FRENTE AO LOTE 20 ( COMERCIAL NORTE )",-15.809861,-48.065111,true,"Operante","","","04/04/2025 11:00:00","04/04/2025 11:00:00","","100mm",""
"hid_1126","2189","TAG00033","2189","TAGUATINGA","QND 28 LOTE 15 St. E Norte QNE 26 - Taguatinga, Brasília - DF, Brasil","PROXIMO a ATLÂNTIDA MOVÉIS","PROXIMO a ATLÂNTIDA MOVÉIS",-15.806306,-48.066361,true,"Operante","","","04/04/2025 12:00:00","04/04/2025 12:00:00","","100mm",""
"hid_1127","2190","BSB00792","2190","BRASILIA","AVENIDA BELEM BRASILIA / EM FRENTE A CASA 1 BRASILIA-DF","BALÃO DE ENTRADA DA VILA PLANALTO","BALÃO DE ENTRADA DA VILA PLANALTO",-15.795111,-47.8535,true,"Operante","","","14/01/2025 11:35:00","14/01/2025 11:35:00","","100mm",""
"hid_1128","2192","BSB00794","2192","BRASILIA","SAAN QUADRA 5 LOTE 90 ACESSO 02","VIA DE ACESSO EPIA/VIA AA1- NA VIA AA3 CANTEIRO CENTRAL EM FRENTE AO LOTE 90 ( ENTRE A QUADRA 3 E A 5). EM FRENTE AO GRUPO PÃO DE AÇUCAR.","VIA DE ACESSO EPIA/VIA AA1- NA VIA AA3 CANTEIRO CENTRAL EM FRENTE AO LOTE 90 ( ENTRE A QUADRA 3 E A 5). EM FRENTE AO GRUPO PÃO DE AÇUCAR.",-15.757778,-47.932056,true,"Operante","FALTA CABEÇOTE DA HASTE DO REGISTRO (LUVA)","","13/12/2024 10:02:00","13/12/2024 10:02:00","","100mm",""
"hid_1129","2193","BSB00795","2193","BRASILIA","SMU - 32º GAC - 2ª BATERIA DE OBUSES","","",-15.761917,-47.924472,false,"Inoperante","HIDRANTE SEM ÁGUA","","25/01/2026 22:11:00","25/01/2026 22:11:00","","100mm",""
"hid_1130","2194","BSB00796","2194","BRASILIA","SRPN/CPAS/AUTÓDROMO INTERNACIONAL NELSON PIQUET","VIA DE ACESSO AO AUTÓDROMO FRENTE DA TRIBUNA DE HONRA LADO DIREITO BOX PARTE INTERNA","VIA DE ACESSO AO AUTÓDROMO FRENTE DA TRIBUNA DE HONRA LADO DIREITO BOX PARTE INTERNA",-15.773139,-47.9,false,"Inoperante","","","20/01/2025 09:50:00","20/01/2025 09:50:00","","100mm",""
"hid_1131","2196","BSB00797","2196","BRASILIA","SRPN/CPAS - AUTÓDROMO INTERNACIONAL NELSON PIQUET","LADO DIREITO DA PISTA DA ENTRADA 02/TELA DE ARAME","LADO DIREITO DA PISTA DA ENTRADA 02/TELA DE ARAME",-15.775694,-47.895778,true,"Operante","","","20/01/2025 10:10:00","20/01/2025 10:10:00","","100mm",""
"hid_1132","2197","BSB00798","2197","BRASILIA","SRPN/CPAS - AUTÓDROMO INTERNACIONAL NELSON PIQUET","VIA DE ACESSO AO CINE DRIVE/KARTÓDROMO - LADO DIREITO DA PONTE 02","VIA DE ACESSO AO CINE DRIVE/KARTÓDROMO - LADO DIREITO DA PONTE 02",-15.779333,-47.897972,true,"Operante","","","20/01/2025 10:30:00","20/01/2025 10:30:00","","100mm",""
"hid_1133","2198","BSB00799","2198","BRASILIA","SRPN/CPAS - AUTÓDROMO INTERNACIONAL NELSON PIQUET","VIA DE ACESSO AO CINE DRIVE/KARTÓDROMO - LADO ESQUEDO DA ENTRADA DO CINE DRIVE","VIA DE ACESSO AO CINE DRIVE/KARTÓDROMO - LADO ESQUEDO DA ENTRADA DO CINE DRIVE",-15.7785,-47.898,true,"Operante","","","20/01/2025 10:50:00","20/01/2025 10:50:00","","100mm",""
"hid_1134","2199","TAG00034","2199","TAGUATINGA","CNG 03 LOTE 14 LOJA 01 - St. G Norte QNG CNG - Taguatinga, Brasília - DF, Brasil","TAGUACENTER AO LADO DA VIANDER CONFECÇÕES","TAGUACENTER AO LADO DA VIANDER CONFECÇÕES",-15.801778,-48.068944,true,"Operante","FALTA CABEÇOTE DA HASTE DO REGISTRO (LUVA)","","26/03/2025 18:14:00","26/03/2025 18:14:00","","100mm",""
"hid_1135","2200","TAG00035","2200","TAGUATINGA","Cng 9 LOTE 01 - St. G Norte CNG 9 - Taguatinga, Brasília - DF, 72130-095, Brasil","FRENTE A IDEAL PAPER","FRENTE A IDEAL PAPER",-15.7985,-48.063972,true,"Operante","","","26/03/2025 17:59:00","26/03/2025 17:59:00","","100mm",""
"hid_1136","2201","TAG00036","2201","TAGUATINGA","St. G Norte QNG 6 LOTE 01 - Taguatinga, Brasília - DF, Brasil","FRENTE AO LOTE 01.","FRENTE AO LOTE 01.",-15.796722,-48.060333,true,"Operante","","","26/03/2025 17:57:00","26/03/2025 17:57:00","","100mm",""
"hid_1137","2202","TAG00037","2202","TAGUATINGA","QNG 39 LOTE 20 - St. G Norte - Taguatinga, Brasília - DF, Brasil","FUNDO DO MERCADO NORTE/LATERAL DO LOTE 20.","FUNDO DO MERCADO NORTE/LATERAL DO LOTE 20.",-15.802417,-48.0715,true,"Operante","FALTA CABEÇOTE DA HASTE DO REGISTRO (LUVA)","","26/03/2025 18:12:00","26/03/2025 18:12:00","","100mm",""
"hid_1138","2203","TAG00038","2203","TAGUATINGA","QNG- ÁREA ESPECIAL Nº05 St. G Norte - Taguatinga, Brasília - DF, Brasil","FRENTE A PARÓQUIA SAGRADA FAMILIA/COLEGIO JESUS MARIA JOSÉ.","FRENTE A PARÓQUIA SAGRADA FAMILIA/COLEGIO JESUS MARIA JOSÉ.",-15.804417,-48.072944,false,"Inoperante","HIDRANTE SEM ÁGUA","","26/03/2025 18:11:00","26/03/2025 18:11:00","","100mm",""
"hid_1139","2207","TAG00039","2207","TAGUATINGA","QI 14 LOTE 51 - St. Qi - Taguatinga, Brasília - DF, Brasil","EM FRENTE A ANTIGA ROYAL PNEUS/OPÇÃO GÁS.","EM FRENTE A ANTIGA ROYAL PNEUS/OPÇÃO GÁS.",-15.809944,-48.076028,true,"Operante","","","27/03/2025 16:59:00","27/03/2025 16:59:00","","100mm",""
"hid_1140","2208","TAG00040","2208","TAGUATINGA","Qi 23LOTE 42 - St. Qi QI 23 - Taguatinga, Brasília - DF, Brasil","EM FRENTE AO POSTO YPIRANGA","EM FRENTE AO POSTO YPIRANGA",-15.811889,-48.081889,false,"Inoperante","FALTA CABEÇOTE DA HASTE DO REGISTRO (LUVA)","","31/03/2025 10:00:00","31/03/2025 10:00:00","","100mm",""
"hid_1141","2209","TAG00041","2209","TAGUATINGA","QNL 01 BL. G CASA 02","ÁREA VERDE / PRÓXIMO AO C.E. nº 06","ÁREA VERDE / PRÓXIMO AO C.E. nº 06",-15.830833,-48.079083,true,"Operante","","","27/03/2025 13:24:00","27/03/2025 13:24:00","","100mm",""
"hid_1142","2210","TAG00042","2210","TAGUATINGA","QNL 01 CONJ. F CASA 02","FUNDOS DO ATACADÃO EXTRA","FUNDOS DO ATACADÃO EXTRA",-15.8315,-48.081333,true,"Operante","","","27/03/2025 13:23:00","27/03/2025 13:23:00","","100mm",""
"hid_1143","2211","TAG00043","2211","TAGUATINGA","QNL 01 BL. J CASA 16","LATERAL DA CASA 16","LATERAL DA CASA 16",-15.829528,-48.082667,true,"Operante","","","28/03/2025 14:42:00","28/03/2025 14:42:00","","100mm",""
"hid_1144","2212","TAG00044","2212","TAGUATINGA","EQNL 01/03 EM FRENTE A LANCHONETE GIRAFFAS","EM FRENTE A LANCHONETE GIRAFFAS","EM FRENTE A LANCHONETE GIRAFFAS",-15.828111,-48.079167,true,"Operante","","","28/03/2025 14:39:00","28/03/2025 14:39:00","","100mm",""
"hid_1145","2213","TAG00045","2213","TAGUATINGA","QNL 03 CONJUNTO H CASA 18","FRENTE CASA 18","FRENTE CASA 18",-15.827472,-48.083333,true,"Operante","","","28/03/2025 14:47:00","28/03/2025 14:47:00","","100mm",""
"hid_1146","2214","TAG00046","2214","TAGUATINGA","QNL 03 CONJUNTO F CASA 14","EM FRENTE A FILENO BAMBU LANCHONETE","EM FRENTE A FILENO BAMBU LANCHONETE",-15.826361,-48.083389,true,"Operante","","","28/03/2025 14:52:00","28/03/2025 14:52:00","","100mm",""
"hid_1147","2215","TAG00047","2215","TAGUATINGA","QNL 03 BL. J CASA 02","PRÓXIMO A ÁREA VERDE","PRÓXIMO A ÁREA VERDE",-15.826028,-48.082278,true,"Operante","","","28/03/2025 14:49:00","28/03/2025 14:49:00","","100mm",""
"hid_1148","2216","TAG00048","2216","TAGUATINGA","QNL 03 BL. D","LATERAL DO Ed. D","LATERAL DO Ed. D",-15.825278,-48.080056,true,"Operante","","","28/03/2025 14:48:00","28/03/2025 14:48:00","","100mm",""
"hid_1149","2218","TAG00049","2218","TAGUATINGA","QNL 03 CONJUNTO J CASA 02","LATERAL DA CASA 02","LATERAL DA CASA 02",-15.828222,-48.082028,true,"Operante","","","28/03/2025 14:40:00","28/03/2025 14:40:00","","100mm",""
"hid_1150","2219","TAG00050","2219","TAGUATINGA","QNL 07 BLOCO 'G' CASA 16","FRENTE CASA 16","FRENTE CASA 16",-15.822556,-48.082778,true,"Operante","","","02/04/2025 14:00:00","02/04/2025 14:00:00","","100mm",""
"hid_1151","2220","TAG00051","2220","TAGUATINGA","QNL 07 BLOCO 'E' CASA 01","FRENTE CASA 01","FRENTE CASA 01",-15.820556,-48.083861,true,"Operante","","","31/03/2025 10:30:00","31/03/2025 10:30:00","","100mm",""
"hid_1152","2221","TAG00052","2221","TAGUATINGA","QNL 07 BLOCO 'A' CASA 18","LATERAL DA CASA 18","LATERAL DA CASA 18",-15.820361,-48.082361,true,"Operante","","","31/03/2025 10:00:00","31/03/2025 10:00:00","","100mm",""
"hid_1153","2222","TAG00053","2222","TAGUATINGA","QNL 07 BLOCO 'A'","PRÓXIMO AO SUPERMERCADO VENEZA","PRÓXIMO AO SUPERMERCADO VENEZA",-15.822,-48.081139,true,"Operante","","","02/04/2025 13:00:00","02/04/2025 13:00:00","","100mm",""
"hid_1154","2223","TAG00054","2223","TAGUATINGA","QNL 02 BLOCO 'E' CASA 02","PRÓXIMO AO CRUZEIRO/ÁREA VERDE","PRÓXIMO AO CRUZEIRO/ÁREA VERDE",-15.833778,-48.074667,true,"Operante","","","27/03/2025 13:28:00","27/03/2025 13:28:00","","100mm",""
"hid_1155","2224","TAG00055","2224","TAGUATINGA","QNL 02 BLOCO 'H' CASA 01","PRÓXIMO ÁREA VERDE","PRÓXIMO ÁREA VERDE",-15.833556,-48.073889,true,"Operante","","","26/03/2025 11:10:00","26/03/2025 11:10:00","","100mm",""
"hid_1156","2225","TAG00056","2225","TAGUATINGA","QNL 02 CONJUNTO 'J' CASA 17","LATERAL DA CASA 17","LATERAL DA CASA 17",-15.830889,-48.073528,true,"Operante","","","27/03/2025 13:28:00","27/03/2025 13:28:00","","100mm",""
"hid_1157","2227","TAG00057","2227","TAGUATINGA","Qsd 24 LOTE 01 - Taguatinga, Brasília - DF, Brasil","ESQUINA DA CASA 01.","ESQUINA DA CASA 01.",-15.848667,-48.050528,true,"Operante","","","07/01/2025 09:30:00","07/01/2025 09:30:00","","100mm",""
"hid_1158","2228","TAG00058","2228","TAGUATINGA","CSD 02 LOTE 09 - SETOR D SUL - TAGUATINGA SUL - BRASILIA-DF","ESQUINA DO LOTE 09 / BORRACHARIA DO NETO.","ESQUINA DO LOTE 09 / BORRACHARIA DO NETO.",-15.847639,-48.048333,false,"Inoperante","HIDRANTE COM VAZAMENTO NO REGISTRO; REGISTRO DANIFICADO","","07/01/2025 11:00:00","07/01/2025 11:00:00","","100mm",""
"hid_1159","2229","TAG00059","2229","TAGUATINGA","CSD 04 LOTE 01 LOJA 01-Setor D SuL - Taguatinga, Brasília - DF, Brasil","ESQUINA DO LOTE 01.","ESQUINA DO LOTE 01.",-15.847389,-48.046889,true,"Operante","","","07/01/2025 10:20:00","07/01/2025 10:20:00","","100mm",""
"hid_1160","2230","TAG00060","2230","TAGUATINGA","QSD 31 LOTE 39 St. D Sul - Taguatinga, Brasília - DF, 72020-310, Brasil","PROXIMO AO BRB. PISTÃO SUL.","PROXIMO AO BRB. PISTÃO SUL.",-15.847611,-48.043972,true,"Operante","","","21/03/2025 09:00:00","21/03/2025 09:00:00","","100mm",""
"hid_1161","2231","TAG00061","2231","TAGUATINGA","CSD 06 LOTES 56/58 St. D Sul CSD 6 - Taguatinga, Brasília - DF, Brasil","FUNDOS DO LOTE 56/58","FUNDOS DO LOTE 56/58",-15.851,-48.041861,true,"Operante","","","21/03/2025 08:00:00","21/03/2025 08:00:00","","100mm",""
"hid_1162","2232","TAG00062","2232","TAGUATINGA","QSD 43 LOTE 39 (ESQUINA) Setor D Sul - Taguatinga, Brasília - DF, Brasil","FUNDOS DO POSTO YPIRANGA.","FUNDOS DO POSTO YPIRANGA.",-15.849306,-48.042806,true,"Operante","","","21/03/2025 08:30:00","21/03/2025 08:30:00","","100mm",""
"hid_1163","2233","TAG00063","2233","TAGUATINGA","QSD 14 LOTE 39 - St. D Sul - Taguatinga, Brasília - DF, Brasil","EM FRENTE A IGREJA CRISTÃ EVANGELICA DA ALIANÇA","EM FRENTE A IGREJA CRISTÃ EVANGELICA DA ALIANÇA",-15.846611,-48.050889,false,"Inoperante","FALTA CABEÇOTE DA HASTE DO REGISTRO (LUVA)","","07/01/2025 09:45:00","07/01/2025 09:45:00","","100mm",""
"hid_1164","2234","TAG00064","2234","TAGUATINGA","QSD 13 LOTE 01 - SETOR D SUL - TAGUATINGA SUL - BRASILIA-DF","ESQUINA DO LOTE 01/PROXIMO A PARADA DE ONIBUS/PROXIMO AO CENTRO ODONTOLOGICO SORRISO.","ESQUINA DO LOTE 01/PROXIMO A PARADA DE ONIBUS/PROXIMO AO CENTRO ODONTOLOGICO SORRISO.",-15.845861,-48.049306,true,"Operante","","","07/01/2025 11:40:00","07/01/2025 11:40:00","","100mm",""
"hid_1165","2235","TAG00065","2235","TAGUATINGA","QSD 04 LOTE 02 - St. D Sul - Taguatinga, Brasília - DF, Brasil","ESQUINA DO LOTE 02.","ESQUINA DO LOTE 02.",-15.8445,-48.050972,true,"Operante","","","07/01/2025 10:05:00","07/01/2025 10:05:00","","100mm",""
"hid_1166","2236","TAG00066","2236","TAGUATINGA","QNL 05 CONJUNTO 'J' CASA 12","FRENTE CASA 12","FRENTE CASA 12",-15.824389,-48.084444,true,"Operante","","","28/03/2025 14:52:00","28/03/2025 14:52:00","","100mm",""
"hid_1167","2237","TAG00067","2237","TAGUATINGA","EQNL 5/7 CONJUNTO 'J'","LATERAL ESQUEDA AGROPECUÁRIA","LATERAL ESQUEDA AGROPECUÁRIA",-15.823444,-48.084722,true,"Operante","","","28/03/2025 14:59:00","28/03/2025 14:59:00","","100mm",""
"hid_1168","2238","TAG00068","2238","TAGUATINGA","QNL 07 CONJUNTO 'F' CASA 16/18","ESQUINA CASA 18","ESQUINA CASA 18",-15.821333,-48.085444,true,"Operante","","","20/02/2025 13:12:00","20/02/2025 13:12:00","","100mm",""
"hid_1169","2239","TAG00069","2239","TAGUATINGA","QNL 04 BLOCO 'B'","FRENSTE Ed. MONTE NEGRO","FRENSTE Ed. MONTE NEGRO",-15.830222,-48.077833,true,"Operante","","","28/03/2025 15:02:00","28/03/2025 15:02:00","","100mm",""
"hid_1170","2240","TAG00070","2240","TAGUATINGA","QNL 06 BLOCO 'H' CASA 01","PRÓXIMO ÁREA VERDE","PRÓXIMO ÁREA VERDE",-15.828194,-48.075694,true,"Operante","FALTA CABEÇOTE DA HASTE DO REGISTRO (LUVA)","","28/03/2025 15:00:00","28/03/2025 15:00:00","","100mm",""
"hid_1171","2241","TAG00071","2241","TAGUATINGA","QNL 06 CONJUNTO 'A' CASA 17","LATERAL ESCOLA APRENDIZ","LATERAL ESCOLA APRENDIZ",-15.828694,-48.077472,true,"Operante","","","28/03/2025 21:24:00","28/03/2025 21:24:00","","100mm",""
"hid_1172","2242","TAG00072","2242","TAGUATINGA","QNL 06 BLOCO 'A' EDIFÍCIO MARCELA","NO CANTEIRO CENTRAL","NO CANTEIRO CENTRAL",-15.826944,-48.079139,true,"Operante","","","28/03/2025 15:00:00","28/03/2025 15:00:00","","100mm",""
"hid_1173","2244","TAG00074","2244","TAGUATINGA","QNL 12 CONJUNTO 'F' CASA 18","ESQUINA CASA 18","ESQUINA CASA 18",-15.817556,-48.07975,true,"Operante","","","27/03/2025 13:30:00","27/03/2025 13:30:00","","100mm",""
"hid_1174","2245","TAG00075","2245","TAGUATINGA","QNL 12 BLOCO 'G' CASA 01","PRÓXIMO ÁREA VERDE","PRÓXIMO ÁREA VERDE",-15.818056,-48.081278,true,"Operante","","","27/03/2025 13:29:00","27/03/2025 13:29:00","","100mm",""
"hid_1175","2246","TAG00076","2246","TAGUATINGA","Qs 1 Rua 212, Lote 05 - Taguatinga, Brasília - DF, Brasil","Fundos da UNICEUB/Lateral Esquerda da Igreja UNIVERSAL próximo ao portão","Fundos da UNICEUB/Lateral Esquerda da Igreja UNIVERSAL próximo ao portão",-15.836778,-48.047917,true,"Operante","","","26/03/2025 08:40:00","26/03/2025 08:40:00","","100mm",""
"hid_1176","2248","TAG00077","2248","TAGUATINGA","Qs 1 Rua 212, Lote 019 - Taguatinga, Brasília - DF, Brasil","EM FRENTE A ORCA","EM FRENTE A ORCA",-15.84,-48.046222,true,"Operante","","","20/02/2025 10:32:00","20/02/2025 10:32:00","","100mm",""
"hid_1177","2250","TAG00078","2250","TAGUATINGA","Qs 3 Rua 420, Lote 01 - Taguatinga, Brasília - DF, Brasil","FUNDOS DA FEIBOX/PRÓXIMO AO PORTÃO DE ENTRADA","FUNDOS DA FEIBOX/PRÓXIMO AO PORTÃO DE ENTRADA",-15.842722,-48.044028,true,"Operante","","","21/03/2025 10:30:00","21/03/2025 10:30:00","","100mm",""
"hid_1178","2251","TAG00079","2251","TAGUATINGA","QS 05 RUA 600 AGUAS CLARAS","EM FRENTE A CAPELA SANTA CLARA","EM FRENTE A CAPELA SANTA CLARA",-15.840306,-48.042833,true,"Operante","","","21/03/2025 11:00:00","21/03/2025 11:00:00","","100mm",""
"hid_1179","2253","TAG00080","2253","TAGUATINGA","Qs 3 Rua 420 Lote 23 Loja 03","FUNDOS DA LOCALIZA SEMI NOVOS","FUNDOS DA LOCALIZA SEMI NOVOS",-15.847611,-48.041944,true,"Operante","","","21/03/2025 09:30:00","21/03/2025 09:30:00","","100mm",""
"hid_1180","2255","TAG00082","2255","TAGUATINGA","QS 5 RUA 310 AE 24","AO LADO ESQUERDO DO MURO DA IGREJA BATISTA DA LIBERDADE","AO LADO ESQUERDO DO MURO DA IGREJA BATISTA DA LIBERDADE",-15.859861,-48.033639,true,"Operante","","","21/03/2025 10:00:00","21/03/2025 10:00:00","","100mm",""
"hid_1181","2258","TAG00085","2258","TAGUATINGA","QS 7, Lote 01 - Taguatinga, Brasília - DF, Brasil","LATERAL ESQUERDA DA UNIVERSIDADE CATÓLICA DE BRASÍLIA/ PRÓXIMO A PASSARELA","LATERAL ESQUERDA DA UNIVERSIDADE CATÓLICA DE BRASÍLIA/ PRÓXIMO A PASSARELA",-15.866917,-48.0315,true,"Operante","","","21/03/2025 09:00:00","21/03/2025 09:00:00","","100mm",""
"hid_1182","2259","TAG00086","2259","TAGUATINGA","QS 7, Lote 01 - Taguatinga, Brasília - DF, Brasil","LATERAL DIREITA DA UNIVERSIDADE CATÓLICA DE BRASÍLIA","LATERAL DIREITA DA UNIVERSIDADE CATÓLICA DE BRASÍLIA",-15.868194,-48.030944,true,"Operante","","","21/03/2025 09:30:00","21/03/2025 09:30:00","","100mm",""
"hid_1183","2260","TAG00087","2260","TAGUATINGA","CSG 8 LOTE 06 - Taguatinga, Brasília - DF, Brasil","EM FRENTE AO ESTACIONAMENTO DO DEPÓSITO DA COCA-COLA","EM FRENTE AO ESTACIONAMENTO DO DEPÓSITO DA COCA-COLA",-15.872361,-48.040278,true,"Operante","","","21/03/2025 07:30:00","21/03/2025 07:30:00","","100mm",""
"hid_1184","2261","TAG00088","2261","TAGUATINGA","SETOR F Sul - ÁREA ESPECIAL 4/5, Taguatinga, Brasília - DF, Brasil","EM FRENTE A CADEDRAL DA BÊNÇÃO","EM FRENTE A CADEDRAL DA BÊNÇÃO",-15.865806,-48.035139,true,"Operante","","","21/03/2025 08:00:00","21/03/2025 08:00:00","","100mm",""
"hid_1185","2262","TAG00089","2262","TAGUATINGA","St. F Sul QSF 1, Casa 402 - Taguatinga, Brasília - DF, Brasil","LATERAL ESQUERDA DA CASA 402/PRÓXIMO À QUADRA DE ESPORTE","LATERAL ESQUERDA DA CASA 402/PRÓXIMO À QUADRA DE ESPORTE",-15.864611,-48.035111,true,"Operante","","","21/03/2025 08:30:00","21/03/2025 08:30:00","","100mm",""
"hid_1186","2263","TAG00090","2263","TAGUATINGA","St. F Sul QSF 3, Casa 310/319 - Taguatinga, Brasília - DF, Brasil","EM FRENTE A CASA 310/319 - PRÓXIMO AO SESC","EM FRENTE A CASA 310/319 - PRÓXIMO AO SESC",-15.866167,-48.037333,true,"Operante","","","20/02/2025 12:52:00","20/02/2025 12:52:00","","100mm",""
"hid_1187","2265","TAG00091","2265","TAGUATINGA","ESTÁDIO SEREJÃO","EM FRENTE AO ESTÁDIO PRÓXIMO A PARADA DE ÔNIBUS","EM FRENTE AO ESTÁDIO PRÓXIMO A PARADA DE ÔNIBUS",-15.834944,-48.081333,true,"Operante","","","27/03/2025 13:27:00","27/03/2025 13:27:00","","100mm",""
"hid_1188","2266","TAG00092","2266","TAGUATINGA","GINÁSIO SEREJINHO","PRÓXIMO AO ALAMBRADO / ÁREA VERDE","PRÓXIMO AO ALAMBRADO / ÁREA VERDE",-15.834917,-48.07875,true,"Operante","","","27/03/2025 13:27:00","27/03/2025 13:27:00","","100mm",""
"hid_1189","2267","TAG00093","2267","TAGUATINGA","QNL 11 CONJUNTO E CASA 18","PRÓXIMO AO COMÉRCIO LOCAL","PRÓXIMO AO COMÉRCIO LOCAL",-15.82925,-48.084528,true,"Operante","","","28/03/2025 14:45:00","28/03/2025 14:45:00","","100mm",""
"hid_1190","2268","TAG00094","2268","TAGUATINGA","QNL 13 BLOCO G CASA 01","NA ÁREA VERDE PRÓXIMO AO LAVA JATO","NA ÁREA VERDE PRÓXIMO AO LAVA JATO",-15.826889,-48.085333,true,"Operante","FALTA CABEÇOTE DA HASTE DO REGISTRO (LUVA)","","28/03/2025 14:45:00","28/03/2025 14:45:00","","100mm",""
"hid_1191","2269","TAG00095","2269","TAGUATINGA","QNL 15 CONJUNTO C CASA 17","FRENTE A CASA 17","FRENTE A CASA 17",-15.822944,-48.086639,true,"Operante","","","31/03/2025 09:30:00","31/03/2025 09:30:00","","100mm",""
"hid_1192","2270","TAG00096","2270","TAGUATINGA","St. F Sul, Qsf 13, Casa 448 - Taguatinga Sul, Brasília - DF, Brasil","EM FRENTE A CASA 448","EM FRENTE A CASA 448",-15.863083,-48.039167,true,"Operante","","","20/02/2025 14:15:00","20/02/2025 14:15:00","","100mm",""
"hid_1193","2272","TAG00097","2272","TAGUATINGA","St. Oficina Lote 05, Setor E Sul Área Especial nº 5 - Taguatinga Sul, Brasília - DF, Brasil","SETOR E SUL ÁREA ESPECIAL Nº 05/FUNDOS DO CENTRO ENSINO Nº03","SETOR E SUL ÁREA ESPECIAL Nº 05/FUNDOS DO CENTRO ENSINO Nº03",-15.858972,-48.038389,true,"Operante","","","20/02/2025 11:16:00","20/02/2025 11:16:00","","100mm",""
"hid_1194","2274","TAG00098","2274","TAGUATINGA","QSE 3, CASA 61, St. E Sul, - Taguatinga, Brasília - DF, Brasil","LATERAL DIREITA DA CASA 61","LATERAL DIREITA DA CASA 61",-15.858333,-48.038861,true,"Operante","","","20/02/2025 11:02:00","20/02/2025 11:02:00","","100mm",""
"hid_1195","2277","TAG00099","2277","TAGUATINGA","St. E Sul, QSE 4, CASA 02 LOJA 1 - Taguatinga Sul, Brasília - DF, 72025-040, Brasil","LATERAL DIREITA DA CASA 02","LATERAL DIREITA DA CASA 02",-15.85575,-48.040306,true,"Operante","","","20/02/2025 10:45:00","20/02/2025 10:45:00","","100mm",""
"hid_1196","2278","TAG00100","2278","TAGUATINGA","St. E Sul, CSE 4, Lote 20 Loja 01 - Taguatinga Sul, Brasília - DF, Brasil","ÁREA VERDE - LATERAL DIREITA DO LOTE 20","ÁREA VERDE - LATERAL DIREITA DO LOTE 20",-15.854056,-48.042639,true,"Operante","","","20/02/2025 10:24:00","20/02/2025 10:24:00","","100mm",""
"hid_1197","2280","TAG00101","2280","TAGUATINGA","St. F Sul Qsf 15, Casa 402 - Taguatinga Sul, Brasília - DF, Brasil","EM FRENTE AO LADO ESQUERDO DA CASA 402","EM FRENTE AO LADO ESQUERDO DA CASA 402",-15.860361,-48.038861,true,"Operante","","","20/02/2025 13:36:00","20/02/2025 13:36:00","","100mm",""
"hid_1198","2281","TAG00102","2281","TAGUATINGA","CSE 02, LOTE 14 - TAGUATINGA SUL - BRASILIA-DF","EM FRENTE AO LOTE 14/EM FRENTE À PARÓQUIA SÃO VICENTE DE PAULO/AO LADO DA DBA MANGUEIRAS.","EM FRENTE AO LOTE 14/EM FRENTE À PARÓQUIA SÃO VICENTE DE PAULO/AO LADO DA DBA MANGUEIRAS.",-15.858583,-48.042611,true,"Operante","","","20/02/2025 11:40:00","20/02/2025 11:40:00","","100mm",""
"hid_1199","2282","TAG00103","2282","TAGUATINGA","QSE 18, CASA 42 - Taguatinga Sul, Brasília - DF, Brasil","LATERAL ESQUERDA AO LADO DA CASA 42","LATERAL ESQUERDA AO LADO DA CASA 42",-15.856056,-48.046361,true,"Operante","","","20/02/2025 09:17:00","20/02/2025 09:17:00","","100mm",""
"hid_1200","2283","TAG00104","2283","TAGUATINGA","QSE 10, CASA 52 - Taguatinga Sul, Brasília - DF, Brasil","EM FRENTE AO LADO ESQUERDO DA CASA 52","EM FRENTE AO LADO ESQUERDO DA CASA 52",-15.854667,-48.043694,true,"Operante","","","21/02/2025 09:15:00","21/02/2025 09:15:00","","100mm",""
"hid_1201","2284","TAG00105","2284","TAGUATINGA","QNL 17/19 BLOCO C LOJA 01","PRÓXIMO AO COMÉRCIO LOCAL","PRÓXIMO AO COMÉRCIO LOCAL",-15.819639,-48.087778,true,"Operante","","","21/02/2025 08:50:00","21/02/2025 08:50:00","","100mm",""
"hid_1202","2285","TAG00106","2285","TAGUATINGA","QNL 21/23 BLOCO C LOJA 05/06","FUNDOS DO COMÉRCIO LOCAL","FUNDOS DO COMÉRCIO LOCAL",-15.814167,-48.089806,true,"Operante","","","27/03/2025 11:30:00","27/03/2025 11:30:00","","100mm",""
"hid_1203","2286","TAG00107","2286","TAGUATINGA","QNL 19 CONJUNTO C CASA 17","LATERAL DA CASA 17","LATERAL DA CASA 17",-15.817639,-48.0885,true,"Operante","","","31/03/2025 09:00:00","31/03/2025 09:00:00","","100mm",""
"hid_1204","2287","TAG00108","2287","TAGUATINGA","QNL 21 BLOCO H CASA 02","PRÓXIMO A BARBEARIA","PRÓXIMO A BARBEARIA",-15.81725,-48.092056,true,"Operante","","","31/03/2025 11:00:00","31/03/2025 11:00:00","","100mm",""
"hid_1205","2288","TAG00109","2288","TAGUATINGA","QNL 23 CONJUNTO A CASA 18","PRÓXIMO AS AGENCIAS DE AUTOMÓVEIS","PRÓXIMO AS AGENCIAS DE AUTOMÓVEIS",-15.8115,-48.090556,true,"Operante","","","27/03/2025 11:00:00","27/03/2025 11:00:00","","100mm",""
"hid_1206","2290","TAG00111","2290","TAGUATINGA","Qsb 15, LOT2 02 - Taguatinga SUL, Brasília - DF, 72015-650, Brasil","NA VIA DE ACESSO SAMDU SUL - EM FRENTE AO LADO ESQUERDO DO LOTE 02 LOJA 02/ PRÓX. À REDE DE ENSINO CERTO","NA VIA DE ACESSO SAMDU SUL - EM FRENTE AO LADO ESQUERDO DO LOTE 02 LOJA 02/ PRÓX. À REDE DE ENSINO CERTO",-15.842667,-48.0525,true,"Operante","","","21/02/2025 07:20:00","21/02/2025 07:20:00","","100mm",""
"hid_1207","2291","TAG00112","2291","TAGUATINGA","CSB 7 LOTE 04 LOJA 01 - TAGUATINGA SUL - BRASILIA-DF","EM FRENTE AO EDIFÍCIO MAISON ESMERALDA NA ENTRADA DO CONDOMINIO/STUDIO CABELEIREIROS.","EM FRENTE AO EDIFÍCIO MAISON ESMERALDA NA ENTRADA DO CONDOMINIO/STUDIO CABELEIREIROS.",-15.839917,-48.053083,true,"Operante","","","21/02/2025 07:58:00","21/02/2025 07:58:00","","100mm",""
"hid_1208","2292","TAG00113","2292","TAGUATINGA","QSB 13 LOTE 04 LOJA 03 - TAGUATINGA SUL - BRASILIA-DF","NA LATERAL DO EDIFÍCIO MAISON ESMERALDA/PETCHOA MODAS.","NA LATERAL DO EDIFÍCIO MAISON ESMERALDA/PETCHOA MODAS.",-15.84,-48.052806,true,"Operante","","","21/02/2025 07:45:00","21/02/2025 07:45:00","","100mm",""
"hid_1209","2293","TAG00114","2293","TAGUATINGA","QSA 13 LOTE 02 - Taguatinga SUL, Brasília - DF, 72015-130, Brasil","EM FRENTE AO LADO DIREITO DA CASA 02/PRÓX. AO C.E. INFANTIL ORIGINAL","EM FRENTE AO LADO DIREITO DA CASA 02/PRÓX. AO C.E. INFANTIL ORIGINAL",-15.838556,-48.051639,true,"Operante","","","31/03/2025 07:40:00","31/03/2025 07:40:00","","100mm",""
"hid_1210","2295","TAG00116","2295","TAGUATINGA","CSA 01 LOTE 07","EM FRENTE AO HOTEL ATLÁNTICO","EM FRENTE AO HOTEL ATLÁNTICO",-15.834111,-48.051889,true,"Operante","","","21/02/2025 11:03:00","21/02/2025 11:03:00","","100mm",""
"hid_1211","2296","TAG00117","2296","TAGUATINGA","QSA 9 LOTE 11 - Taguatinga SUL, Brasília - DF, Brasil","EM FRENTE A CASA 11/PRÓXIMO AO ZEZINHO CARNE DE SOL/AMERICANAS.","EM FRENTE A CASA 11/PRÓXIMO AO ZEZINHO CARNE DE SOL/AMERICANAS.",-15.8345,-48.052722,true,"Operante","","","21/02/2025 09:50:00","21/02/2025 09:50:00","","100mm",""
"hid_1212","2297","TAG00118","2297","TAGUATINGA","CSB 04 LOTES 04/08 - Taguatinga SUL, Brasília - DF, Brasil","EM FRENTE AO EDIFÍCIO SAINT ETIENNE II/ARMAZÉM DO BOLO","EM FRENTE AO EDIFÍCIO SAINT ETIENNE II/ARMAZÉM DO BOLO",-15.838556,-48.055333,true,"Operante","","","21/02/2025 08:13:00","21/02/2025 08:13:00","","100mm",""
"hid_1213","2298","TAG00119","2298","TAGUATINGA","CSB 3 LOTE 8 - TAGUATINGA SUL - BRASILIA-DF","EDIFICIO AVE BRANCA (NA ESQUINA)/EM FRENTE À PANIFICADORA CEMAR.","EDIFICIO AVE BRANCA (NA ESQUINA)/EM FRENTE À PANIFICADORA CEMAR.",-15.837861,-48.056167,true,"Operante","","","21/02/2025 08:28:00","21/02/2025 08:28:00","","100mm",""
"hid_1214","2300","TAG00120","2300","TAGUATINGA","C. 12 BLOCO ""J"" LOTE 17 LOJA 01 - Taguatinga CENTRO, Brasília - DF, Brasil","NA VIA DE ACESSO COMERCIAL SUL - EM FRENTE À LANCHONETE/PRÓX. AO BANCO DO BRASIL","NA VIA DE ACESSO COMERCIAL SUL - EM FRENTE À LANCHONETE/PRÓX. AO BANCO DO BRASIL",-15.83475,-48.056667,true,"Operante","","","21/02/2025 09:30:00","21/02/2025 09:30:00","","100mm",""
"hid_1215","2301","TAG00121","2301","TAGUATINGA","C. 02 LOTE 02 - Taguatinga CENTRO, Brasília - DF, Brasil","EM FRENTE À LOSANGO","EM FRENTE À LOSANGO",-15.832389,-48.053222,true,"Operante","","","26/03/2025 09:40:00","26/03/2025 09:40:00","","100mm",""
"hid_1216","2303","TAG00122","2303","TAGUATINGA","C7 LOTE 1- TAGUATINGA CENTRO-DF","EM FRENTE À LOJA MAGAZINE LUIZA / PRÓXIMO À PARADA DE ÔNIBUS","EM FRENTE À LOJA MAGAZINE LUIZA / PRÓXIMO À PARADA DE ÔNIBUS",-15.832833,-48.055194,true,"Operante","","","26/03/2025 10:10:00","26/03/2025 10:10:00","","100mm",""
"hid_1217","2304","TAG00123","2304","TAGUATINGA","ÁREA ESPECIAL S/Nº 2º GBM - TAGUATINGA CENTRO-DF","EM FRENTE AO 2º GBM","EM FRENTE AO 2º GBM",-15.833167,-48.059778,true,"Operante","","","26/03/2025 09:10:00","26/03/2025 09:10:00","","100mm",""
"hid_1218","2305","TAG00124","2305","TAGUATINGA","ÁREA ESPECIAL S/Nº 2º GBM - TAGUATINGA CENTRO-DF","AOS FUNDOS DO 2º GBM","AOS FUNDOS DO 2º GBM",-15.8325,-48.059944,true,"Operante","","","27/11/2024 09:40:00","27/11/2024 09:40:00","","100mm",""
"hid_1219","2306","TAG00125","2306","TAGUATINGA","QND 44 LOTE-41","FRENTE CASA 14","FRENTE CASA 14",-15.803611,-48.060556,true,"Operante","","","26/03/2025 18:01:00","26/03/2025 18:01:00","","100mm",""
"hid_1220","2308","TAG00127","2308","TAGUATINGA","QND 13 LOTE-20","FRENTE CASA DO AÇAI","FRENTE CASA DO AÇAI",-15.811722,-48.064556,true,"Operante","FALTA TAMPÃO DE 2.1/2""; PINTAR HIDRANTE DE AMARELO","","24/03/2025 12:00:00","24/03/2025 12:00:00","","100mm",""
"hid_1221","2309","TAG00128","2309","TAGUATINGA","QND 13 LOTE-01","FRENTE MARK MÁQUINAS","FRENTE MARK MÁQUINAS",-15.813417,-48.064028,true,"Operante","","","24/03/2025 11:00:00","24/03/2025 11:00:00","","100mm",""
"hid_1222","2310","TAG00129","2310","TAGUATINGA","QND 02 LOTE-11","FRENTE MOURÃO MÓVEIS","FRENTE MOURÃO MÓVEIS",-15.814528,-48.063694,false,"Inoperante","TAMPA DA CAIXA LACRADA (CONCRETADA)","","24/03/2025 10:30:00","24/03/2025 10:30:00","","100mm",""
"hid_1223","2311","TAG00130","2311","TAGUATINGA","QI 10 LOTE 51/53","superaço setor de Industria","superaço setor de Industria",-15.808361,-48.075333,true,"Operante","","","27/03/2025 16:59:00","27/03/2025 16:59:00","","100mm",""
"hid_1224","2313","TAG00132","2313","TAGUATINGA","QI 04 LOTE 42","NO POSTO ARENA - FICA EM FRENTE AO POSTO","NO POSTO ARENA - FICA EM FRENTE AO POSTO",-15.808222,-48.073778,true,"Operante","","","27/03/2025 16:56:00","27/03/2025 16:56:00","","100mm",""
"hid_1225","2315","TAG00134","2315","TAGUATINGA","QI 02 LOTE 79/84","EM FRENTE AO FERRO VELHO","EM FRENTE AO FERRO VELHO",-15.806611,-48.074222,true,"Operante","","","26/03/2025 18:19:00","26/03/2025 18:19:00","","100mm",""
"hid_1226","2317","TAG00135","2317","TAGUATINGA","QNB 05 LOTE 40 - TAGUATINGA NORTE","EM FRENTE AO LADO ESQUERDO DA CASA 40/QUIOSQUE/PRÓX. A CERVEJARIA DOC","EM FRENTE AO LADO ESQUERDO DA CASA 40/QUIOSQUE/PRÓX. A CERVEJARIA DOC",-15.828556,-48.060139,true,"Operante","","","26/03/2025 10:10:00","26/03/2025 10:10:00","","100mm",""
"hid_1227","2319","TAG00136","2319","TAGUATINGA","CNB 7 LOTE 01 - TAGUATINGA NORTE","EM FRENTE AO EDIFÍCIO FAROL DA BARRA","EM FRENTE AO EDIFÍCIO FAROL DA BARRA",-15.82675,-48.060667,true,"Operante","","","24/03/2025 07:30:00","24/03/2025 07:30:00","","100mm",""
"hid_1228","2320","TAG00137","2320","TAGUATINGA","CNB 2 LOTE 12 - TAGUATINGA NORTE-DF","EM FRENTE AO EDIFÍCIO RESIDENCE MONET / RUA DAS NOIVAS","EM FRENTE AO EDIFÍCIO RESIDENCE MONET / RUA DAS NOIVAS",-15.829917,-48.058972,true,"Operante","","","31/03/2025 08:10:00","31/03/2025 08:10:00","","100mm",""
"hid_1229","2321","TAG00138","2321","TAGUATINGA","QNB 08 LOTE 40 - TAGUATINGA NORTE","EM FRENTE AO LADO ESQUERDO DA CASA 40/QUIOSQUE/PRÓX. A IGREJA BATISTA EBENEZER","EM FRENTE AO LADO ESQUERDO DA CASA 40/QUIOSQUE/PRÓX. A IGREJA BATISTA EBENEZER",-15.826111,-48.061,true,"Operante","","","24/03/2025 08:30:00","24/03/2025 08:30:00","","100mm",""
"hid_1230","2322","TAG00139","2322","TAGUATINGA","CNB 09 LOTE 01 LOJA 01/02 - TAGUATINGA NORTE","EM FRENTE A CONFEITARIA DELÍCIAS ARAXÁ","EM FRENTE A CONFEITARIA DELÍCIAS ARAXÁ",-15.825111,-48.061222,true,"Operante","","","24/03/2025 09:00:00","24/03/2025 09:00:00","","100mm",""
"hid_1231","2324","TAG00140","2324","TAGUATINGA","QNA 41 LOTE 1 - TAGUATINGA NORTE-DF","EM FRENTE A LOJA SUPER COLCHÃO / LOJAS AMERICANAS / ATLANTIDA MOVEIS.

A LOCALIZAÇÃO ESTÁ ERRADA.","EM FRENTE A LOJA SUPER COLCHÃO / LOJAS AMERICANAS / ATLANTIDA MOVEIS.

A LOCALIZAÇÃO ESTÁ ERRADA.",-15.821139,-48.062611,true,"Operante","","","24/03/2025 09:30:00","24/03/2025 09:30:00","","100mm",""
"hid_1232","2325","TAG00141","2325","TAGUATINGA","CNB 13/14 - ÁREA ESPECIAL2/3 - TAGUATINGA NORTE","EM FRENTE A ENTRADA DO TEATRO PAULO AUTRAN DO SESC","EM FRENTE A ENTRADA DO TEATRO PAULO AUTRAN DO SESC",-15.820111,-48.063833,true,"Operante","PINTAR HIDRANTE DE AMARELO","","24/03/2025 09:00:00","24/03/2025 09:00:00","","100mm",""
"hid_1233","2326","TAG00142","2326","TAGUATINGA","QNE 30 LOTE 01 - TAGUATINGA NORTE","LATERAL ESQUERDA DA CASA 01","LATERAL ESQUERDA DA CASA 01",-15.806083,-48.068194,true,"Operante","","","07/04/2025 13:40:00","07/04/2025 13:40:00","","100mm",""
"hid_1234","2327","TAG00143","2327","TAGUATINGA","QNE 15 LOTE 1 - TAGUATINGA NORTE-DF","EM FRENTE AO LAVA JATO / PRÓX. AO SUPERMERCADO CAPRICHOSO","EM FRENTE AO LAVA JATO / PRÓX. AO SUPERMERCADO CAPRICHOSO",-15.814472,-48.067167,true,"Operante","","","27/03/2025 17:00:00","27/03/2025 17:00:00","","100mm",""
"hid_1235","2328","TAG00144","2328","TAGUATINGA","CNC 02 LOTE 20 LOJA 01 - TAGUATINGA NORTE","EM FRENTE AO ATACADÃO DAS FARMÁCIAS","EM FRENTE AO ATACADÃO DAS FARMÁCIAS",-15.822972,-48.065611,true,"Operante","","","24/03/2025 12:00:00","24/03/2025 12:00:00","","100mm",""
"hid_1236","2329","TAG00145","2329","TAGUATINGA","QNC 14 LOTE 40 - TAGUATINGA NORTE","EM FRENTE AO LADO ESQUERDO DA CASA 40/ÁREA VERDE/PRÓX. A ESCOLA.CLASSE 39","EM FRENTE AO LADO ESQUERDO DA CASA 40/ÁREA VERDE/PRÓX. A ESCOLA.CLASSE 39",-15.82525,-48.067417,true,"Operante","","","24/03/2025 11:00:00","24/03/2025 11:00:00","","100mm",""
"hid_1237","2330","TAG00146","2330","TAGUATINGA","ÁREA ESPECIAL Nº 13 - TAGUATINGA NORTE","eM FRENTE DO ANEXO 1 DO HOSPITAL ANCHIETA(DESOCUPADO)/ PRÓX. AO HRT","eM FRENTE DO ANEXO 1 DO HOSPITAL ANCHIETA(DESOCUPADO)/ PRÓX. AO HRT",-15.824,-48.068917,true,"Operante","","","24/03/2025 08:00:00","24/03/2025 08:00:00","","100mm",""
"hid_1238","2331","TAG00147","2331","TAGUATINGA","ÀREA ESPECIAL Nº 23 - FÓRUM - TAGUATINGA NORTE","EM FRENTE AO LADO ESQUERDO DO FÓRUM/ÁREA INTERNA/PRÓX. AO ALAMBRADO","EM FRENTE AO LADO ESQUERDO DO FÓRUM/ÁREA INTERNA/PRÓX. AO ALAMBRADO",-15.821556,-48.066194,true,"Operante","","","24/03/2025 08:30:00","24/03/2025 08:30:00","","100mm",""
"hid_1239","2332","TAG00148","2332","TAGUATINGA","QNF 08 LOTE 39 - TAGUATINGA NORTE","LATERAL ESQUERDA DA CASA 39/PRÓX. AO CENTRO DE RECUPERAÇÃO E TRIAGEM","LATERAL ESQUERDA DA CASA 39/PRÓX. AO CENTRO DE RECUPERAÇÃO E TRIAGEM",-15.818056,-48.070306,true,"Operante","","","07/04/2025 13:39:00","07/04/2025 13:39:00","","100mm",""
"hid_1240","2333","TAG00149","2333","TAGUATINGA","QNF 11 LOTE 15 - TAGUATINGA NORTE","EM FRENTE A CASA 15","EM FRENTE A CASA 15",-15.815333,-48.067639,true,"Operante","","","07/04/2025 13:38:00","07/04/2025 13:38:00","","100mm",""
"hid_1241","2336","TAG00150","2336","TAGUATINGA","QI 04 LOTES 10/11 - TAGUATINGA NORTE","EM FRENTE AOS LOTES 10/11 GALPÃO DA OUROFRUTAS","EM FRENTE AOS LOTES 10/11 GALPÃO DA OUROFRUTAS",-15.806917,-48.070889,true,"Operante","FALTA CABEÇOTE DA HASTE DO REGISTRO (LUVA)","","26/03/2025 18:22:00","26/03/2025 18:22:00","","100mm",""
"hid_1242","2337","TAG00151","2337","TAGUATINGA","QI 19 LOTES 10/11 - TAGUATINGA NORTE","EM FRENTE AOS LOTES 12/14/PRÓX. A TORNEADORA CEILÂNDIA","EM FRENTE AOS LOTES 12/14/PRÓX. A TORNEADORA CEILÂNDIA",-15.807778,-48.079722,true,"Operante","","","07/04/2025 13:39:00","07/04/2025 13:39:00","","100mm",""
"hid_1243","2338","TAG00152","2338","TAGUATINGA","QI 21 LOTE 01 - TAGUATINGA NORTE","EM FRENTE AO LADO DIREITO DO ATACADO BASE","EM FRENTE AO LADO DIREITO DO ATACADO BASE",-15.807917,-48.082389,true,"Operante","","","08/09/2024 09:50:00","08/09/2024 09:50:00","","100mm",""
"hid_1244","2339","TAG00153","2339","TAGUATINGA","QI 08 LOTES 59/63 - TAGUATINGA NORTE","EM FRENTE AO LADO DIREITO DO CAFÉ FORTE","EM FRENTE AO LADO DIREITO DO CAFÉ FORTE",-15.810306,-48.071833,true,"Operante","HIDRANTE COM POUCA PRESSÃO","","27/03/2025 16:57:00","27/03/2025 16:57:00","","100mm",""
"hid_1245","2341","TAG00154","2341","TAGUATINGA","QI 09 LOTES 75/79 - TAGUATINGA NORTE","EM FRENTE AO LOTES 75/79/PRÓXIMO A LENGE MÁQUINAS E FERRAGENS.","EM FRENTE AO LOTES 75/79/PRÓXIMO A LENGE MÁQUINAS E FERRAGENS.",-15.811222,-48.072111,false,"Inoperante","HIDRANTE QUEBRADO NO FLANGE","","27/03/2025 16:58:00","27/03/2025 16:58:00","","100mm",""
"hid_1246","2343","TAG00155","2343","TAGUATINGA","QI 08 LOTE 02 - TAGUATINGA NORTE","LATERAL ESQUERDA DO SUPERMERCADO DA DONA DE CASA/PRÓX. AO POSTO DE GASOLINA SHELL","LATERAL ESQUERDA DO SUPERMERCADO DA DONA DE CASA/PRÓX. AO POSTO DE GASOLINA SHELL",-15.810083,-48.068917,true,"Operante","","","07/04/2025 13:38:00","07/04/2025 13:38:00","","100mm",""
"hid_1247","2344","TAG00156","2344","TAGUATINGA","QI 07 LOTE 42 - TAGUATINGA NORTE","EM FRENTE À SERRALHERIA/PRÓXIMO À GRAVIA.","EM FRENTE À SERRALHERIA/PRÓXIMO À GRAVIA.",-15.810111,-48.073139,true,"Operante","","","27/03/2025 16:56:00","27/03/2025 16:56:00","","100mm",""
"hid_1248","2345","TAG00157","2345","TAGUATINGA","SHN - ÁREA ESPECIAL Nº 43","FRENTE WV ESCAPAMENTOS","FRENTE WV ESCAPAMENTOS",-15.805778,-48.085722,true,"Operante","","","26/03/2025 17:56:00","26/03/2025 17:56:00","","100mm",""
"hid_1249","2347","TAG00158","2347","TAGUATINGA","SHN - ÁREA ESPECIAL Nº 87","FRENTE PARABRISAS","FRENTE PARABRISAS",-15.804028,-48.086611,true,"Operante","FALTA CABEÇOTE DA HASTE DO REGISTRO (LUVA)","","26/03/2025 17:50:00","26/03/2025 17:50:00","","100mm",""
"hid_1250","2348","TAG00159","2348","TAGUATINGA","SHN - ÁREA ESPECIAL Nº 89","FRENTE AUTOJAGUAR","FRENTE AUTOJAGUAR",-15.802778,-48.08575,true,"Operante","","","27/03/2025 11:00:00","27/03/2025 11:00:00","","100mm",""
"hid_1251","2349","TAG00160","2349","TAGUATINGA","SHN - ÁREA ESPECIAL Nº 124 LOJA 'A'","FRENTE AUTOPEÇAS BAHIA","FRENTE AUTOPEÇAS BAHIA",-15.802694,-48.0875,true,"Operante","","","27/03/2025 10:30:00","27/03/2025 10:30:00","","100mm",""
"hid_1252","2350","TAG00161","2350","TAGUATINGA","SHN - ÁREA ESPECIAL Nº 141 LOJA 01","FRENTE MARANATA DIESEL","FRENTE MARANATA DIESEL",-15.801167,-48.087111,true,"Operante","","","27/03/2025 10:00:00","27/03/2025 10:00:00","","100mm",""
"hid_1253","2351","TAG00162","2351","TAGUATINGA","SHN - ÁREA ESPECIAL Nº 178","FRENTE AUTOMECÃNICA SÃO JORGE","FRENTE AUTOMECÃNICA SÃO JORGE",-15.800306,-48.088889,true,"Operante","","","27/03/2025 09:30:00","27/03/2025 09:30:00","","100mm",""
"hid_1254","2353","TAG00164","2353","TAGUATINGA","QNJ 01 LOTE 01 - TAGUATINGA SUL","EM FRENTE AO LOTE 01- ITACAR AUTOCENTRO","EM FRENTE AO LOTE 01- ITACAR AUTOCENTRO",-15.809361,-48.085139,true,"Operante","","","27/03/2025 08:00:00","27/03/2025 08:00:00","","100mm",""
"hid_1255","2354","TAG00165","2354","TAGUATINGA","QNJ 07 LOTE 15 - TAGUATINGA SUL","EM FRENTE AO LOTE 15/PRÓXIMO AO CURSO DE INGLÊS RIGHT WAY","EM FRENTE AO LOTE 15/PRÓXIMO AO CURSO DE INGLÊS RIGHT WAY",-15.809472,-48.082944,true,"Operante","","","07/09/2024 11:00:00","07/09/2024 11:00:00","","100mm",""
"hid_1256","2355","TAG00166","2355","TAGUATINGA","QNJ 15 LOTE 01 - TAGUATINGA SUL","LATERAL ESQUERDA DO LOTE 01/PRÓX. AO COLÉGIO SANTA TEREZINHA","LATERAL ESQUERDA DO LOTE 01/PRÓX. AO COLÉGIO SANTA TEREZINHA",-15.81375,-48.083667,true,"Operante","","","27/03/2025 13:31:00","27/03/2025 13:31:00","","100mm",""
"hid_1257","2356","TAG00167","2356","TAGUATINGA","QNJ 23 LOTES 23/25 - TAGUATINGA SUL","ENTRE OS LOTES 23/25 (BECO)","ENTRE OS LOTES 23/25 (BECO)",-15.814333,-48.081222,true,"Operante","","","27/03/2025 13:30:00","27/03/2025 13:30:00","","100mm",""
"hid_1258","2357","TAG00168","2357","TAGUATINGA","QNJ 29 LOTE 35 - TAGUATINGA SUL","LATERAL DIREITA DO LOTE 35/ÁREA VERDE","LATERAL DIREITA DO LOTE 35/ÁREA VERDE",-15.817,-48.080444,true,"Operante","","","27/03/2025 13:28:00","27/03/2025 13:28:00","","100mm",""
"hid_1259","2359","TAG00169","2359","TAGUATINGA","QNJ 22 LOTE 36 - TAGUATINGA SUL","EM FRENTE À ENTRADA PRINCIPAL DO COLÉGIO BIÂNGULO","EM FRENTE À ENTRADA PRINCIPAL DO COLÉGIO BIÂNGULO",-15.815917,-48.085194,true,"Operante","","","31/03/2025 10:30:00","31/03/2025 10:30:00","","100mm",""
"hid_1260","2360","TAG00170","2360","TAGUATINGA","QNJ 26 LOTE 01 - TAGUATINGA SUL","EM FRENTE À DROGARIA MENOR PREÇO","EM FRENTE À DROGARIA MENOR PREÇO",-15.816222,-48.082944,true,"Operante","","","27/03/2025 13:29:00","27/03/2025 13:29:00","","100mm",""
"hid_1261","2361","TAG00171","2361","TAGUATINGA","QNJ 32 LOTE 42 - TAGUATINGA SUL","FUNDOS DO LOTE 42","FUNDOS DO LOTE 42",-15.818806,-48.084194,true,"Operante","","","31/03/2025 08:00:00","31/03/2025 08:00:00","","100mm",""
"hid_1262","2362","TAG00172","2362","TAGUATINGA","QNJ 34 LOTE 34 - TAGUATINGA SUL","ÁREA VERDE - LATERAL ESQUERDA DO LOTE 34/PRÓXIMO AOS FUNDOS DO TRE-DF","ÁREA VERDE - LATERAL ESQUERDA DO LOTE 34/PRÓXIMO AOS FUNDOS DO TRE-DF",-15.817861,-48.086694,true,"Operante","","","31/03/2025 08:30:00","31/03/2025 08:30:00","","100mm",""
"hid_1263","2364","TAG00173","2364","TAGUATINGA","QNJ 44 LOTES 29/31 - TAGUATINGA SUL","EM FRENTE AOS LOTES 29/31","EM FRENTE AOS LOTES 29/31",-15.811083,-48.087833,true,"Operante","","","27/03/2025 09:00:00","27/03/2025 09:00:00","","100mm",""
"hid_1264","2365","TAG00174","2365","TAGUATINGA","QNJ 48 LOTES 56 - TAGUATINGA SUL","LATERAL DIREITA DA PRIVILEGE AUTOMÓVEIS","LATERAL DIREITA DA PRIVILEGE AUTOMÓVEIS",-15.810306,-48.089222,true,"Operante","HIDRANTE CERCADO/BLOQUEADO","","27/03/2025 10:00:00","27/03/2025 10:00:00","","100mm",""
"hid_1265","2366","TAG00175","2366","TAGUATINGA","QNJ 56 LOTE 38 - TAGUATINGA SUL","LATERAL ESQUERDA DO LOTE 38/PRÓXIMO AO CENTRO DE ENSINO Nº 5 AE Nº16","LATERAL ESQUERDA DO LOTE 38/PRÓXIMO AO CENTRO DE ENSINO Nº 5 AE Nº16",-15.8145,-48.087889,true,"Operante","","","27/03/2025 12:00:00","27/03/2025 12:00:00","","100mm",""
"hid_1266","2367","TAG00176","2367","TAGUATINGA","QNJ 02 LOTE 35 - TAGUATINGA SUL","LATERAL DIREITA DO LOTE 35","LATERAL DIREITA DO LOTE 35",-15.810861,-48.086778,true,"Operante","","","27/03/2025 08:30:00","27/03/2025 08:30:00","","100mm",""
"hid_1267","2368","TAG00177","2368","TAGUATINGA","SMT CONJUNTO 11 LOTE 10 CASA 01","ESQUINA DA CASA 01","ESQUINA DA CASA 01",-15.852944,-48.060583,true,"Operante","","","07/09/2024 11:30:00","07/09/2024 11:30:00","","100mm",""
"hid_1268","2369","TAG00178","2369","TAGUATINGA","QNM 34 CONJUNTO G2 CASA 81","A NORDESTE DA ÁREA DO 8º GBM / FRENTE A QUADRA RESIDENCIAL TERRENO BALDIO","A NORDESTE DA ÁREA DO 8º GBM / FRENTE A QUADRA RESIDENCIAL TERRENO BALDIO",-15.809806,-48.098056,true,"Operante","","","27/03/2025 12:00:00","27/03/2025 12:00:00","","100mm",""
"hid_1269","2370","TAG00179","2370","TAGUATINGA","QNL 30 CONJUNTO F CASA 08","ESQUINA CASA 08","ESQUINA CASA 08",-15.814917,-48.094056,false,"Inoperante","","","27/03/2025 10:30:00","27/03/2025 10:30:00","","100mm",""
"hid_1270","2373","BRZ00005","2373","BRAZLANDIA","Quadra 48 Conj. ""N"" Lote 35 - Setor Vila São José - Brazlândia, Brasília - DF, Brasil","EM FRENTE A CASA 35/CANTEIRO CENTRAL/ÁREA VERDE","EM FRENTE A CASA 35/CANTEIRO CENTRAL/ÁREA VERDE",-15.65725,-48.200833,false,"Inoperante","HIDRANTE SOTERRADO","","19/02/2026 17:10:00","19/02/2026 17:10:00","","100mm","/hidrantes/brazlandia/BRZ00005.jpeg"
"hid_1271","2375","BRZ00006","2375","BRAZLANDIA","Q 45 Conjunto G, 31- Vila São José - Brazlândia, Brasília - DF, Brasil","EM FRENTE AO ESTUDIO DE BELEZA QEEN BEE/CANTEIRO CENTRAL/ÁREA VERDE","EM FRENTE AO ESTUDIO DE BELEZA QEEN BEE/CANTEIRO CENTRAL/ÁREA VERDE",-15.660694,-48.19475,true,"Operante","","","19/02/2026 18:04:00","19/02/2026 18:04:00","","100mm","/hidrantes/brazlandia/BRZ00006.jpeg"
"hid_1272","2376","BRZ00007","2376","BRAZLANDIA","Quadra 45 Conj. ""M"" Casa 01 - Setor Vila São José - Brazlândia, Brasília - DF, Brasil","LATERAL CASA 01","LATERAL CASA 01",-15.661361,-48.191667,true,"Operante","","","24/02/2026 16:14:00","24/02/2026 16:14:00","","100mm","/hidrantes/brazlandia/BRZ00007.jpeg"
"hid_1273","2377","BRZ00008","2377","BRAZLANDIA","Quadra 45 Conj. ""E"" Casa 23 - Setor Vila São José - Brazlândia, Brasília - DF, Brasil","EM FRENTE A CASA 23/PRÓXIMO À PRACINHA/CENTRO DE SAÚDE N° 02","EM FRENTE A CASA 23/PRÓXIMO À PRACINHA/CENTRO DE SAÚDE N° 02",-15.659722,-48.192528,true,"Operante","","","24/02/2026 16:05:00","24/02/2026 16:05:00","","100mm","/hidrantes/brazlandia/BRZ00008.jpeg"
"hid_1274","2379","BRZ00009","2379","BRAZLANDIA","Quadra 46 Conj. ""E"" Casa 27/Quadra 47 Conj. ""D"" Casa 08 - Setor Vila São José - Brazlândia, Brasília - DF, Brasil","ENTRE AS QUADRAS 46/47 - CANTEIRO CENTRAL","ENTRE AS QUADRAS 46/47 - CANTEIRO CENTRAL",-15.660278,-48.197361,false,"Inoperante","","","24/02/2026 15:54:00","24/02/2026 15:54:00","","100mm","/hidrantes/brazlandia/BRZ00009.jpeg"
"hid_1275","2380","BRZ00010","2380","BRAZLANDIA","Quadra 46 Conj. ""E"" Casa 03 - Setor Vila São José - Brazlândia, Brasília - DF, Brasil","EM FRENTE AO CONJ. ""B"" CASA 03/CANTEIRO CENTRAL QD. 46/47 - ÁREA VERDE","EM FRENTE AO CONJ. ""B"" CASA 03/CANTEIRO CENTRAL QD. 46/47 - ÁREA VERDE",-15.657611,-48.195889,true,"Operante","FALTA CABEÇOTE DA HASTE DO REGISTRO (LUVA)","","19/02/2026 17:44:00","19/02/2026 17:44:00","","100mm","/hidrantes/brazlandia/BRZ00010.jpeg"
"hid_1276","2381","BRZ00011","2381","BRAZLANDIA","Quadra 46 Conj. ""G"" Casa 06 - Setor Vila São José - Brazlândia, Brasília - DF, Brasil","LATERAL ESQUERDA DO ENSINO FUNDAMENTAL N° 03","LATERAL ESQUERDA DO ENSINO FUNDAMENTAL N° 03",-15.658944,-48.195833,true,"Operante","","","02/04/2025 10:00:00","02/04/2025 10:00:00","","100mm","/hidrantes/brazlandia/BRZ00011.jpeg"
"hid_1277","2382","BRZ00012","2382","BRAZLANDIA","Quadra 57 Conj. ""L"" Casa 01 - Setor Vila São José - Brazlândia, Brasília - DF, Brasil","FUNDOS DA CASA 01","FUNDOS DA CASA 01",-15.655889,-48.197528,true,"Operante","","","19/02/2026 17:18:00","19/02/2026 17:18:00","","100mm","/hidrantes/brazlandia/BRZ00012.jpeg"
"hid_1278","2384","BRZ00013","2384","BRAZLANDIA","Quadra 48 Conj. ""C"" Casa 04/103 - Setor Vila São José - Brazlândia, Brasília - DF, Brasil","EM FRENTE AOS LOTES 04/103","EM FRENTE AOS LOTES 04/103",-15.660389,-48.201361,true,"Operante","FALTA TAMPÃO DE 2.1/2""","","19/02/2026 16:58:00","19/02/2026 16:58:00","","100mm","/hidrantes/brazlandia/BRZ00013.jpeg"
"hid_1279","2385","BRZ00014","2385","BRAZLANDIA","Quadra 06 Lote 07 Loja 01 - Setor Veredas - Brazlândia, Brasília - DF, Brasil","EM FRENTE AO LOTE 07 LOJA 01","EM FRENTE AO LOTE 07 LOJA 01",-15.668333,-48.200278,true,"Operante","","","19/02/2026 16:36:00","19/02/2026 16:36:00","","100mm","/hidrantes/brazlandia/BRZ00014.jpeg"
"hid_1280","2387","BRZ00015","2387","BRAZLANDIA","Entre Quadra 35 Bloco D/36 Bloco B - Setor Vila São José - Brazlândia, Brasília - DF","LATERAL DIREITA DO SUPERMERCADO VERDI BAIRRO","LATERAL DIREITA DO SUPERMERCADO VERDI BAIRRO",-15.662722,-48.195,true,"Operante","","","24/02/2026 15:46:00","24/02/2026 15:46:00","","100mm","/hidrantes/brazlandia/BRZ00015.jpeg"
"hid_1281","2388","BRZ00016","2388","BRAZLANDIA","Entre Quadra 37 Conj. ""F"" LOTE 9/38 Bloco ""B"" - Setor Vila São José - Brazlândia, Brasília - DF","NO CANTEIRO CENTRAL EQ 37/38 - PRÓXIMO AO SUPERMERCADO BARBOSA","NO CANTEIRO CENTRAL EQ 37/38 - PRÓXIMO AO SUPERMERCADO BARBOSA",-15.663083,-48.199639,true,"Operante","","","19/02/2026 16:55:00","19/02/2026 16:55:00","","100mm","/hidrantes/brazlandia/BRZ00016.jpeg"
"hid_1282","2389","BRZ00017","2389","BRAZLANDIA","Incra 8, Quadra 09 Lote 07 - Brazlândia - Brasília - DF","EM FRENTE AO LOTE 07 RESTAURANTE PERTINÁCIA/PRÓXIMO A PRACINHA","EM FRENTE AO LOTE 07 RESTAURANTE PERTINÁCIA/PRÓXIMO A PRACINHA",-15.743056,-48.171222,true,"Operante","","","24/02/2026 17:28:00","24/02/2026 17:28:00","","100mm","/hidrantes/brazlandia/BRZ00017.jpeg"
"hid_1283","2390","BRZ00018","2390","BRAZLANDIA","Quadra 56 Conjunto M Casa 199 - Vila São José - Brazlândia, Brasília - DF, Brasil","EM FRENTE A CASA 199","EM FRENTE A CASA 199",-15.655833,-48.194417,true,"Operante","","","19/02/2026 17:29:00","19/02/2026 17:29:00","","100mm","/hidrantes/brazlandia/BRZ00018.jpeg"
"hid_1284","2391","BRZ00019","2391","BRAZLANDIA","Q. 06 BL. A LOTE 01","LATERAL DO POSTO DA PMDF","LATERAL DO POSTO DA PMDF",-15.679889,-48.1945,true,"Operante","","","21/01/2026 16:23:00","21/01/2026 16:23:00","","100mm","/hidrantes/brazlandia/BRZ00019.jpeg"
"hid_1285","2393","BRZ00020","2393","BRAZLANDIA","Q. 04 CASA 75","FRENTE A PORTO CONTABILIDADE","FRENTE A PORTO CONTABILIDADE",-15.681556,-48.193306,true,"Operante","FALTA TAMPÃO DE 4""","","21/01/2026 16:10:00","21/01/2026 16:10:00","","100mm","/hidrantes/brazlandia/BRZ00020.jpeg"
"hid_1286","2394","BRZ00021","2394","BRAZLANDIA","Q.06 BL. B LOJA 09/10","PRÓXIMO A MIX TUPI PAPELARIA","PRÓXIMO A MIX TUPI PAPELARIA",-15.678222,-48.195083,true,"Operante","FALTA CABEÇOTE DA HASTE DO REGISTRO (LUVA)","","21/01/2026 16:25:00","21/01/2026 16:25:00","","100mm","/hidrantes/brazlandia/BRZ00021.jpeg"
"hid_1287","2395","BRZ00022","2395","BRAZLANDIA","Q. 08 BL. B LOTES 01 A 10","PRÓXIMO A QUADRA DE ESPORTES","PRÓXIMO A QUADRA DE ESPORTES",-15.674833,-48.195556,true,"Operante","","","21/01/2026 16:38:00","21/01/2026 16:38:00","","100mm","/hidrantes/brazlandia/BRZ00022.jpeg"
"hid_1288","2396","BRZ00023","2396","BRAZLANDIA","Q. 10 LOTE 227","PRÓXIMO AO CENTRO DE ENSINO 02","PRÓXIMO AO CENTRO DE ENSINO 02",-15.672472,-48.193944,true,"Operante","FALTA CABEÇOTE DA HASTE DO REGISTRO (LUVA)","","21/01/2026 17:06:00","21/01/2026 17:06:00","","100mm","/hidrantes/brazlandia/BRZ00023.jpeg"
"hid_1289","2397","BRZ00024","2397","BRAZLANDIA","Q. 08 BL. C LOTE 08","PRÓXIMO A ESCOLA CLASSE 03","PRÓXIMO A ESCOLA CLASSE 03",-15.67625,-48.192528,true,"Operante","","","21/01/2026 17:22:00","21/01/2026 17:22:00","","100mm","/hidrantes/brazlandia/BRZ00024.jpeg"
"hid_1290","2398","BRZ00025","2398","BRAZLANDIA","Q. 06 BL. C LOJA 01","LATERAL DO LOTE","LATERAL DO LOTE",-15.678889,-48.191722,true,"Operante","","","19/02/2026 18:35:00","19/02/2026 18:35:00","","100mm","/hidrantes/brazlandia/BRZ00025.jpeg"
"hid_1291","2399","BRZ00026","2399","BRAZLANDIA","Q. 36 CONJUNTO K LOTE 23","ENTRE O CENTRO DE ENSINO 03 E O RESTAURANTE COMUNITÁRIO","ENTRE O CENTRO DE ENSINO 03 E O RESTAURANTE COMUNITÁRIO",-15.66575,-48.196611,true,"Operante","","","19/02/2026 16:44:00","19/02/2026 16:44:00","","100mm","/hidrantes/brazlandia/BRZ00026.jpeg"
"hid_1292","2401","BRZ00027","2401","BRAZLANDIA","Q. 04 CONJUNTO G CASA 01","PRÓXIMO A QUADRA DE ESPORTES","PRÓXIMO A QUADRA DE ESPORTES",-15.669611,-48.201583,false,"Inoperante","TAMPA DA CAIXA LACRADA (CONCRETADA)","","19/02/2026 16:28:00","19/02/2026 16:28:00","","100mm","/hidrantes/brazlandia/BRZ00027.jpeg"
"hid_1293","2402","BRZ00028","2402","BRAZLANDIA","Q. 02 CONJUNTO G CASA 25- SETOR VEREDAS","PRÓXIMO A ESCOLA AMIGUINHOS DO REI","PRÓXIMO A ESCOLA AMIGUINHOS DO REI",-15.672611,-48.201972,true,"Operante","","","19/02/2026 15:01:00","19/02/2026 15:01:00","","100mm","/hidrantes/brazlandia/BRZ00028.jpeg"
"hid_1294","2404","BRZ00029","2404","BRAZLANDIA","Q. 03 CONJUNTO A CASA 01 - SETOR VEREDAS","AO LADO DO TERMINAL RODOVIÁRIO","AO LADO DO TERMINAL RODOVIÁRIO",-15.671333,-48.198806,true,"Operante","","","19/02/2026 16:15:00","19/02/2026 16:15:00","","100mm","/hidrantes/brazlandia/BRZ00029.jpeg"
"hid_1295","2405","BRZ00030","2405","BRAZLANDIA","Q. 03 CONJUNTO C CASA 14/15 - SETOR VEREDAS","PRÓXIMO A IGREJA UNIVERSAL","PRÓXIMO A IGREJA UNIVERSAL",-15.670056,-48.200083,true,"Operante","","","19/02/2026 16:23:00","19/02/2026 16:23:00","","100mm","/hidrantes/brazlandia/BRZ00030.jpeg"
"hid_1296","2407","SOB00018","2407","SOBRADINHO","Q.02 CONJUNTO C03 CASA 01","FUNDOS AO CONJUNTO C04","FUNDOS AO CONJUNTO C04",-15.655861,-47.796083,true,"Operante","","","10/07/2025 10:35:00","10/07/2025 10:35:00","","100mm",""
"hid_1297","2408","SOB00019","2408","SOBRADINHO","Q.02 CONJUNTO C19 CASA 15","FRENTE A CASA 15","FRENTE A CASA 15",-15.65875,-47.794639,false,"Inoperante","FALTAM BUJÕES E TAMPÕES ; FALTA TAMPÃO DE 4""","","11/07/2025 10:16:00","11/07/2025 10:16:00","","100mm",""
"hid_1298","2409","SOB00020","2409","SOBRADINHO","Q.02 CONJUNTO D15 na área verde","FRENTE A CASA 16 do conj.D17","FRENTE A CASA 16 do conj.D17",-15.6555,-47.789667,true,"Operante","","","10/07/2025 10:15:00","10/07/2025 10:15:00","","100mm",""
"hid_1299","2410","SOB00021","2410","SOBRADINHO","Q.02 CONJUNTO E16 CASA 07","FRENTE A CASA 07","FRENTE A CASA 07",-15.655139,-47.788528,true,"Operante","","","10/07/2025 10:00:00","10/07/2025 10:00:00","","100mm",""
"hid_1300","2413","SOB00023","2413","SOBRADINHO","Q.04 BLOCO 'C'","LATERAL DO BL. 'C'","LATERAL DO BL. 'C'",-15.65525,-47.799583,true,"Operante","","","10/07/2025 10:40:00","10/07/2025 10:40:00","","100mm",""
"hid_1301","2414","SOB00024","2414","SOBRADINHO","Q.CENTRAL 13ª DP","PRÓXIMO McDONALD'S DA QUDRA 06","PRÓXIMO McDONALD'S DA QUDRA 06",-15.653556,-47.794917,true,"Operante","","","10/07/2025 10:33:00","10/07/2025 10:33:00","","100mm",""
"hid_1302","2415","SOB00025","2415","SOBRADINHO","Q.CENTRAL POLÍCIA MILITAR","FRENTE AO CORPO DA GUARDA DO 13ª BPM","FRENTE AO CORPO DA GUARDA DO 13ª BPM",-15.653917,-47.793333,true,"Operante","","","10/07/2025 10:31:00","10/07/2025 10:31:00","","100mm",""
"hid_1303","2418","BRZ00031","2418","BRAZLANDIA","10-11 - St. Tradicional Q 22 - Brazlândia, Brasília - DF, Brasil","FORUM","FORUM",-15.679389,-48.203611,true,"Operante","","","21/01/2026 15:33:00","21/01/2026 15:33:00","","100mm","/hidrantes/brazlandia/BRZ00031.jpeg"
"hid_1304","2419","BRZ00032","2419","BRAZLANDIA","St. Norte Conjunto A, 1-5 - Brazlândia, Brasília - DF, Brasil","LOTE 01","LOTE 01",-15.683389,-48.189639,true,"Operante","FALTA CABEÇOTE DA HASTE DO REGISTRO (LUVA); HIDRANTE SOTERRADO","","22/01/2026 15:12:00","22/01/2026 15:12:00","","100mm","/hidrantes/brazlandia/BRZ00032.jpeg"
"hid_1305","2420","BRZ00033","2420","BRAZLANDIA","2-6 - St. Norte - Brazlândia, Brasília - DF, Brasil","LOTE 13","LOTE 13",-15.68175,-48.189833,true,"Operante","FALTA CABEÇOTE DA HASTE DO REGISTRO (LUVA)","","22/01/2026 15:56:00","22/01/2026 15:56:00","","100mm","/hidrantes/brazlandia/BRZ00033.jpeg"
"hid_1306","2421","BRZ00034","2421","BRAZLANDIA","1-27 - St. Norte - Brazlândia, Brasília - DF, Brasil","LOTE 15","LOTE 15",-15.681167,-48.188111,true,"Operante","","","22/01/2026 16:09:00","22/01/2026 16:09:00","","100mm","/hidrantes/brazlandia/BRZ00034.jpeg"
"hid_1307","2422","BRZ00035","2422","BRAZLANDIA","St. Norte Conjunto C Conjunto D Conjunto C D - St. Norte - Brazlândia, Brasília - DF, Brasil","GARAGEM DA COOPERATIVA","GARAGEM DA COOPERATIVA",-15.679333,-48.18825,true,"Operante","","","24/02/2026 17:00:00","24/02/2026 17:00:00","","100mm","/hidrantes/brazlandia/BRZ00035.jpeg"
"hid_1308","2423","SOB00026","2423","SOBRADINHO","QD. 13 CONJUNTO B CASA 71","A DIREITA DO COLEGIO ALUB","A DIREITA DO COLEGIO ALUB",-15.646194,-47.781694,true,"Operante","","","11/07/2025 09:00:00","11/07/2025 09:00:00","","100mm",""
"hid_1309","2424","SOB00027","2424","SOBRADINHO","QD. 13 Conj. H - Sobradinho","Em frente ao Balão do SESI. Ao lado do trailer.","Em frente ao Balão do SESI. Ao lado do trailer.",-15.642139,-47.787917,true,"Operante","","","11/07/2025 09:20:00","11/07/2025 09:20:00","","100mm",""
"hid_1310","2425","SOB00028","2425","SOBRADINHO","QD. 08 AVENIDA PRINCIPAL","FRENTE A REAL ACESSÓRIOS","FRENTE A REAL ACESSÓRIOS",-15.647917,-47.801056,true,"Operante","","","11/07/2025 10:54:00","11/07/2025 10:54:00","","100mm",""
"hid_1311","2426","SOB00029","2426","SOBRADINHO","QD. 08 CONJUNTO A CASA 04 - SOBRADINHO -DF","A ESQUERDA DO COMÉRCIO LOCAL - (ÁREA VERDE)","A ESQUERDA DO COMÉRCIO LOCAL - (ÁREA VERDE)",-15.644583,-47.800833,true,"Operante","","","14/07/2025 10:40:00","14/07/2025 10:40:00","","100mm",""
"hid_1312","2427","SOB00030","2427","SOBRADINHO","QUADR. 08 CONJUNTO 02 LOJA 05 - SOBRADINHO - DF","FRENTE AO GORDO LANCHES (ESTACIONAMENTO, ÁREA VERDE)","FRENTE AO GORDO LANCHES (ESTACIONAMENTO, ÁREA VERDE)",-15.64375,-47.79975,true,"Operante","","","14/07/2025 10:30:00","14/07/2025 10:30:00","","100mm",""
"hid_1313","2428","SOB00031","2428","SOBRADINHO","QUADRA. 08 COMÉRCIO LOCAL 30 LOJA 01 - SOBRADINHO - DF","FRENTE A ESPAÇO ENCANTADO JÚLIA BABY KIDS","FRENTE A ESPAÇO ENCANTADO JÚLIA BABY KIDS",-15.644778,-47.794861,true,"Operante","","","14/07/2025 10:50:00","14/07/2025 10:50:00","","100mm",""
"hid_1314","2438","RIA00001","2438","RIACHO FUNDO","QN 01 CONJUNTO 6 CASA 1- RIACHO FUNDO I - DF","EM FRENTE A IGREJA CRISTÃ E MISSIONÁRIA / CASA 1.","EM FRENTE A IGREJA CRISTÃ E MISSIONÁRIA / CASA 1.",-15.8805,-48.008444,true,"Operante","","","08/07/2026 10:42:00","08/07/2026 10:42:00","","100mm",""
"hid_1315","2439","RIA00002","2439","RIACHO FUNDO","QN 01 CONJUNTO 10 PRAÇA CENTRAL - RIACHO FUNDO I - DF","LADO DIREITO PRÓXIMO AO CENTRO DE ENSINO FUNDAMENTAL TELEBRASILIA","LADO DIREITO PRÓXIMO AO CENTRO DE ENSINO FUNDAMENTAL TELEBRASILIA",-15.88025,-48.006222,true,"Operante","","","08/07/2026 10:39:00","08/07/2026 10:39:00","","100mm",""
"hid_1316","2440","RIA00003","2440","RIACHO FUNDO","QN 01 CONJUNTO 07 CASA 18 - RIACHO FUNDO I - DF","LADO DIREITO EM FRENTE TELHAS DO SUL","LADO DIREITO EM FRENTE TELHAS DO SUL",-15.878583,-48.008667,true,"Operante","","","08/07/2026 10:44:00","08/07/2026 10:44:00","","100mm",""
"hid_1317","2441","RIA00004","2441","RIACHO FUNDO","QN 01 CONJUNTO 14 CASA 13 - RIACHO FUNDO I - DF","LADO DIREITO FRENTE CASA 13","LADO DIREITO FRENTE CASA 13",-15.878361,-48.006417,true,"Operante","","","08/07/2026 10:46:00","08/07/2026 10:46:00","","100mm",""
"hid_1318","2444","RIA00005","2444","RIACHO FUNDO","QN 01 CONJUNTO 19 CASA 20 - RIACHO FUNDO I - DF","LADO DIREITO PISTA PRINCIPAL AO LADO QUADRO TELEFONIA","LADO DIREITO PISTA PRINCIPAL AO LADO QUADRO TELEFONIA",-15.880083,-48.004333,true,"Operante","","","08/07/2026 10:37:00","08/07/2026 10:37:00","","100mm",""
"hid_1319","2448","RIA00006","2448","RIACHO FUNDO","QN 1 CONJUNTO 20 CASA 18 - RIACHO FUNDO I - DF","LADO ESQUERDO DA CASA 1.","LADO ESQUERDO DA CASA 1.",-15.878222,-48.0045,true,"Operante","","","08/07/2026 10:46:00","08/07/2026 10:46:00","","100mm",""
"hid_1320","2449","RIA00007","2449","RIACHO FUNDO","QN 01 CONJUNTO 27 CASA 01 - RIACHO FUNDO I - DF","EM FRENTE A CASA 1.

LOCALIZAÇÃO CORRETA: S15º 52' 47.7"" W48º 00' 07.3""","EM FRENTE A CASA 1.

LOCALIZAÇÃO CORRETA: S15º 52' 47.7"" W48º 00' 07.3""",-15.879889,-48.002028,true,"Operante","","","08/07/2026 10:54:00","08/07/2026 10:54:00","","100mm",""
"hid_1321","2453","RIA00008","2453","RIACHO FUNDO","CLN 05 BLOCO I - RIACHO FUNDO I - DF","LADO DIREITO DA ÁREA VERDE DO COLÉGIO PASSIONISTA","LADO DIREITO DA ÁREA VERDE DO COLÉGIO PASSIONISTA",-15.879389,-48.016806,true,"Operante","FALTA CABEÇOTE DA HASTE DO REGISTRO (LUVA)","","08/07/2026 10:13:00","08/07/2026 10:13:00","","100mm",""
"hid_1322","2456","RIA00009","2456","RIACHO FUNDO","QN 05 CONJUNTO 03 - RIACHO FUNDO I - DF","ESTACIONAMENTO DO GIRAFFAS","ESTACIONAMENTO DO GIRAFFAS",-15.881417,-48.01775,true,"Operante","","","08/07/2026 10:17:00","08/07/2026 10:17:00","","100mm",""
"hid_1323","2457","RIA00010","2457","RIACHO FUNDO","QN 07 CONJUNTO 11 CASA 31 - RIACHO FUNDO I - DF","ENTRE AS CASAS 31 E 32","ENTRE AS CASAS 31 E 32",-15.883417,-48.022,true,"Operante","","","08/07/2026 10:22:00","08/07/2026 10:22:00","","100mm",""
"hid_1324","2458","RIA00011","2458","RIACHO FUNDO","QN 07 CONJUNTO 17 CASA 07 - RIACHO FUNDO I - DF","ESTACIONAMENTO DA IGREJA SÃO MIGUEL ARCANJO","ESTACIONAMENTO DA IGREJA SÃO MIGUEL ARCANJO",-15.882056,-48.020917,true,"Operante","","","08/07/2026 10:24:00","08/07/2026 10:24:00","","100mm",""
"hid_1325","2461","RIA00012","2461","RIACHO FUNDO","QN 03 ÁREA ESPECIAL Nº 03 - RIACHO FUNDO I - DF","21º GBM FUNDOS","21º GBM FUNDOS",-15.879111,-48.011806,false,"Inoperante","","","08/07/2026 10:07:00","08/07/2026 10:07:00","","100mm",""
"hid_1326","2462","RIA00013","2462","RIACHO FUNDO","QN 03 ÁREA ESPECIAL Nº 03 - RIACHO FUNDO I - DF","21º GBM - ENTRADA DO GBM","21º GBM - ENTRADA DO GBM",-15.879083,-48.010944,true,"Operante","","","08/07/2026 09:52:00","08/07/2026 09:52:00","","100mm",""
"hid_1327","2464","RIA00014","2464","RIACHO FUNDO","QS 02 AO LADO DO BLOCO D AVENIDA SUCUPIRA - RIACHO FUNDO I - DF","AO LADO DA PISTA DE COOPER TERRENO BALDIO","AO LADO DA PISTA DE COOPER TERRENO BALDIO",-15.882444,-48.010056,true,"Operante","","","08/07/2026 10:55:00","08/07/2026 10:55:00","","100mm",""
"hid_1328","2465","RIA00015","2465","RIACHO FUNDO","QS 16 CONJUNTO 7 CASA 2 - RIACHO FUNDO I - DF","ESTACIONAMENTO EM FRENTE A CASA 2

LOCALIZAÇÃO CORRETA: S15º 53' 08.9"" W48º 00' 38.0""","ESTACIONAMENTO EM FRENTE A CASA 2

LOCALIZAÇÃO CORRETA: S15º 53' 08.9"" W48º 00' 38.0""",-15.885833,-48.010583,true,"Operante","","","08/07/2026 11:01:00","08/07/2026 11:01:00","","100mm",""
"hid_1329","2466","RIA00016","2466","RIACHO FUNDO","QS 16 CONJUNTO 2 CASA 9 - RIACHO FUNDO I - DF","LADO DIREITO ÁREA VERDE - EM FRENTE A CASA 9.","LADO DIREITO ÁREA VERDE - EM FRENTE A CASA 9.",-15.887444,-48.011611,true,"Operante","","","08/07/2026 11:24:00","08/07/2026 11:24:00","","100mm",""
"hid_1330","2468","RIA00017","2468","RIACHO FUNDO","QS 16 CONJUNTO 3 CASA 6 - RIACHO FUNDO I - DF","ÁREA VERDE EM FRENTE A CASA 6.","ÁREA VERDE EM FRENTE A CASA 6.",-15.888222,-48.010667,true,"Operante","","","08/07/2026 11:20:00","08/07/2026 11:20:00","","100mm",""
"hid_1331","2475","RIA00024","2475","RIACHO FUNDO","SPLM CONJUNTO 03- RIACHO FUNDO I - DF","EM FRENTE À CONTROL THERM AR CONDICIONADO","EM FRENTE À CONTROL THERM AR CONDICIONADO",-15.877944,-47.998528,true,"Operante","","","08/07/2026 10:52:00","08/07/2026 10:52:00","","100mm",""
"hid_1332","2476","RIA00025","2476","RIACHO FUNDO","SPLM CONJUNTO 4 - RIACHO FUNDO I - DF","PRÓXIMA PLACA INDICATIVA CONJUNTO 4 - LATERAL GALPÃO","PRÓXIMA PLACA INDICATIVA CONJUNTO 4 - LATERAL GALPÃO",-15.878722,-47.997833,true,"Operante","","","08/07/2026 10:53:00","08/07/2026 10:53:00","","100mm",""
"hid_1333","2477","RIA00026","2477","RIACHO FUNDO","COLONIA AGRÍCOLA SUCUPIRA CHÁCARA 6 - RIACHO FUNDO I - DF","EM FRENTE AO RESIDENCIAL CRUZEIRO DO SUL.","EM FRENTE AO RESIDENCIAL CRUZEIRO DO SUL.",-15.890861,-48.012389,true,"Operante","","","08/07/2026 11:29:00","08/07/2026 11:29:00","","100mm",""
"hid_1334","2478","RIA00027","2478","RIACHO FUNDO","COLÔNIA AGRÍCOLA SUCUPIRA CHÁCARA 13 - RIACHO FUNDO I - DF","EM FRENTE AO CONDOMÍNIO RIACHO VERDE.","EM FRENTE AO CONDOMÍNIO RIACHO VERDE.",-15.890139,-48.014778,true,"Operante","FALTA TAMPÃO DE 2.1/2""","","08/07/2026 11:27:00","08/07/2026 11:27:00","","100mm",""
"hid_1335","2480","RIA00028","2480","RIACHO FUNDO","COLONIA AGRICOLA SUCUPIRA CHÁCARA 20 CASA 15 - RIACHO FUNDO I - DF","EM FRENTE AO CONDOMÍNIO VILLAGE GARDEN.","EM FRENTE AO CONDOMÍNIO VILLAGE GARDEN.",-15.893306,-48.014583,true,"Operante","","","08/07/2026 11:31:00","08/07/2026 11:31:00","","100mm",""
"hid_1336","2481","RIA00029","2481","RIACHO FUNDO","COLONIA AGRÍCOLA SUCUPIRA CHÁCARA 36 - RIACHO FUNDO I - DF","EM FRENTE À CHÁCARA 23D LOTE 01.

LOCALIZAÇÃO CORRETA: S15º 53' 41.7"" W48º 01' 03.2""","EM FRENTE À CHÁCARA 23D LOTE 01.

LOCALIZAÇÃO CORRETA: S15º 53' 41.7"" W48º 01' 03.2""",-15.894917,-48.017611,true,"Operante","","","08/07/2026 11:32:00","08/07/2026 11:32:00","","100mm",""
"hid_1337","2491","SOB00032","2491","SOBRADINHO","SETOR DE INDÚSTRIAS DE SOBRADINHO Q.03 RUA E LOTE 02/06","ESQUINA DO AUTO CENTRO FÓRMULA 01","ESQUINA DO AUTO CENTRO FÓRMULA 01",-15.662133,-47.808811,true,"Operante","","","14/07/2025 10:10:00","14/07/2025 10:10:00","","100mm",""
"hid_1338","2492","SOB00033","2492","SOBRADINHO","SETOR DE INDÚSTRIAS DE SOBRADINHO Q.01 1ª ENTRADA A ESQUERDA","EM FRENTE AO CENTER AUTO LATAS.","EM FRENTE AO CENTER AUTO LATAS.",-15.661393,-47.806951,false,"Inoperante","FALTA TAMPÃO DE 2.1/2""","","14/07/2025 10:19:00","14/07/2025 10:19:00","","100mm",""
"hid_1339","2493","SOB00034","2493","SOBRADINHO","QUADRA 01 CONJ. A AO LADO DA CASA 02","ÁREA VERDE NA LATERAL","ÁREA VERDE NA LATERAL",-15.656833,-47.806016,true,"Operante","","","10/07/2025 10:52:00","10/07/2025 10:52:00","","100mm",""
"hid_1340","2495","CAN00001","2495","CANDANGOLANDIA","SPMS - SETOR DE POSTOS E MOTÉIS SUL - EPIA - CANDANGOLÂNDIA - DF","ENTRE A TECAR FIAT E O POSTO IPIRANGA/ LATERAL DIREITA DO POSTO IPIRANGA.","ENTRE A TECAR FIAT E O POSTO IPIRANGA/ LATERAL DIREITA DO POSTO IPIRANGA.",-15.851911,-47.954705,true,"Operante","","","01/07/2026 10:47:00","01/07/2026 10:47:00","","100mm",""
"hid_1341","2496","CAN00002","2496","CANDANGOLANDIA","SPMS - SETOR DE POSTOS E MOTÉIS SUL - EPIA - CANDANGOLÂNDIA - DF","EM FRENTE A ADHARA TOYOTA / SENTIDO SIA/GAMA.","EM FRENTE A ADHARA TOYOTA / SENTIDO SIA/GAMA.",-15.854854,-47.955925,true,"Operante","","","01/07/2026 11:09:00","01/07/2026 11:09:00","","100mm",""
"hid_1342","2497","CAN00003","2497","CANDANGOLANDIA","VIA DE ACESSO EPIA, ENTRE O POSTO IPIRANGA E A CONCESSIONARIA CHEVROLET - CANDANGOLÂNDIA - DF","ENTRE O POSTO IPIRANGA E A CONCESSIONÁRIA CHEVROLET / SENTIDO SIA/GAMA.

LOCALIZAÇÃO CORRETA: S15º 51' 00.7"" W47º 57' 18.6""","ENTRE O POSTO IPIRANGA E A CONCESSIONÁRIA CHEVROLET / SENTIDO SIA/GAMA.

LOCALIZAÇÃO CORRETA: S15º 51' 00.7"" W47º 57' 18.6""",-15.851028,-47.954566,true,"Operante","","","01/07/2026 10:50:00","01/07/2026 10:50:00","","100mm",""
"hid_1343","2498","CAN00004","2498","CANDANGOLANDIA","VIA DE ACESSO EPIA,LATERAL ESQUERDA DO POSTO IPIRANGA C LOTE 8 - CANDANGOLÂNDIA - DF","Entre a Pedragon Chevrolet e o Posto Ipiranga","Entre a Pedragon Chevrolet e o Posto Ipiranga",-15.850194,-47.955224,false,"Inoperante","TAMPA DA CAIXA LACRADA (CONCRETADA)","","01/07/2026 11:00:00","01/07/2026 11:00:00","","100mm",""
"hid_1344","2499","CAN00005","2499","CANDANGOLANDIA","VIA DE ACESSO EPIA, ENTRE O MOTEL CASA GRANDE E A ENTRADA DA LATERAL DIREITA DO POSTO BR - CANDANGOLÂNDIA - DF","Entre o Motel Casa Grande e o Posto BR","Entre o Motel Casa Grande e o Posto BR",-15.850238,-47.954473,false,"Inoperante","REGISTRO SOTERRADO","","01/07/2026 10:55:00","01/07/2026 10:55:00","","100mm",""
"hid_1345","2500","CAN00006","2500","CANDANGOLANDIA","MUSEU VIVO DA HISTÓRIA CANDANGA - CANDANGOLÂNDIA - DF","ATRAS DA CASA AZUL / NO MEIO DOS MANGUEIRAIS / AO LADO ESTACIONAMENTO.

LOCALIZAÇÃO CORRETA: S15º 51' 37.0"" W47º 57' 29.9""","ATRAS DA CASA AZUL / NO MEIO DOS MANGUEIRAIS / AO LADO ESTACIONAMENTO.

LOCALIZAÇÃO CORRETA: S15º 51' 37.0"" W47º 57' 29.9""",-15.860874,-47.958857,true,"Operante","FALTA CABEÇOTE DA HASTE DO REGISTRO (LUVA)","","01/07/2026 11:26:00","01/07/2026 11:26:00","","100mm",""
"hid_1346","2501","CAN00007","2501","CANDANGOLANDIA","MUSEU VIVO DA HISTÓRIA CANDANGA - PRÉDIO DE EXPOSIÇÃO - CANDANGOLÂNDIA - DF","HIDRANTE AOS FUNDOS DA CASA AMARELA / FUNDOS DO PREDIO DE EXPOSIÇÕES.","HIDRANTE AOS FUNDOS DA CASA AMARELA / FUNDOS DO PREDIO DE EXPOSIÇÕES.",-15.859517,-47.959864,true,"Operante","","","01/07/2026 11:22:00","01/07/2026 11:22:00","","100mm",""
"hid_1347","2503","CAN00009","2503","CANDANGOLANDIA","QOF CONJUNTO G LOTE 1 - CANDANGOLÂNDIA - DF","EM FRENTE AO CONJUNTO G / EM FRENTE A SINTERC-DF/GO","EM FRENTE AO CONJUNTO G / EM FRENTE A SINTERC-DF/GO",-15.855818,-47.952332,true,"Operante","","","01/07/2026 10:02:00","01/07/2026 10:02:00","","100mm",""
"hid_1348","2504","CAN00010","2504","CANDANGOLANDIA","MUSEU VIVO DA HISTÓRIA CANDANGA - AO LADO DA ADMINISTRAÇÃO - CANDANGOLÂNDIA - DF","AO LADO DA ANTIGA ADMINISTRAÇÃO.","AO LADO DA ANTIGA ADMINISTRAÇÃO.",-15.859528,-47.957885,true,"Operante","","","01/07/2026 11:16:00","01/07/2026 11:16:00","","100mm",""
"hid_1349","2505","CAN00011","2505","CANDANGOLANDIA","QOF CONJUNTO A LOTE 12 - CANDANGOLÂNDIA - DF","EM FRENTE AO CONJUNTO A LOTE 11 / EM RENTE A FENATRAL","EM FRENTE AO CONJUNTO A LOTE 11 / EM RENTE A FENATRAL",-15.856783,-47.95397,true,"Operante","","","01/07/2026 10:15:00","01/07/2026 10:15:00","","100mm",""
"hid_1350","2506","CAN00012","2506","CANDANGOLANDIA","QOF RUA DOS TRANSPORTES - EM FRENTE A BIBLIOTECA PÚBLICA - CANDANGOLÂNDIA - DF","QOF Em frente a biblioteca pública e o BRB","QOF Em frente a biblioteca pública e o BRB",-15.854797,-47.95082,true,"Operante","","","01/07/2026 10:01:00","01/07/2026 10:01:00","","100mm",""
"hid_1351","2507","CAN00013","2507","CANDANGOLANDIA","QRO A CONJUNTO G CASA 19 - CANDANGOLÂNDIA - DF","AO LADO DA ESCOLA JULIA KUBITSCHEK / EM FRENTE A CASA 19.","AO LADO DA ESCOLA JULIA KUBITSCHEK / EM FRENTE A CASA 19.",-15.853207,-47.945815,true,"Operante","","","01/07/2026 09:43:00","01/07/2026 09:43:00","","100mm",""
"hid_1352","2509","CAN00014","2509","CANDANGOLANDIA","RUA DOS TRANSPORTES - AREA ESPECIAL 1 - CANDANGOLÂNDIA - DF","EM FRENTE A ADMINISTRAÇÃO DA CANDANGOLÂNDIA.","EM FRENTE A ADMINISTRAÇÃO DA CANDANGOLÂNDIA.",-15.853955,-47.94943,false,"Inoperante","FALTA CABEÇOTE DA HASTE DO REGISTRO (LUVA); REGISTRO COM VAZAMENTO","","01/07/2026 09:55:00","01/07/2026 09:55:00","","100mm",""
"hid_1353","2512","CAN00015","2512","CANDANGOLANDIA","QR 1 - CONJUNTO G - LOTE 1 - CANDANGOLÂNDIA - DF","EM FRENTE AO LOTE 1.","EM FRENTE AO LOTE 1.",-15.855028,-47.954528,false,"Inoperante","FALTA CABEÇOTE DA HASTE DO REGISTRO (LUVA); REGISTRO NÃO FUNCIONA","","01/07/2026 10:26:00","01/07/2026 10:26:00","","100mm",""
"hid_1354","2513","CAN00016","2513","CANDANGOLANDIA","QR 1A CONJUNTO Y, 2 - CANDANGOLÂNDIA - DF","Em frente ao Centro Comunitario Cantinho de Você","Em frente ao Centro Comunitario Cantinho de Você",-15.856472,-47.950194,true,"Operante","","","01/07/2026 09:36:00","01/07/2026 09:36:00","","100mm",""
"hid_1355","2514","CAN00017","2514","CANDANGOLANDIA","QR 2 CONJUNTO A LOTE 72 - CANDANGOLÂNDIA - DF","ENTRADA DO CONJUNTO A / AO LADO DO LOTE 72.","ENTRADA DO CONJUNTO A / AO LADO DO LOTE 72.",-15.85075,-47.949917,true,"Operante","FALTA CABEÇOTE DA HASTE DO REGISTRO (LUVA)","","02/07/2026 10:59:00","02/07/2026 10:59:00","","100mm",""
"hid_1356","2515","CAN00018","2515","CANDANGOLANDIA","QR 2 CONJUNTO G - CANDANGOLÂNDIA - DF","Entrada do Conjunto G","Entrada do Conjunto G",-15.852361,-47.949333,true,"Operante","","","02/07/2026 10:59:00","02/07/2026 10:59:00","","100mm",""
"hid_1357","2516","CAN00019","2516","CANDANGOLANDIA","QR 2 EC 06 - CANDANGOLÂNDIA - DF","INICIO DA VIA ISRAEL PINHEIRO / EM FRENTE A IGREJA - LOCAL DE PREGAÇÃO.

LOCALIZAÇÃO CORRETA: S15º 51' 12.0"" W47º 57' 02.6""","INICIO DA VIA ISRAEL PINHEIRO / EM FRENTE A IGREJA - LOCAL DE PREGAÇÃO.

LOCALIZAÇÃO CORRETA: S15º 51' 12.0"" W47º 57' 02.6""",-15.853417,-47.950694,false,"Inoperante","FALTA CABEÇOTE DA HASTE DO REGISTRO (LUVA)","","02/07/2026 10:47:00","02/07/2026 10:47:00","","100mm",""
"hid_1358","2517","CAN00020","2517","CANDANGOLANDIA","QR 3 - CANDANGOLÂNDIA - DF","Em frente à Escola Zoobotânica","Em frente à Escola Zoobotânica",-15.8515,-47.951556,true,"Operante","FALTA CABEÇOTE DA HASTE DO REGISTRO (LUVA)","","02/07/2026 10:47:00","02/07/2026 10:47:00","","100mm",""
"hid_1359","2518","CAN00021","2518","CANDANGOLANDIA","QR 3 CONJUNTO D - CANDANGOLÂNDIA - DF","Esquina conjunto D","Esquina conjunto D",-15.851778,-47.953167,true,"Operante","","","02/07/2026 10:48:00","02/07/2026 10:48:00","","100mm",""
"hid_1360","2519","CAN00022","2519","CANDANGOLANDIA","QR 2/7 CONJUNTO A - CANDANGOLÂNDIA - DF","Em frente ao Centro de Ensino fundamental 01","Em frente ao Centro de Ensino fundamental 01",-15.849667,-47.950167,true,"Operante","","","02/07/2026 11:21:00","02/07/2026 11:21:00","","100mm",""
"hid_1361","2520","NBA00001","2520","NUCLEO BANDEIRANTE","AVENIDA CENTRAL BLOCO 925 - NÚCLEO BANDEIRANTE - DF","ESQUINA DA CASA 11.","ESQUINA DA CASA 11.",-15.870012,-47.96955,true,"Operante","","","07/07/2026 11:25:00","07/07/2026 11:25:00","","100mm",""
"hid_1362","2521","NBA00002","2521","NUCLEO BANDEIRANTE","2ª AVENIDA BLOCO 525 A LOTE 3 - NÚCLEO BANDEIRANTE - DF","EM FRENTE A LOJA SANKELLEN.","EM FRENTE A LOJA SANKELLEN.",-15.867955,-47.965546,true,"Operante","","","07/07/2026 10:32:00","07/07/2026 10:32:00","","100mm",""
"hid_1363","2522","NBA00003","2522","NUCLEO BANDEIRANTE","2ª AVENIDA COMERCIO LOTE 227 - NÚCLEO BANDEIRANTE - DF","AO LADO DO POSTO DE COMBUSTIVEIS SHELL.

LOCALIZAÇÃO CORRETA: S15º 52' 01.1"" W47º 57' 46.6","AO LADO DO POSTO DE COMBUSTIVEIS SHELL.

LOCALIZAÇÃO CORRETA: S15º 52' 01.1"" W47º 57' 46.6",-15.866611,-47.962923,true,"Operante","","","07/07/2026 10:49:00","07/07/2026 10:49:00","","100mm",""
"hid_1364","2528","SOB00035","2528","SOBRADINHO","QUADRA 07CONJ. A/B AO LADO DO EDIFÍCIO ANTÔNIO REZENDE","ESQUINA DO EDIFÍCIO ANTÔNIO REZENDE.","ESQUINA DO EDIFÍCIO ANTÔNIO REZENDE.",-15.647225,-47.80454,true,"Operante","","","11/07/2025 10:41:00","11/07/2025 10:41:00","","100mm",""
"hid_1365","2529","SO200006","2529","SOBRADINHO II","AR 07 CONJ. ""1 A"" CASA 01 SOBRADINHO II","ESQUINA IGREJA BATISTA","ESQUINA IGREJA BATISTA",-15.638333,-47.822186,true,"Operante","","","01/04/2025 13:45:00","01/04/2025 13:45:00","","100mm",""
"hid_1366","2530","CAN00023","2530","CANDANGOLANDIA","QR 4 CONJUNTO E LOTE 1- CANDANGOLÂNDIA - DF","EM FRENTE AO LOTE 1 / PIZZARIA AURELIO.","EM FRENTE AO LOTE 1 / PIZZARIA AURELIO.",-15.848194,-47.948167,true,"Operante","","","02/07/2026 11:20:00","02/07/2026 11:20:00","","100mm",""
"hid_1367","2531","SO200007","2531","SOBRADINHO II","AR 07 CONJ. 07 CASA 17 SOBRADINHO II","EM FRENTE AO MURO DO CEMITÉRIO","EM FRENTE AO MURO DO CEMITÉRIO",-15.638042,-47.824101,true,"Operante","","","01/04/2025 14:15:00","01/04/2025 14:15:00","","100mm",""
"hid_1368","2532","CAN00024","2532","CANDANGOLANDIA","QR 4 CONJUNTO E - CANDANGOLÂNDIA - DF","Conjunto E","Conjunto E",-15.849417,-47.946611,true,"Operante","","","02/07/2026 11:20:00","02/07/2026 11:20:00","","100mm",""
"hid_1369","2534","CAN00025","2534","CANDANGOLANDIA","QR 5 CONJUNTO E - CANDANGOLÂNDIA - DF","ENTRADA DO CONJUNTO E.LOCALIZAÇÃO","ENTRADA DO CONJUNTO E.LOCALIZAÇÃO",-15.848053,-47.952221,true,"Operante","FALTA CABEÇOTE DA HASTE DO REGISTRO (LUVA)","","02/07/2026 11:37:00","02/07/2026 11:37:00","","100mm",""
"hid_1370","2535","CAN00026","2535","CANDANGOLANDIA","QR0 A NO 19º GBM - CANDANGOLÂNDIA - DF","AOS FUNDOS DO 19º GBM.

LOCALIZAÇÃO CORRETA: S15º 51' 59.6"" W47º 56' 59.2""","AOS FUNDOS DO 19º GBM.

LOCALIZAÇÃO CORRETA: S15º 51' 59.6"" W47º 56' 59.2""",-15.854921,-47.949791,true,"Operante","","","01/07/2026 09:38:00","01/07/2026 09:38:00","","100mm",""
"hid_1371","2552","NBA00004","2552","NUCLEO BANDEIRANTE","AVENIDA CENTRAL 1190 - NÚCLEO BANDEIRANTE - DF","PROXIMO AO BALÃO / EM FRENTE A PRIME CASA E FESTA.","PROXIMO AO BALÃO / EM FRENTE A PRIME CASA E FESTA.",-15.872525,-47.972563,true,"Operante","","","07/07/2026 11:25:00","07/07/2026 11:25:00","","100mm",""
"hid_1372","2553","NBA00005","2553","NUCLEO BANDEIRANTE","AVENIDA CENTRAL 510 - NÚCLEO BANDEIRANTE - DF","EM FRENTE AO BRADESCO.

LOCALIZAÇÃO CORRETA: S15º 52' 07.5"" W47º 57' 53.8""","EM FRENTE AO BRADESCO.

LOCALIZAÇÃO CORRETA: S15º 52' 07.5"" W47º 57' 53.8""",-15.86878,-47.964964,false,"Inoperante","REGISTRO SOTERRADO","","07/07/2026 11:34:00","07/07/2026 11:34:00","","100mm",""
"hid_1373","2554","NBA00006","2554","NUCLEO BANDEIRANTE","2ª AVENIDA BLOCO 1500 - NÚCLEO BANDEIRANTE - DF","EM FRENTE A CASA 9 / NOS FUNDOS DA ESCOLA CLASSE 5.","EM FRENTE A CASA 9 / NOS FUNDOS DA ESCOLA CLASSE 5.",-15.872677,-47.976563,true,"Operante","","","07/07/2026 10:48:00","07/07/2026 10:48:00","","100mm",""
"hid_1374","2555","NBA00007","2555","NUCLEO BANDEIRANTE","2ª AVENIDA BLOCO 1060 - NÚCLEO BANDEIRANTE - DF","EM FRENTE A CASA 9 / NOS FUNDOS DA ESCOLA CLASSE 2/CEINB","EM FRENTE A CASA 9 / NOS FUNDOS DA ESCOLA CLASSE 2/CEINB",-15.870149,-47.971577,true,"Operante","","","07/07/2026 10:48:00","07/07/2026 10:48:00","","100mm",""
"hid_1375","2558","NBA00008","2558","NUCLEO BANDEIRANTE","2ª AVENIDA BLOCO 720 - NÚCLEO BANDEIRANTE - DF","EM FRENTE AO COLEGIO LA SALLE.

LOCALIZAÇÃO CORRETA: S15º 52' 08.6"" W47º 58' 04.2""","EM FRENTE AO COLEGIO LA SALLE.

LOCALIZAÇÃO CORRETA: S15º 52' 08.6"" W47º 58' 04.2""",-15.869056,-47.967967,true,"Operante","","","07/07/2026 09:50:00","07/07/2026 09:50:00","","100mm",""
"hid_1376","2560","NBA00009","2560","NUCLEO BANDEIRANTE","2ª AVENIDA BLOCO 780 - NÚCLEO BANDEIRANTE - DF","AO LADO DA CASA 9 / NA TRAVESSA DOM BOSCO.

LOCALIZAÇÃO CORRETA: S15º 52' 06.9"" W47º 58' 06.6""","AO LADO DA CASA 9 / NA TRAVESSA DOM BOSCO.

LOCALIZAÇÃO CORRETA: S15º 52' 06.9"" W47º 58' 06.6""",-15.868689,-47.968561,true,"Operante","","","07/07/2026 09:47:00","07/07/2026 09:47:00","","100mm",""
"hid_1377","2561","NBA00010","2561","NUCLEO BANDEIRANTE","AVENIDA CENTRAL 985 - NÚCLEO BANDEIRANTE - DF","NO CANTEIRO CENTRAL / EM FRENTE A CASA 1.

LOCALIZAÇÃO CORRETA: S15º 52' 16.2"" W47º 58' 12.2""","NO CANTEIRO CENTRAL / EM FRENTE A CASA 1.

LOCALIZAÇÃO CORRETA: S15º 52' 16.2"" W47º 58' 12.2""",-15.870881,-47.969697,true,"Operante","","","07/07/2026 11:34:00","07/07/2026 11:34:00","","100mm",""
"hid_1378","2564","TAG00180","2564","TAGUATINGA","Qs 3 Rua 420, Lote 11 - Taguatinga, Brasília - DF, Brasil","Em frente ao Shopping popular de Taguatinga","Em frente ao Shopping popular de Taguatinga",-15.845278,-48.043056,true,"Operante","","","21/03/2025 10:00:00","21/03/2025 10:00:00","","100mm",""
"hid_1379","2566","NBA00011","2566","NUCLEO BANDEIRANTE","AVENIDA CONTORNO 405 - NÚCLEO BANDEIRANTE - DF","DENTRO DO 6º GBM / ATRAS DO QUARTEL.

LOCALIZAÇÃO CORRETA: S15º 52' 08.8"" W47º 57' 44.7""","DENTRO DO 6º GBM / ATRAS DO QUARTEL.

LOCALIZAÇÃO CORRETA: S15º 52' 08.8"" W47º 57' 44.7""",-15.869031,-47.962481,true,"Operante","","","09/07/2026 10:07:00","09/07/2026 10:07:00","","100mm",""
"hid_1380","2568","NBA00012","2568","NUCLEO BANDEIRANTE","Vila Nova Divinéia Conjunto 1945, 24 - - NÚCLEO BANDEIRANTE - DF","Em frente a casa 22","Em frente a casa 22",-15.878189,-47.978367,true,"Operante","","","09/07/2026 10:36:00","09/07/2026 10:36:00","","100mm",""
"hid_1381","2569","NBA00013","2569","NUCLEO BANDEIRANTE","3ª AVENIDA AREA ESPECIAL 02 - NÚCLEO BANDEIRANTE - DF","EM FRENTE AO 6º GBM.

LOCALIZAÇÃO CORRETA: S15º 52' 06.5"" W47º 57' 44.6""","EM FRENTE AO 6º GBM.

LOCALIZAÇÃO CORRETA: S15º 52' 06.5"" W47º 57' 44.6""",-15.868531,-47.962461,true,"Operante","","","09/07/2026 10:06:00","09/07/2026 10:06:00","","100mm",""
"hid_1382","2570","NBA00014","2570","NUCLEO BANDEIRANTE","3ª AVENIDA 97 - NÚCLEO BANDEIRANTE - DF","EM FRENTE A 1ª IGREJA BATISTA DE BRASILIA - PIBB","EM FRENTE A 1ª IGREJA BATISTA DE BRASILIA - PIBB",-15.869522,-47.964675,true,"Operante","","","09/07/2026 10:10:00","09/07/2026 10:10:00","","100mm",""
"hid_1383","2571","NBA00015","2571","NUCLEO BANDEIRANTE","PRAÇA CENTRAL 3ª AVENIDA - NÚCLEO BANDEIRANTE - DF","AO LADO DA UNIDADE BASICA DE SAUDE Nº 1 / AO LADO EXECUTIVE PLAZA HOTEL.","AO LADO DA UNIDADE BASICA DE SAUDE Nº 1 / AO LADO EXECUTIVE PLAZA HOTEL.",-15.870478,-47.966108,true,"Operante","","","09/07/2026 10:30:00","09/07/2026 10:30:00","","100mm",""
"hid_1384","2572","NBA00016","2572","NUCLEO BANDEIRANTE","3ª AVENIDA BLOCO 870 - NÚCLEO BANDEIRANTE - DF","AO LADO DO MERCADÃO DO NUCLEO BANDEIRANTE / EM FRENTE A CASA 1.

LOCALIZAÇÃO CORRETA: S15º 52'16.1"" W47º 58' 05.4""","AO LADO DO MERCADÃO DO NUCLEO BANDEIRANTE / EM FRENTE A CASA 1.

LOCALIZAÇÃO CORRETA: S15º 52'16.1"" W47º 58' 05.4""",-15.871142,-47.968258,true,"Operante","","","09/07/2026 10:16:00","09/07/2026 10:16:00","","100mm",""
"hid_1385","2573","NBA00017","2573","NUCLEO BANDEIRANTE","3ª AVENIDA AREA ESPECIAL 5 - NÚCLEO BANDEIRANTE - DF","AO LADO DA IGREJA ASSEMBLEIA DE DEUS. 

LOCALIZAÇÃO CORRETA: S15º 52' 24.5"" W47º 58' 19.1""","AO LADO DA IGREJA ASSEMBLEIA DE DEUS. 

LOCALIZAÇÃO CORRETA: S15º 52' 24.5"" W47º 58' 19.1""",-15.873383,-47.971992,true,"Operante","","","09/07/2026 10:32:00","09/07/2026 10:32:00","","100mm",""
"hid_1386","2576","NBA00018","2576","NUCLEO BANDEIRANTE","AVENIDA CENTRAL 1640 - NÚCLEO BANDEIRANTE - DF","EM FRENTE A CASA 11.","EM FRENTE A CASA 11.",-15.875222,-47.977625,true,"Operante","","","07/07/2026 11:17:00","07/07/2026 11:17:00","","100mm",""
"hid_1387","2577","NBA00019","2577","NUCLEO BANDEIRANTE","AVENIDA CENTRAL 1420 - NÚCLEO BANDEIRANTE - DF","EM FRENTE AO EDIFICIO GOYA / NO CANTEIRO CENTRAL.","EM FRENTE AO EDIFICIO GOYA / NO CANTEIRO CENTRAL.",-15.873203,-47.974347,true,"Operante","","","07/07/2026 11:17:00","07/07/2026 11:17:00","","100mm",""
"hid_1388","2589","SEB00016","2589","SAO SEBASTIAO","Rua da Gameleira casa 741, Bairro Centro","Rua da Gameleira, próximo a rua da Ponte. A esquerda sentido Bairro João Cândido","Rua da Gameleira, próximo a rua da Ponte. A esquerda sentido Bairro João Cândido",-15.901389,-47.766667,true,"Operante","","","26/09/2025 10:00:00","26/09/2025 10:00:00","","100mm",""
"hid_1389","2591","NBA00020","2591","NUCLEO BANDEIRANTE","AVENIDA CONTORNO BLOCO 2005 CASA 1 - NÚCLEO BANDEIRANTE-DF","NA LATERAL DIREITA DA CASA 1 / PRÓXIMO AO BALÃO.","NA LATERAL DIREITA DA CASA 1 / PRÓXIMO AO BALÃO.",-15.874475,-47.971481,true,"Operante","","","09/07/2026 10:19:00","09/07/2026 10:19:00","","100mm",""
"hid_1390","2592","NBA00021","2592","NUCLEO BANDEIRANTE","SPMS - SETOR DE POSTOS E MOTEIS CONJUNTO N LOTE 175 - NÚCLEO BANDEIRANTE - DF","EM FRENTE AO MOTEL BLISS (ANTIGO MOTEL MON CHERRY).","EM FRENTE AO MOTEL BLISS (ANTIGO MOTEL MON CHERRY).",-15.871167,-47.975911,true,"Operante","","","07/07/2026 09:36:00","07/07/2026 09:36:00","","100mm",""
"hid_1391","2593","NBA00022","2593","NUCLEO BANDEIRANTE","SPMS - SETOR DE POSTOS E MOTEIS QUADRA 3 - NÚCLEO BANDEIRANTE - DF","ATRAS DO POSTO DE COMBUSTIVEIS BR.","ATRAS DO POSTO DE COMBUSTIVEIS BR.",-15.870356,-47.974244,false,"Inoperante","FALTA CABEÇOTE DA HASTE DO REGISTRO (LUVA)","","07/07/2026 09:28:00","07/07/2026 09:28:00","","100mm",""
"hid_1392","2594","NBA00023","2594","NUCLEO BANDEIRANTE","3ª Avenida Área Especial 12 - NÚCLEO BANDEIRANTE - DF","Em frente ao Edíficio Fernão","Em frente ao Edíficio Fernão",-15.867133,-47.960542,true,"Operante","","","07/07/2026 11:40:00","07/07/2026 11:40:00","","100mm",""
"hid_1393","2595","NBA00024","2595","NUCLEO BANDEIRANTE","AVENIDA CONTORNO / AREA ESPECIAL 13 LOTE Q1 - NÚCLEO BANDEIRANTE-DF","EM FRENTE AO LOTE Q1 / MATRIX AUTO CENTRO / PROXIMO AO FORUM.","EM FRENTE AO LOTE Q1 / MATRIX AUTO CENTRO / PROXIMO AO FORUM.",-15.871486,-47.964233,true,"Operante","","","09/07/2026 10:26:00","09/07/2026 10:26:00","","100mm",""
"hid_1394","2597","BSB00800","2597","BRASILIA","SQNW 100 NOROESTE","NOS FUNDOS DO ALBERGUE DA JUVENTUDE DE BSB/ÁREA VERDE","NOS FUNDOS DO ALBERGUE DA JUVENTUDE DE BSB/ÁREA VERDE",-15.769583,-47.908833,true,"Operante","","","19/01/2026 15:33:00","19/01/2026 15:33:00","","100mm",""
"hid_1395","2598","BSB00801","2598","BRASILIA","SQNW 103 / ÁREA VERDE NOROESTE","EM FRENTE AO BLOCO 'A' DA QUDRA 102","EM FRENTE AO BLOCO 'A' DA QUDRA 102",-15.765056,-47.908361,true,"Operante","","","19/08/2025 09:30:00","19/08/2025 09:30:00","","100mm",""
"hid_1396","2599","BSB00802","2599","BRASILIA","SQNW 104 NOROESTE","ENTRE AS QUADRAS 104/304 ÁREA VERDE","ENTRE AS QUADRAS 104/304 ÁREA VERDE",-15.760722,-47.909,true,"Operante","","","14/01/2025 09:10:00","14/01/2025 09:10:00","","100mm",""
"hid_1397","2600","BSB00803","2600","BRASILIA","SQNW 108 BLOCO 'G' NOROESTE","ATRÁS DO BLOCO 'G'","ATRÁS DO BLOCO 'G'",-15.750528,-47.911028,true,"Operante","","","19/01/2026 15:33:00","19/01/2026 15:33:00","","100mm",""
"hid_1398","2601","BSB00804","2601","BRASILIA","SQNW 307 BLOCO 'C' NOROESTE","EM FRENTE AO LADO DIREITO DO BLOCO 'C'","EM FRENTE AO LADO DIREITO DO BLOCO 'C'",-15.752944,-47.913361,true,"Operante","","","26/05/2025 11:30:00","26/05/2025 11:30:00","","100mm",""
"hid_1399","2602","BSB00805","2602","BRASILIA","SQNW 503/COMÉRCIO REGIONAL NOROESTE","QUADRA 503/ÁREA VERDE","QUADRA 503/ÁREA VERDE",-15.76625,-47.912889,true,"Operante","","","19/08/2025 09:00:00","19/08/2025 09:00:00","","100mm",""
"hid_1400","2603","BSB00806","2603","BRASILIA","SQNW 504 NOROESTE","ÁREA VERDE DA QUADRA 504","ÁREA VERDE DA QUADRA 504",-15.761889,-47.913083,true,"Operante","","","19/08/2025 08:30:00","19/08/2025 08:30:00","","100mm",""
"hid_1401","2604","BSB00807","2604","BRASILIA","SQNW 510 BLOCO 'C' NOROESTE","LATERAL DIREITA AO BLOCO 'C'","LATERAL DIREITA AO BLOCO 'C'",-15.743722,-47.914833,true,"Operante","","","11/08/2025 08:00:00","11/08/2025 08:00:00","","100mm",""
"hid_1402","2609","NBA00025","2609","NUCLEO BANDEIRANTE","METROPOLITANA RUA 1 CASA 20 - NÚCLEO BANDEIRANTE - DF","EM FRENTE A PANIFICADORA TORTELETTI.","EM FRENTE A PANIFICADORA TORTELETTI.",-15.880897,-47.974622,true,"Operante","","","09/07/2026 10:53:00","09/07/2026 10:53:00","","100mm",""
"hid_1403","2610","NBA00026","2610","NUCLEO BANDEIRANTE","METROPOLITANA RUA BOA VISTA CASA 22 - NÚCLEO BANDEIRANTE - DF","EM FRENTE A CASA 22 / PROXIMO A CAPELA NOSSA SENHORA APARECIDA-PRAÇA S/N / EM FRENTE AO BALÃO / ANTIGA BICA D'ÁGUA DA METROPOLITANA.","EM FRENTE A CASA 22 / PROXIMO A CAPELA NOSSA SENHORA APARECIDA-PRAÇA S/N / EM FRENTE AO BALÃO / ANTIGA BICA D'ÁGUA DA METROPOLITANA.",-15.882583,-47.973881,true,"Operante","","","09/07/2026 13:59:00","09/07/2026 13:59:00","","100mm",""
"hid_1404","2611","NBA00027","2611","NUCLEO BANDEIRANTE","METROPOLITANA RUA 3 CASA 68 - NÚCLEO BANDEIRANTE - DF","EM FRENTE AO ESTADIO VASCO VIANA DE ANDRADE / PROXIMO A CASA 68.","EM FRENTE AO ESTADIO VASCO VIANA DE ANDRADE / PROXIMO A CASA 68.",-15.882381,-47.9756,true,"Operante","","","09/07/2026 13:59:00","09/07/2026 13:59:00","","100mm",""
"hid_1405","2612","NBA00028","2612","NUCLEO BANDEIRANTE","METROPOLITANA - RUA 3 CASA 30 - NÚCLEO BANDEIRANTE - DF","AOS FUNDOS DO ESTÁDIO VASCO VIANA DE ANDRADE / EM FRENTE A CASA 30.","AOS FUNDOS DO ESTÁDIO VASCO VIANA DE ANDRADE / EM FRENTE A CASA 30.",-15.880758,-47.976478,true,"Operante","","","09/07/2026 10:42:00","09/07/2026 10:42:00","","100mm",""
"hid_1406","2615","FER00001","2615","FERCAL","ROD.DF 205 LESTE ENTRONCAMENTO COM A DF326 .","APÓS A PARADA DE ÔNIBUS SENTIDO A FABRICA DE CIMENTO CIPLAN.","APÓS A PARADA DE ÔNIBUS SENTIDO A FABRICA DE CIMENTO CIPLAN.",-15.578515,-47.853231,true,"Operante","TAMPA DE CONCRETO QUEBRADA OU REMOVIDA","","22/07/2024 14:59:00","22/07/2024 14:59:00","","100mm",""
"hid_1407","2616","SO200008","2616","SOBRADINHO II","AR 08 CONJ. 03 CASA 46 SOBRADINHO II","PRÓX. A IGREJA","PRÓX. A IGREJA",-15.644001,-47.827166,true,"Operante","","","14/01/2026 15:18:00","14/01/2026 15:18:00","","100mm",""
"hid_1408","2617","SO200009","2617","SOBRADINHO II","AR 11 CONJ. 06 CASA 24 SOBRADINHO II.","EM FRENTE A ADMINISTRAÇÃO DE SOBRADINHO II","EM FRENTE A ADMINISTRAÇÃO DE SOBRADINHO II",-15.641363,-47.821982,true,"Operante","","","01/04/2025 15:00:00","01/04/2025 15:00:00","","100mm",""
"hid_1409","2618","SO200010","2618","SOBRADINHO II","AR 09 CONJ. 01 ESTACIONAMENTO DA FEIRA PERMANENTE DE SOBRADINHO II","EM FRENTE AO COMÉRCIO (ÁREA VERDE)","EM FRENTE AO COMÉRCIO (ÁREA VERDE)",-15.640099,-47.825606,true,"Operante","","","14/01/2026 16:07:00","14/01/2026 16:07:00","","100mm",""
"hid_1410","2621","RF200001","2621","RIACHO FUNDO II","QN 14A CONJUNTO 2 LOTE 1 - RIACHO FUNDO II - DF","EM FRENTE A AGROPECUÁRIA JAVALI","EM FRENTE A AGROPECUÁRIA JAVALI",-15.898667,-48.050806,true,"Operante","","","07/05/2026 09:19:00","07/05/2026 09:19:00","","100mm",""
"hid_1411","2623","RF200002","2623","RIACHO FUNDO II","QN 14B CONJUNTO 1 CASA 18 - RIACHO FUNDO II - DF","EM FRENTE A CASA 18","EM FRENTE A CASA 18",-15.897028,-48.049778,true,"Operante","","","07/05/2026 10:47:00","07/05/2026 10:47:00","","100mm",""
"hid_1412","2624","RF200003","2624","RIACHO FUNDO II","QN 14B CONJUNTO 5 LOTE 18 - RIACHO FUNDO II - DF","EM FRENTE AO SACOLÃO DO BAIANO/PRÓX. DA PARÓQUIA N.S. DA MEDALHA MILAGROSA","EM FRENTE AO SACOLÃO DO BAIANO/PRÓX. DA PARÓQUIA N.S. DA MEDALHA MILAGROSA",-15.897806,-48.047833,true,"Operante","","","06/05/2026 11:01:00","06/05/2026 11:01:00","","100mm",""
"hid_1413","2626","RF200004","2626","RIACHO FUNDO II","QN 14C CONJUNTO 7 CASA 17 - RIACHO FUNDO II - DF","EM FRENTE A CASA 17","EM FRENTE A CASA 17",-15.89275,-48.051833,true,"Operante","","","07/05/2026 10:50:00","07/05/2026 10:50:00","","100mm",""
"hid_1414","2628","RF200005","2628","RIACHO FUNDO II","QN 14D CONJUNTO 4 CASA 37 - RIACHO FUNDO II - DF","EM FRENTE AO LOTE 37 DA PANIFICADORA (COMÉRCIO)","EM FRENTE AO LOTE 37 DA PANIFICADORA (COMÉRCIO)",-15.896333,-48.047972,true,"Operante","","","07/05/2026 09:23:00","07/05/2026 09:23:00","","100mm",""
"hid_1415","2629","RF200006","2629","RIACHO FUNDO II","QN 14E CONJUNTO 10 LOTE 18 - RIACHO FUNDO II - DF","LATERAL ESQUERDA DA CASA18","LATERAL ESQUERDA DA CASA18",-15.890472,-48.053861,true,"Operante","","","07/05/2026 09:45:00","07/05/2026 09:45:00","","100mm",""
"hid_1416","2630","RF200007","2630","RIACHO FUNDO II","QN 14F CONJUNTO 5 LOTE 01 - RIACHO FUNDO II - DF","LATERAL ESQUERDA DO LOTE 01","LATERAL ESQUERDA DO LOTE 01",-15.892972,-48.050972,true,"Operante","","","07/05/2026 10:49:00","07/05/2026 10:49:00","","100mm",""
"hid_1417","2631","RF200008","2631","RIACHO FUNDO II","QN 15A CONJUNTO 2 LOTE 12 - RIACHO FUNDO II - DF","PRÓXIMO AO EDUCANDÁRIO DE MARIA/WIZARD","PRÓXIMO AO EDUCANDÁRIO DE MARIA/WIZARD",-15.897194,-48.045833,true,"Operante","","","06/05/2026 11:09:00","06/05/2026 11:09:00","","100mm",""
"hid_1418","2632","RF200009","2632","RIACHO FUNDO II","QN 15B CONJUNTO 1 CASA 15 - RIACHO FUNDO II - DF","LADO ESQUERDO DA CASA 15","LADO ESQUERDO DA CASA 15",-15.896194,-48.046,true,"Operante","","","07/05/2026 10:28:00","07/05/2026 10:28:00","","100mm",""
"hid_1419","2633","RF200010","2633","RIACHO FUNDO II","QN 15C CONJUNTO 5 CASA 18 - RIACHO FUNDO II - DF","LADO ESQUERDO DA CASA 18","LADO ESQUERDO DA CASA 18",-15.893333,-48.047,true,"Operante","","","07/05/2026 10:25:00","07/05/2026 10:25:00","","100mm",""
"hid_1420","2634","RF200011","2634","RIACHO FUNDO II","QN 15D CONJUNTO 3 CASA 12 - RIACHO FUNDO II - DF","LATERAL DIREITA DA CASA 12","LATERAL DIREITA DA CASA 12",-15.895222,-48.044972,true,"Operante","","","07/05/2026 10:44:00","07/05/2026 10:44:00","","100mm",""
"hid_1421","2635","RF200012","2635","RIACHO FUNDO II","QN 12B CONJUNTO 2 CASA 22 - RIACHO FUNDO II - DF","ÁREA VERDE/FUNDOS DA CASA 19/PRÓXIMO A PISTA

LOCALIZAÇÃO CORRETA: S15º 53' 45.7"" W48º 03' 09.5""","ÁREA VERDE/FUNDOS DA CASA 19/PRÓXIMO A PISTA

LOCALIZAÇÃO CORRETA: S15º 53' 45.7"" W48º 03' 09.5""",-15.896083,-48.052667,true,"Operante","","","07/05/2026 09:32:00","07/05/2026 09:32:00","","100mm",""
"hid_1422","2637","RF200013","2637","RIACHO FUNDO II","QN 12B CONJUNTO 9 LOTE 02 - RIACHO FUNDO II - DF","EM FRENTE AO CONDOMÍNIO PARQUE RIACHO 05 BLOCO ""B""/ALAMBRADO","EM FRENTE AO CONDOMÍNIO PARQUE RIACHO 05 BLOCO ""B""/ALAMBRADO",-15.897806,-48.053889,true,"Operante","","","07/05/2026 09:40:00","07/05/2026 09:40:00","","100mm",""
"hid_1423","2638","RF200014","2638","RIACHO FUNDO II","QN 12D CONJUNTO 3 CASA 30 - RIACHO FUNDO II - DF","NA PRACINHA / EM FRENTE A CASA 30","NA PRACINHA / EM FRENTE A CASA 30",-15.892972,-48.055389,true,"Operante","","","07/05/2026 09:43:00","07/05/2026 09:43:00","","100mm",""
"hid_1424","2639","RF200015","2639","RIACHO FUNDO II","QN 12E CONJUNTO 2 CASA 05 - RIACHO FUNDO II - DF","ÁREA VERDE/FUNDOS DA CASA 05/PRÓXIMO A PISTA","ÁREA VERDE/FUNDOS DA CASA 05/PRÓXIMO A PISTA",-15.890111,-48.054417,true,"Operante","","","07/05/2026 09:49:00","07/05/2026 09:49:00","","100mm",""
"hid_1425","2641","RF200016","2641","RIACHO FUNDO II","QN 21 CONJUNTO 2 LOTE 1 A 8 - RIACHO FUNDO II - DF","LATERAL ESQUERDA DO CONDOMÍNIO YPÊ ROXO","LATERAL ESQUERDA DO CONDOMÍNIO YPÊ ROXO",-15.890194,-48.050278,true,"Operante","","","07/05/2026 10:18:00","07/05/2026 10:18:00","","100mm",""
"hid_1426","2642","RF200017","2642","RIACHO FUNDO II","QN 22 CONJUNTO 2 LOTE 1 A 4 - RIACHO FUNDO II - DF","LADO ESQUERDO DO CONDOMÍNIO BURITI 5.","LADO ESQUERDO DO CONDOMÍNIO BURITI 5.",-15.892167,-48.046028,true,"Operante","","","07/05/2026 10:22:00","07/05/2026 10:22:00","","100mm",""
"hid_1427","2643","RF200018","2643","RIACHO FUNDO II","QN 5A CONJUNTO 3 CASA 07 - RIACHO FUNDO II - DF","AO LADO DO LAVAJATO AUTO BRILHO/ FRENTE AO ATACADISTA","AO LADO DO LAVAJATO AUTO BRILHO/ FRENTE AO ATACADISTA",-15.907389,-48.050528,true,"Operante","","","30/04/2026 09:57:00","30/04/2026 09:57:00","","100mm",""
"hid_1428","2644","RF200019","2644","RIACHO FUNDO II","QN 5C CONJUNTO 3 LOJA 23 - RIACHO FUNDO II - DF","AO LADO DA LOJA 23 / AVENIDA COMERCIAL.

LOCALIZAÇÃO CORRETA: S15º 54' 09.6"" W48º 03' 01.2""","AO LADO DA LOJA 23 / AVENIDA COMERCIAL.

LOCALIZAÇÃO CORRETA: S15º 54' 09.6"" W48º 03' 01.2""",-15.90275,-48.050333,true,"Operante","","","06/05/2026 09:16:00","06/05/2026 09:16:00","","100mm",""
"hid_1429","2645","RF200020","2645","RIACHO FUNDO II","QN 7C CONJUNTO 3 CASA 01 - RIACHO FUNDO II - DF","EM FRENTE A CASA 01","EM FRENTE A CASA 01",-15.902722,-48.049083,true,"Operante","","","06/05/2026 09:09:00","06/05/2026 09:09:00","","100mm",""
"hid_1430","2646","RF200021","2646","RIACHO FUNDO II","QN 7C CONJUNTO 8 CASA 12 - RIACHO FUNDO II - DF","LATERAL ESQUERDA DO LOTE 12","LATERAL ESQUERDA DO LOTE 12",-15.904167,-48.047722,true,"Operante","","","06/05/2026 09:07:00","06/05/2026 09:07:00","","100mm",""
"hid_1431","2647","RF200022","2647","RIACHO FUNDO II","QN 7D CONJUNTO 4 CASA 7/8 - RIACHO FUNDO II - DF","VIA DE ACESSO PRINCIPAL COMÉRCIO/EM FRENTE AO SALÃO NOVA LIMA","VIA DE ACESSO PRINCIPAL COMÉRCIO/EM FRENTE AO SALÃO NOVA LIMA",-15.902389,-48.045972,true,"Operante","","","06/05/2026 09:31:00","06/05/2026 09:31:00","","100mm",""
"hid_1432","2648","RF200023","2648","RIACHO FUNDO II","QN 7F CONJUNTO 1 CASA 04 - RIACHO FUNDO II - DF","EM FRENTE A CASA 04","EM FRENTE A CASA 04",-15.899972,-48.048833,true,"Operante","","","30/04/2026 10:35:00","30/04/2026 10:35:00","","100mm",""
"hid_1433","2650","RF200024","2650","RIACHO FUNDO II","QN 7F CONJUNTO 5 CASA 21- RIACHO FUNDO II - DF","LATERAL ESQUERDA DA CASA 21","LATERAL ESQUERDA DA CASA 21",-15.901417,-48.046861,true,"Operante","","","06/05/2026 09:25:00","06/05/2026 09:25:00","","100mm",""
"hid_1434","2651","RF200025","2651","RIACHO FUNDO II","QN 8A CONJUNTO 1 CASA 4A - RIACHO FUNDO II - DF","VIA DE ACESSO PRINCIPAL COMÉRCIO/EM FRENTE AO LOTE 4A","VIA DE ACESSO PRINCIPAL COMÉRCIO/EM FRENTE AO LOTE 4A",-15.903972,-48.045194,true,"Operante","","","06/05/2026 09:37:00","06/05/2026 09:37:00","","100mm",""
"hid_1435","2652","RF200026","2652","RIACHO FUNDO II","QN 8B CONJUNTO 1 CASA 22 - RIACHO FUNDO II - DF","ÁREA VERDE - LATERAL ESQUERDA DA CASA 07","ÁREA VERDE - LATERAL ESQUERDA DA CASA 07",-15.904278,-48.042806,true,"Operante","","","06/05/2026 09:46:00","06/05/2026 09:46:00","","100mm",""
"hid_1436","2653","RF200027","2653","RIACHO FUNDO II","QN 8D CONJUNTO 5 CASA 4 - RIACHO FUNDO II - DF","LATERAL ESQUERDA DA CASA 04","LATERAL ESQUERDA DA CASA 04",-15.9025,-48.042333,true,"Operante","","","06/05/2026 09:54:00","06/05/2026 09:54:00","","100mm",""
"hid_1437","2654","RF200028","2654","RIACHO FUNDO II","QN 8E CONJUNTO 1 CASA 1A - RIACHO FUNDO II - DF","EM FRENTE A DISTRIBUIDORA PINGO DE MINAS/ENXOVAIS GOIAS / EM FRENTE A LOJA 1A","EM FRENTE A DISTRIBUIDORA PINGO DE MINAS/ENXOVAIS GOIAS / EM FRENTE A LOJA 1A",-15.8995,-48.046722,true,"Operante","","","30/04/2026 10:52:00","30/04/2026 10:52:00","","100mm",""
"hid_1438","2655","RF200029","2655","RIACHO FUNDO II","QN 8E CONJUNTO 2 CASA 12A - RIACHO FUNDO II - DF","EM FRENTE CS 12A/FUTURA FEIRA POPULAR PERMANENTE DO RIACHO FUNDO II","EM FRENTE CS 12A/FUTURA FEIRA POPULAR PERMANENTE DO RIACHO FUNDO II",-15.898778,-48.045278,false,"Inoperante","","","30/04/2026 11:00:00","30/04/2026 11:00:00","","100mm",""
"hid_1439","2656","RF200030","2656","RIACHO FUNDO II","QN 8F CONJUNTO 4 CASA 22 - RIACHO FUNDO II - DF","LATERAL ESQUERDA DA CASA 22","LATERAL ESQUERDA DA CASA 22",-15.9,-48.044111,true,"Operante","","","30/04/2026 11:09:00","30/04/2026 11:09:00","","100mm",""
"hid_1440","2657","RF200031","2657","RIACHO FUNDO II","QN 9B CONJUNTO 1 CASA 11 - RIACHO FUNDO II - DF","ÁREA VERDE/FUNDOS DA CASA 11/PRÓXIMO AO ESTACIONAMENTO.","ÁREA VERDE/FUNDOS DA CASA 11/PRÓXIMO AO ESTACIONAMENTO.",-15.899667,-48.05175,true,"Operante","","","07/05/2026 09:13:00","07/05/2026 09:13:00","","100mm",""
"hid_1441","2671","RF200032","2671","RIACHO FUNDO II","QN 32 CONJ. 02 CASA 13 - RIACHO FUNDO II - DF","NA ÁREAVERDE/PRÓXIMO LATERAL ESQUERDA DA CASA13","NA ÁREAVERDE/PRÓXIMO LATERAL ESQUERDA DA CASA13",-15.902611,-48.039556,true,"Operante","","","06/05/2026 10:07:00","06/05/2026 10:07:00","","100mm",""
"hid_1442","2673","RF200033","2673","RIACHO FUNDO II","QN 33 CONJ. 12 CASA 19 - RIACHO FUNDO II - DF","EM FRENTE A CASA 19/FUNDOS COND. VILLA VERDE QN 34 CONJ. 4 LOTES 1 A 4","EM FRENTE A CASA 19/FUNDOS COND. VILLA VERDE QN 34 CONJ. 4 LOTES 1 A 4",-15.901972,-48.035361,true,"Operante","","","12/05/2026 09:18:00","12/05/2026 09:18:00","","100mm",""
"hid_1443","2674","RF200034","2674","RIACHO FUNDO II","QC 01CONJ. 6 CASA 04 - RIACHO FUNDO II - DF","ÁREA VERDE - EM FRENTE A CASA 04","ÁREA VERDE - EM FRENTE A CASA 04",-15.908806,-48.050278,true,"Operante","","","30/04/2026 09:55:00","30/04/2026 09:55:00","","100mm",""
"hid_1444","2675","RF200035","2675","RIACHO FUNDO II","QC 03 CONJUNTO 2 LOTES 1 E 2 - RIACHO FUNDO II - DF","NO ESTACIONAMENTO NA LATERAL DIREITA DO SUPERMERCADO SUPERBOM.","NO ESTACIONAMENTO NA LATERAL DIREITA DO SUPERMERCADO SUPERBOM.",-15.911917,-48.048528,true,"Operante","FALTA CABEÇOTE DA HASTE DO REGISTRO (LUVA)","","30/04/2026 09:33:00","30/04/2026 09:33:00","","100mm",""
"hid_1445","2676","RF200036","2676","RIACHO FUNDO II","QC 03 CONJUNTO 8 LOTE 2 CONDOMÍNIO PARK RIACHO 15 - RIACHO FUNDO II - DF","EM FRENTE AO CONDOMINIO PARK RIACHO 15 / PRÓXIMO A PARADA DE ÔNIBUS.","EM FRENTE AO CONDOMINIO PARK RIACHO 15 / PRÓXIMO A PARADA DE ÔNIBUS.",-15.915306,-48.047528,true,"Operante","FALTA CABEÇOTE DA HASTE DO REGISTRO (LUVA)","","30/04/2026 09:42:00","30/04/2026 09:42:00","","100mm",""
"hid_1446","2679","RF200037","2679","RIACHO FUNDO II","QC 03 CONJUNTO 11 LOTE 1 RESIDENCIAL PARK RIACHO 17 - RIACHO FUNDO II - DF","EM FRENTE AO CONDOMINIO PARK 17/ NA VIA DE ACESSO PRINCIPAL / PRÓXIMO A PARADA DE ÔNIBUS.

LOCALIZAÇÃO CORRETA: S15º 55' 04.0' W48º 02' 48.6""","EM FRENTE AO CONDOMINIO PARK 17/ NA VIA DE ACESSO PRINCIPAL / PRÓXIMO A PARADA DE ÔNIBUS.

LOCALIZAÇÃO CORRETA: S15º 55' 04.0' W48º 02' 48.6""",-15.91775,-48.046833,true,"Operante","FALTA CABEÇOTE DA HASTE DO REGISTRO (LUVA)","","30/04/2026 08:59:00","30/04/2026 08:59:00","","100mm",""
"hid_1447","2680","RF200038","2680","RIACHO FUNDO II","QC 05 CONJ. 3 LOTE 03 RESIDENCIAL RIACHO PARK 19 - RIACHO FUNDO II - DF","NA ÁREA VERDE/VIA DE ACESSO PRINCIPAL/PRÓXIMO A PARADA DE ÔNIBUS","NA ÁREA VERDE/VIA DE ACESSO PRINCIPAL/PRÓXIMO A PARADA DE ÔNIBUS",-15.920806,-48.045861,true,"Operante","FALTA CABEÇOTE DA HASTE DO REGISTRO (LUVA)","","30/04/2026 09:05:00","30/04/2026 09:05:00","","100mm",""
"hid_1448","2682","RF200039","2682","RIACHO FUNDO II","QC 05 CONJ. 6 LOTE 01 RESIDENCIAL RIACHO PARK 20 - RIACHO FUNDO II - DF","NA ÁREA VERDE/VIA DE ACESSO PRINCIPAL/PRÓXIMO A PARADA DE ÔNIBUS","NA ÁREA VERDE/VIA DE ACESSO PRINCIPAL/PRÓXIMO A PARADA DE ÔNIBUS",-15.922806,-48.045278,false,"Inoperante","REGISTRO EMPERRADO","","30/04/2026 09:18:00","30/04/2026 09:18:00","","100mm",""
"hid_1449","2683","RF200040","2683","RIACHO FUNDO II","QC 05 CONJ. 9 LOTE 01 - RIACHO FUNDO II - DF","LATERAL DIREITA DA PANIFICADORA SÃO MIGUEL/PRÓXIMO A PARADA DE ÔNIBUS","LATERAL DIREITA DA PANIFICADORA SÃO MIGUEL/PRÓXIMO A PARADA DE ÔNIBUS",-15.926167,-48.044389,true,"Operante","","","28/04/2026 09:19:00","28/04/2026 09:19:00","","100mm",""
"hid_1450","2684","RF200041","2684","RIACHO FUNDO II","QC 02 CONJ. 4 CASA 14 - RIACHO FUNDO II - DF","EM FRENTE A CASA 14/ALAMBRADO(CERCA) DA EMBRAPA","EM FRENTE A CASA 14/ALAMBRADO(CERCA) DA EMBRAPA",-15.908583,-48.047528,false,"Inoperante","REGISTRO EMPERRADO","","28/04/2026 10:06:00","28/04/2026 10:06:00","","100mm",""
"hid_1451","2685","RF200042","2685","RIACHO FUNDO II","QC 04 CONJ. 6 CASA 01 - RIACHO FUNDO II - DF","EM FRENTE A CASA 01","EM FRENTE A CASA 01",-15.911583,-48.047861,false,"Inoperante","REGISTRO EMPERRADO","","28/04/2026 09:50:00","28/04/2026 09:50:00","","100mm",""
"hid_1452","2690","RF200043","2690","RIACHO FUNDO II","QC 04 CONJ. 08 CASA 17 - RIACHO FUNDO II - DF","LATERAL ESQUERDA DA CASA 17/PRÓXIMO AO ALAMBRADO DA EMBRAPA","LATERAL ESQUERDA DA CASA 17/PRÓXIMO AO ALAMBRADO DA EMBRAPA",-15.912222,-48.0465,false,"Inoperante","REGISTRO SOTERRADO","","28/04/2026 11:05:00","28/04/2026 11:05:00","","100mm",""
"hid_1453","2691","RF200044","2691","RIACHO FUNDO II","QC 04 CONJ. 14 CASA 19 - RIACHO FUNDO II - DF","EM FRENTE A CRAS","EM FRENTE A CRAS",-15.914361,-48.046361,false,"Inoperante","REGISTRO EMPERRADO","","28/04/2026 09:48:00","28/04/2026 09:48:00","","100mm",""
"hid_1454","2692","RF200045","2692","RIACHO FUNDO II","QC 04 CONJ. 19 CASA 05 - RIACHO FUNDO II - DF","LATERAL DIREITA DA ESCOLA CLASSE 01/EM FRENTE A CASA 05.","LATERAL DIREITA DA ESCOLA CLASSE 01/EM FRENTE A CASA 05.",-15.915556,-48.046472,false,"Inoperante","FALTA CABEÇOTE DA HASTE DO REGISTRO (LUVA); REGISTRO EMPERRADO","","28/04/2026 09:40:00","28/04/2026 09:40:00","","100mm",""
"hid_1455","2693","RF200046","2693","RIACHO FUNDO II","QC 6 CONJUNTO 9 CASA 18 - RIACHO FUNDO II - DF","EM FRENTE A CASA 18 / ÁREA VERDE/RENQUES DE PINHEIROS","EM FRENTE A CASA 18 / ÁREA VERDE/RENQUES DE PINHEIROS",-15.920722,-48.043806,false,"Inoperante","REGISTRO EMPERRADO","","28/04/2026 11:11:00","28/04/2026 11:11:00","","100mm",""
"hid_1456","2694","RF200047","2694","RIACHO FUNDO II","QC 06 CONJUNTO 11 CASA 30 - RIACHO FUNDO II - DF","EM FRENTE A CASA 30 / DO OUTRO LADO DA RUA.","EM FRENTE A CASA 30 / DO OUTRO LADO DA RUA.",-15.920861,-48.045361,true,"Operante","FALTA CABEÇOTE DA HASTE DO REGISTRO (LUVA)","","28/04/2026 09:31:00","28/04/2026 09:31:00","","100mm",""
"hid_1457","2695","RF200048","2695","RIACHO FUNDO II","QC 6 CONJUNTO 21 CASA 16/17 - RIACHO FUNDO II - DF","NA PRACINHA / EMFRENTE A CASA 16 / LATERAL DIREITA DA CASA 17","NA PRACINHA / EMFRENTE A CASA 16 / LATERAL DIREITA DA CASA 17",-15.925194,-48.042417,true,"Operante","FALTA CABEÇOTE DA HASTE DO REGISTRO (LUVA)","","28/04/2026 11:19:00","28/04/2026 11:19:00","","100mm",""
"hid_1458","2696","RF200049","2696","RIACHO FUNDO II","QC 06 CONJ. 24 CASA 13 - RIACHO FUNDO II - DF","EM FRENTE A ASSEMBLÉIA DE DEUS BOA NOVA","EM FRENTE A ASSEMBLÉIA DE DEUS BOA NOVA",-15.925306,-48.044,true,"Operante","","","28/04/2026 09:19:00","28/04/2026 09:19:00","","100mm",""
"hid_1459","2697","RF200050","2697","RIACHO FUNDO II","QS 5 CONJUNTO 2 LOTE 1CONDOMÍNIO PARQUE RIACHO 27 - RIACHO FUNDO II - DF","EM FRENTE A ENTRADA DO CONDOMÍNIO PARQUE RIACHO 27 / NA AREA VERDE.","EM FRENTE A ENTRADA DO CONDOMÍNIO PARQUE RIACHO 27 / NA AREA VERDE.",-15.934278,-48.042111,true,"Operante","","","28/04/2026 11:30:00","28/04/2026 11:30:00","","100mm",""
"hid_1460","2701","RF200051","2701","RIACHO FUNDO II","QS 7/ QC 8 CONJUNTO 6 - RIACHO FUNDO II - DF","EM FRENTE A UBS 5 / NA PISTA SECUNDÁRIA / PRÓXIMO A PRAÇA SUCUPIRA BRANCA.","EM FRENTE A UBS 5 / NA PISTA SECUNDÁRIA / PRÓXIMO A PRAÇA SUCUPIRA BRANCA.",-15.9395,-48.040139,true,"Operante","","","28/04/2026 11:43:00","28/04/2026 11:43:00","","100mm",""
"hid_1461","2702","RF200052","2702","RIACHO FUNDO II","ETAPA 3A QS 14 BLOCO A - RIACHO FUNDO II-DF","NA AVENIDA RIACHO FUNDO / NO ACOSTAMENTO PROXIMO A IGREJA UNIVERSAL","NA AVENIDA RIACHO FUNDO / NO ACOSTAMENTO PROXIMO A IGREJA UNIVERSAL",-15.943917,-48.037556,true,"Operante","","","12/05/2026 08:51:00","12/05/2026 08:51:00","","100mm",""
"hid_1462","2703","RF200053","2703","RIACHO FUNDO II","QS 15 CONJUNTO 1 LOTE 1/2 CONDOMINIO RESIDENCIAL PARQUE RIACHO 30 - RIACHO FUNDO II - DF","NA PISTA PRINCIPAL / LATERAL DIREITA DO CONDOMÍNIO PARQUE RIACHO 30","NA PISTA PRINCIPAL / LATERAL DIREITA DO CONDOMÍNIO PARQUE RIACHO 30",-15.948111,-48.034111,true,"Operante","","","07/05/2026 11:00:00","07/05/2026 11:00:00","","100mm",""
"hid_1463","2707","RF200054","2707","RIACHO FUNDO II","QS 19 CONJ.1 LOTE 02 RESIDENCIAL PARQUE RIACHO 33 - RIACHO FUNDO II - DF","NA PISTA PRINCIPAL/LATERAL DIREITA DO CONDOMÍNIO PARQUE RIACHO 33","NA PISTA PRINCIPAL/LATERAL DIREITA DO CONDOMÍNIO PARQUE RIACHO 33",-15.951722,-48.031028,true,"Operante","","","07/05/2026 10:55:00","07/05/2026 10:55:00","","100mm",""
"hid_1464","2708","RF200055","2708","RIACHO FUNDO II","QS 25 CONJUNTO 3 LOTE 2 CONDOMINIO RESIDENCIAL PARQUE RIACHO 36 - RIACHO FUNDO II - DF","NA PISTA PRINCIPAL / EM FRENTE AO CONDOMÍNIO RESIDENCIAL PARQUE 36","NA PISTA PRINCIPAL / EM FRENTE AO CONDOMÍNIO RESIDENCIAL PARQUE 36",-15.955667,-48.027639,true,"Operante","","","28/04/2026 09:02:00","28/04/2026 09:02:00","","100mm",""
"hid_1465","2709","RF200056","2709","RIACHO FUNDO II","QS 27 CONJ.4 LOTE 02COND. RESIDENCIAL PARQUE RIACHO 39 - RIACHO FUNDO II - DF","NA PISTA PRINCIPAL/LATERAL DIREITA DO CONDOMÍNIO RESIDENCIAL PARQUE 39","NA PISTA PRINCIPAL/LATERAL DIREITA DO CONDOMÍNIO RESIDENCIAL PARQUE 39",-15.959333,-48.024528,true,"Operante","","","28/04/2026 08:54:00","28/04/2026 08:54:00","","100mm",""
"hid_1466","2715","STM00001","2715","SANTA MARIA","AC 101 Conjunto C Lote 01 - Santa Maria - DF","Fundos do Posto Ipiranga / Frente à Distribuidora G-Gás","Fundos do Posto Ipiranga / Frente à Distribuidora G-Gás",-16.04175,-48.035333,true,"Operante","","","17/03/2026 18:36:00","17/03/2026 18:36:00","","100mm",""
"hid_1467","2716","STM00002","2716","SANTA MARIA","AC 101 Conjunto A Lote 02 - Santa Maria - DF","Área Verde, Próximo aos Fundos do Posto Texaco / Via de Acesso à Av. Aladados / Frente à Liquigás","Área Verde, Próximo aos Fundos do Posto Texaco / Via de Acesso à Av. Aladados / Frente à Liquigás",-16.044333,-48.035333,true,"Operante","","","17/03/2026 18:43:00","17/03/2026 18:43:00","","100mm",""
"hid_1468","2719","STM00004","2719","SANTA MARIA","QR 100 Conjunto Q CASA 33 - Santa Maria - DF","Em frente à casa 33","Em frente à casa 33",-16.044583,-48.039167,true,"Operante","","","17/03/2026 18:44:00","17/03/2026 18:44:00","","100mm",""
"hid_1469","2720","BSB00808","2720","BRASILIA","SHCGN 715 BLOCO 'H'","FUNDOS DA ESCOLA SIBIPIRUNA","FUNDOS DA ESCOLA SIBIPIRUNA",-15.743806,-47.898889,true,"Operante","","","20/05/2025 08:00:00","20/05/2025 08:00:00","","100mm",""
"hid_1470","2722","STM00006","2722","SANTA MARIA","QR 100 CONJUNTO T CASA 32 EC 100 - SANTA MARIA-DF","NO PORTÃO DE ENTRADA DA ESCOLA CLASSE 100 / EM FRENTE A CASA 32.","NO PORTÃO DE ENTRADA DA ESCOLA CLASSE 100 / EM FRENTE A CASA 32.",-16.042583,-48.038694,true,"Operante","","","17/03/2026 18:45:00","17/03/2026 18:45:00","","100mm",""
"hid_1471","2723","STM00007","2723","SANTA MARIA","QR 100 Conjunto R CASA 1- Santa Maria - DF","Em frente à casa 1","Em frente à casa 1",-16.04425,-48.037917,true,"Operante","","","17/03/2026 18:46:00","17/03/2026 18:46:00","","100mm",""
"hid_1472","2724","STM00008","2724","SANTA MARIA","QR 100 Conjunto H CASA 21- Santa Maria - DF","Em frente à casa 21","Em frente à casa 21",-16.045306,-48.0365,true,"Operante","","","17/03/2026 18:47:00","17/03/2026 18:47:00","","100mm",""
"hid_1473","2726","STM00009","2726","SANTA MARIA","QR 103 CONJUNTO R CASA 24 - SANTA MARIA - DF","Lateral direita da casa 24 / Via de acesso à Av. Alagados","Lateral direita da casa 24 / Via de acesso à Av. Alagados",-16.035361,-48.036306,true,"Operante","","","17/03/2026 19:07:00","17/03/2026 19:07:00","","100mm",""
"hid_1474","2727","STM00010","2727","SANTA MARIA","QR 103 CONJUNTO K CASA 12 - SANTA MARIA-DF","LATERAL ESQUERDA DA ASSOCIAÇÃO BENEFICENTE EVANGELICA / VIA DE ACESSO A AVENIDA ALAGADOS","LATERAL ESQUERDA DA ASSOCIAÇÃO BENEFICENTE EVANGELICA / VIA DE ACESSO A AVENIDA ALAGADOS",-16.036861,-48.036306,true,"Operante","","","17/03/2026 19:14:00","17/03/2026 19:14:00","","100mm",""
"hid_1475","2728","STM00011","2728","SANTA MARIA","QR 103 CONJUNTO F CASA 30 - SANTA MARIA-DF","EM FRENTE A CASA 30 /VIA DE ACESSO A AVENIDA ALAGADOS.","EM FRENTE A CASA 30 /VIA DE ACESSO A AVENIDA ALAGADOS.",-16.038417,-48.0365,true,"Operante","","","17/03/2026 19:15:00","17/03/2026 19:15:00","","100mm",""
"hid_1476","2731","STM00012","2731","SANTA MARIA","QR 103 CONJUNTO B CASA 14 - SANTA MARIA-DF","LATERAL ESQUERDA DA CASA 14 / VIA DE ACESSO A AVENIDA ALAGADOS.

LOCALIZAÇÃO CORRETA: S16º 02' 13.3"" W48º 02' 04.0""","LATERAL ESQUERDA DA CASA 14 / VIA DE ACESSO A AVENIDA ALAGADOS.

LOCALIZAÇÃO CORRETA: S16º 02' 13.3"" W48º 02' 04.0""",-16.037028,-48.03475,true,"Operante","","","17/03/2026 19:17:00","17/03/2026 19:17:00","","100mm",""
"hid_1477","2732","STM00013","2732","SANTA MARIA","QR 103 CONJUNTO P CASA 10 - SANTA MARIA - DF","LATERAL ESQUERDA DA CASA 10 / VIA DE ACESSO A AVENIDA ALAGADOS.

LOCALIZAÇÃO CORRETA: S16º 02' 07.8"" W48º 02' 05.0""","LATERAL ESQUERDA DA CASA 10 / VIA DE ACESSO A AVENIDA ALAGADOS.

LOCALIZAÇÃO CORRETA: S16º 02' 07.8"" W48º 02' 05.0""",-16.035472,-48.034694,true,"Operante","","","17/03/2026 19:17:00","17/03/2026 19:17:00","","100mm",""
"hid_1478","2733","STM00014","2733","SANTA MARIA","CL 114 LOTE B1 - SANTA MARIA - DF","LATERAL DIREITA DA 33ª DP - DELEGACIA DE POLICIA CIVIL / VIA DE ACESSO A AVENIDA ALAGADOS.

LOCALIZAÇÃO CORRETA: S16º 00' 22.4"" W48º 00' 07.5""","LATERAL DIREITA DA 33ª DP - DELEGACIA DE POLICIA CIVIL / VIA DE ACESSO A AVENIDA ALAGADOS.

LOCALIZAÇÃO CORRETA: S16º 00' 22.4"" W48º 00' 07.5""",-16.00625,-48.002083,true,"Operante","","","10/03/2026 14:52:00","10/03/2026 14:52:00","","100mm",""
"hid_1479","2734","STM00015","2734","SANTA MARIA","CL 113 LOTE A - CENTRO CLINICO VIVA + - SANTA MARIA-DF","EM FRENTE AO CENTRO CLINICO VIVA + / VIA DE ACESSO A AVENIDA ALAGADOS","EM FRENTE AO CENTRO CLINICO VIVA + / VIA DE ACESSO A AVENIDA ALAGADOS",-16.008778,-48.005556,true,"Operante","","","17/03/2026 18:37:00","17/03/2026 18:37:00","","100mm",""
"hid_1480","2735","STM00016","2735","SANTA MARIA","QR 116 CONJUNTO G CASA 15 - SANTA MARIA-DF","EM FRENTE A CASA 15 / EM FRENTE A ACADEMIA COMUNITARIA / QUADRA DE ESPORTES / VIA DE ACESSO A AVENIDA ALAGADOS.","EM FRENTE A CASA 15 / EM FRENTE A ACADEMIA COMUNITARIA / QUADRA DE ESPORTES / VIA DE ACESSO A AVENIDA ALAGADOS.",-16.003056,-47.995278,true,"Operante","","","10/03/2026 14:41:00","10/03/2026 14:41:00","","100mm",""
"hid_1481","2736","STM00017","2736","SANTA MARIA","QR 116 CONJUNTO P CASA 14 - SANTA MARIA-DF","","",-16.001682,-47.994214,true,"Operante","","","10/03/2026 14:44:00","10/03/2026 14:44:00","","100mm",""
"hid_1482","2737","STM00018","2737","SANTA MARIA","CL 116 LOTE A - SANTA MARIA - DF","AO LADO DO BANCO DO BRASIL.","AO LADO DO BANCO DO BRASIL.",-16.004861,-47.996861,true,"Operante","","","10/03/2026 14:38:00","10/03/2026 14:38:00","","100mm",""
"hid_1483","2738","STM00019","2738","SANTA MARIA","QR 117 CONJUNTO S CASA 14 - SANTA MARIA - DF","EM FRENTE A CASA 14 / VIA DE ACESSO A AVENIDA ALAGADOS.

LOCALIZAÇÃO CORRETA: S16º 00' 08.3"" W47º 59' 26.8""","EM FRENTE A CASA 14 / VIA DE ACESSO A AVENIDA ALAGADOS.

LOCALIZAÇÃO CORRETA: S16º 00' 08.3"" W47º 59' 26.8""",-16.002306,-47.990722,true,"Operante","FALTA TAMPÃO DE 2.1/2""","","10/03/2026 14:21:00","10/03/2026 14:21:00","","100mm",""
"hid_1484","2739","STM00020","2739","SANTA MARIA","QR 117 CONJUNTO L CASA 24- SANTA MARIA - DF","EM FRENTE A CASA 24 / VIA DE ACESSO A AVENIDA ALAGADOS","EM FRENTE A CASA 24 / VIA DE ACESSO A AVENIDA ALAGADOS",-16.003833,-47.992,true,"Operante","","","10/03/2026 14:27:00","10/03/2026 14:27:00","","100mm",""
"hid_1485","2740","STM00021","2740","SANTA MARIA","QR 117 CONJUNTO O CASA 14 - CONDOMINIO DAS ACACIAS - SANTA MARIA-DF","AOS FUNDOS DO CONDOMINIO DAS ACACIAS.","AOS FUNDOS DO CONDOMINIO DAS ACACIAS.",-16.003472,-47.990528,true,"Operante","","","10/03/2026 14:20:00","10/03/2026 14:20:00","","100mm",""
"hid_1486","2743","BRZ00036","2743","BRAZLANDIA","Quadra 55 Conj. ""I"" Casa 176 - Setor Vila São José - Brazlândia, Brasília - DF, Brasil","LATERAL DA CASA176","LATERAL DA CASA176",-15.65625,-48.19325,true,"Operante","","","02/04/2025 11:30:00","02/04/2025 11:30:00","","100mm","/hidrantes/brazlandia/BRZ00036.jpeg"
"hid_1487","2744","STM00022","2744","SANTA MARIA","CL 118 - ÁREA ESPECIAL - 18ª CRI/ CBMDF","18º GBM - AO LADO DIREITO DO POSTO AVANÇADO DO GPRAM","18º GBM - AO LADO DIREITO DO POSTO AVANÇADO DO GPRAM",-15.999389,-47.988194,true,"Operante","","","10/03/2026 14:14:00","10/03/2026 14:14:00","","100mm",""
"hid_1488","2755","STM00023","2755","SANTA MARIA","QR 118 CONJUNTO S CASA 28 - SANTA MARIA-DF","EM FRENTE A CASA 28 / AO LADO DA CRECHE CEPI ANGELINS.","EM FRENTE A CASA 28 / AO LADO DA CRECHE CEPI ANGELINS.",-16.002139,-47.987583,true,"Operante","","","10/03/2026 14:31:00","10/03/2026 14:31:00","","100mm",""
"hid_1489","2756","STM00024","2756","SANTA MARIA","QR 118 CONJUNTO I CASA 8 SANTA MARIA-DF","LATERAL DIREITA AOS FUNDOS DA IGREJA ASSEMBLEIA DE DEUS / EM FRENTE DO INSTITUTO DE CIENCIA E EDUCAÇÃO / VIA DE ACESSO A AVENIDA ALAGADOS.","LATERAL DIREITA AOS FUNDOS DA IGREJA ASSEMBLEIA DE DEUS / EM FRENTE DO INSTITUTO DE CIENCIA E EDUCAÇÃO / VIA DE ACESSO A AVENIDA ALAGADOS.",-15.999833,-47.990056,true,"Operante","","","10/03/2026 14:23:00","10/03/2026 14:23:00","","100mm",""
"hid_1490","2757","STM00025","2757","SANTA MARIA","QR 118 CONJUNTO K CASA 1 - SANTA MARIA -DF","LATERAL DIREITA DA CASA 1 / EM FRENTE A QUADRA DE ESPORTES / VIA DE ACESSO A AVENIDA ALAGADOS

LOCALIZAÇÃO CORRETA: S16º 00' 08.3"" W47º 59' 20.5""","LATERAL DIREITA DA CASA 1 / EM FRENTE A QUADRA DE ESPORTES / VIA DE ACESSO A AVENIDA ALAGADOS

LOCALIZAÇÃO CORRETA: S16º 00' 08.3"" W47º 59' 20.5""",-16.002306,-47.989167,true,"Operante","","","10/03/2026 14:18:00","10/03/2026 14:18:00","","100mm",""
"hid_1491","2758","STM00026","2758","SANTA MARIA","QR 118 CONJUNTO K CASA 15 - SANTA MARIA - DF","LATERAL ESQUERDA DA CASA 15 / EM FRENTE A QUADRA DE ESPORTES / VIA DE ACESSO A AVENIDA ALAGADOS

LOCALIZAÇÃO CORRETA: S16º 00' 03.3"" W47º 59' 21.9""","LATERAL ESQUERDA DA CASA 15 / EM FRENTE A QUADRA DE ESPORTES / VIA DE ACESSO A AVENIDA ALAGADOS

LOCALIZAÇÃO CORRETA: S16º 00' 03.3"" W47º 59' 21.9""",-16.001,-47.989417,true,"Operante","","","10/03/2026 14:16:00","10/03/2026 14:16:00","","100mm",""
"hid_1492","2759","STM00027","2759","SANTA MARIA","QR 118 CONJUNTO T CASA 22 - SANTA MARIA DF","LATERAL DIREITA DA CASA 22.

LOCALIZAÇÃO CORRETA: S16º 00' 02.0"" W47º 59' 16.1""","LATERAL DIREITA DA CASA 22.

LOCALIZAÇÃO CORRETA: S16º 00' 02.0"" W47º 59' 16.1""",-16.000528,-47.987778,true,"Operante","","","10/03/2026 14:33:00","10/03/2026 14:33:00","","100mm",""
"hid_1493","2760","STM00028","2760","SANTA MARIA","QR 201 CONJUNTO A CASA 39 CEF 201 - SANTA MARIA-DF","EM FRENTE A CASA 39 / NO PORTÃO DE ENTRADA DO CEF 201 / VIA DE ACESSO A AVENIDA ALAGADOS.","EM FRENTE A CASA 39 / NO PORTÃO DE ENTRADA DO CEF 201 / VIA DE ACESSO A AVENIDA ALAGADOS.",-16.042722,-48.033139,true,"Operante","","","17/03/2026 18:33:00","17/03/2026 18:33:00","","100mm",""
"hid_1494","2770","REC00001","2770","RECANTO DAS EMAS","QR 101 CONJUNTO 03 CASA 03 - RECANTO DAS EMAS - DF","EM FRENTE AO JONAS AUTO PORTAS","EM FRENTE AO JONAS AUTO PORTAS",-15.900556,-48.056222,true,"Operante","","","26/05/2026 09:22:00","26/05/2026 09:22:00","","100mm",""
"hid_1495","2780","REC00002","2780","RECANTO DAS EMAS","QR 102 CONJUNTO 11A CASA 23 LOJA 1, 2 - RECANTO DAS EMAS - DF","EM FRENTE AO CENTRO ODONTOLOGICO DOUTORA SORRISO.


LOCALIZAÇÃO CORRETA: S15º 54' 09.1"" W48º 03' 44.2""","EM FRENTE AO CENTRO ODONTOLOGICO DOUTORA SORRISO.


LOCALIZAÇÃO CORRETA: S15º 54' 09.1"" W48º 03' 44.2""",-15.9025,-48.062306,true,"Operante","","","26/05/2026 09:49:00","26/05/2026 09:49:00","","100mm",""
"hid_1496","2781","REC00003","2781","RECANTO DAS EMAS","QR 102 CONJUNTO 09 CASA 03 EC 102 - RECANTO DAS EMAS - DF","NA ÁREA VERDE/EM FRENTE A CASA 3 / FUNDOS DA ESCOLA CLASSE EC 102.

LOCALIZAÇÃO CORRETA: S15º 54' 03.9"" W48º 03' 43.3""","NA ÁREA VERDE/EM FRENTE A CASA 3 / FUNDOS DA ESCOLA CLASSE EC 102.

LOCALIZAÇÃO CORRETA: S15º 54' 03.9"" W48º 03' 43.3""",-15.901056,-48.062028,true,"Operante","","","26/05/2026 09:48:00","26/05/2026 09:48:00","","100mm",""
"hid_1497","2782","REC00004","2782","RECANTO DAS EMAS","QR 102 CONJUNTO 20 CASA 10 - RECANTO DAS EMAS - DF","LATERAL DIREITA DA CASA 10","LATERAL DIREITA DA CASA 10",-15.899889,-48.064083,true,"Operante","","","26/05/2026 10:12:00","26/05/2026 10:12:00","","100mm",""
"hid_1498","2783","REC00005","2783","RECANTO DAS EMAS","QR 103 CONJUNTO 02 CASA 18 - RECANTO DAS EMAS - DF","LATERAL DIREITA DA CASA 18/PRÓXIMO À ÁREA ESPECIAL","LATERAL DIREITA DA CASA 18/PRÓXIMO À ÁREA ESPECIAL",-15.902917,-48.064944,true,"Operante","","","26/05/2026 10:27:00","26/05/2026 10:27:00","","100mm",""
"hid_1499","2784","REC00006","2784","RECANTO DAS EMAS","QR 103 CONJUNTO 7C CASA 08 - RECANTO DAS EMAS - DF","EM FRENTE A CASA 08","EM FRENTE A CASA 08",-15.901194,-48.066722,true,"Operante","","","26/05/2026 10:11:00","26/05/2026 10:11:00","","100mm",""
"hid_1500","2785","REC00007","2785","RECANTO DAS EMAS","QR 103 CONJUNTO 12 CASA 02 - RECANTO DAS EMAS - DF","EM FRENTE A CASA 02","EM FRENTE A CASA 02",-15.903556,-48.067111,true,"Operante","","","26/05/2026 10:28:00","26/05/2026 10:28:00","","100mm",""
"hid_1501","2786","REC00008","2786","RECANTO DAS EMAS","QR 103 CONJUNTO 17 CASA 10 - RECANTO DAS EMAS - DF","LATERAL DIREITA DA CASA 10","LATERAL DIREITA DA CASA 10",-15.901861,-48.067972,true,"Operante","","","26/05/2026 10:17:00","26/05/2026 10:17:00","","100mm",""
"hid_1502","2788","BSB00809","2788","BRASILIA","SAIS ÁREA ESPECIAL 3 QD.4 LOTE 05 CEMEV-CBMDF","FRENTE AO LADO DIREITO DO CAMPO DE FUTEBOL DO CEMEV","FRENTE AO LADO DIREITO DO CAMPO DE FUTEBOL DO CEMEV",-15.831361,-47.936361,false,"Inoperante","HIDRANTE CERCADO/BLOQUEADO","","09/01/2025 11:10:00","09/01/2025 11:10:00","","100mm",""
"hid_1503","2790","STM00030","2790","SANTA MARIA","AC 200 BLOCO B LOTE 10 - SANTA MARIA-DF","LATERAL DIREITA DO SUPERMERCADO TATÍCO.","LATERAL DIREITA DO SUPERMERCADO TATÍCO.",-16.047722,-48.03225,true,"Operante","","","07/04/2026 20:29:00","07/04/2026 20:29:00","","100mm",""
"hid_1504","2791","STM00031","2791","SANTA MARIA","AC 200 CONJUNTO C LOTE 3/5 - SANTA MARIA-DF","LATERAL ESQUERDA DO SUPERMERCADO TATÍCO.","LATERAL ESQUERDA DO SUPERMERCADO TATÍCO.",-16.047528,-48.034278,true,"Operante","","","17/03/2026 18:48:00","17/03/2026 18:48:00","","100mm",""
"hid_1505","2792","STM00032","2792","SANTA MARIA","AC 200 CONJUNTO H / CL 100 LOTE B CEF 201 - SANTA MARIA-DF","A MARGEM DA AVENIDA ALAGADOS / ENTRE OS PREDIOS E O CEF 201.

LOCALIZAÇÃO CORRETA: S16º 02' 41.6"" W48º 02' 02.3""","A MARGEM DA AVENIDA ALAGADOS / ENTRE OS PREDIOS E O CEF 201.

LOCALIZAÇÃO CORRETA: S16º 02' 41.6"" W48º 02' 02.3""",-16.044917,-48.033972,true,"Operante","","","17/03/2026 18:32:00","17/03/2026 18:32:00","","100mm",""
"hid_1506","2793","STM00033","2793","SANTA MARIA","Qr 201 Conjunto I CASA 25, Santa Maria, Brasília - DF, 72501-400, Brasil","Lateral direita da casa 25 / Via de acesso à Av. Alagados","Lateral direita da casa 25 / Via de acesso à Av. Alagados",-16.043361,-48.031528,true,"Operante","","","17/03/2026 18:34:00","17/03/2026 18:34:00","","100mm",""
"hid_1507","2794","STM00034","2794","SANTA MARIA","Cl 202/Qr 202 Conjunto A - Santa Maria, Brasília - DF, Brasil","Em frente à casa 36 / Via de acesso à Av. Alagados","Em frente à casa 36 / Via de acesso à Av. Alagados",-16.040972,-48.033361,true,"Operante","","","17/03/2026 18:35:00","17/03/2026 18:35:00","","100mm",""
"hid_1508","2795","STM00035","2795","SANTA MARIA","Cl 202/Qr 202 Conjunto B - Santa Maria, Brasília - DF, Brasil","Em frente à casa 34 / Lateral direita do Antigo Supermercado Baratudo","Em frente à casa 34 / Lateral direita do Antigo Supermercado Baratudo",-16.039333,-48.0335,true,"Operante","","","17/03/2026 18:35:00","17/03/2026 18:35:00","","100mm",""
"hid_1509","2797","STM00036","2797","SANTA MARIA","QR 202 CONJUNTO F CASA 21 - SANTA MARIA-DF","EM FRENTE A CASA 21/ VIA DE ACESSO A AVENIDA ALAGADOS / MIMO CONFECÇÕES.

LOCALIZAÇÃO CORRETA: S16º 02' 18.4"" W48º 01' 56.2""","EM FRENTE A CASA 21/ VIA DE ACESSO A AVENIDA ALAGADOS / MIMO CONFECÇÕES.

LOCALIZAÇÃO CORRETA: S16º 02' 18.4"" W48º 01' 56.2""",-16.038611,-48.032556,true,"Operante","","","17/03/2026 18:36:00","17/03/2026 18:36:00","","100mm",""
"hid_1510","2799","STM00038","2799","SANTA MARIA","Cl 203/Qr 203 Conjunto A - Santa Maria, Brasília - DF, 72503-501, Brasil","Em frente à casa 28 / Via de acesso à Av. Alagados / C. E. CL203.","Em frente à casa 28 / Via de acesso à Av. Alagados / C. E. CL203.",-16.037167,-48.033222,true,"Operante","","","17/03/2026 18:37:00","17/03/2026 18:37:00","","100mm",""
"hid_1511","2801","STM00039","2801","SANTA MARIA","Qr 204 Conjunto G - Santa Maria, Brasília - DF, 72504-400, Brasil","Em frente à casa 1 / Via de acesso à Av. Alagados / Central de Distribuição Telefônica - VIVO.","Em frente à casa 1 / Via de acesso à Av. Alagados / Central de Distribuição Telefônica - VIVO.",-16.033417,-48.033222,true,"Operante","","","17/03/2026 18:38:00","17/03/2026 18:38:00","","100mm",""
"hid_1512","2802","STM00040","2802","SANTA MARIA","Qr 204 Conjunto L - Santa Maria, Brasília - DF, 72504-400, Brasil","Em frente à casa 32 / Via de acesso à Av. Alagados","Em frente à casa 32 / Via de acesso à Av. Alagados",-16.033694,-48.031222,true,"Operante","","","17/03/2026 18:39:00","17/03/2026 18:39:00","","100mm",""
"hid_1513","2803","STM00041","2803","SANTA MARIA","Qr 205 Conjunto C FRENTE A CASA 04 - Santa Maria, Brasília - DF, 72505-400, Brasil","Em frente à casa 4 / Via de acesso à Av. Alagados / Mercado Santo Antônio","Em frente à casa 4 / Via de acesso à Av. Alagados / Mercado Santo Antônio",-16.032278,-48.031833,true,"Operante","","","17/03/2026 18:40:00","17/03/2026 18:40:00","","100mm",""
"hid_1514","2804","STM00042","2804","SANTA MARIA","QR 205 - CONJUNTO L CASA 32 - SANTA MARIA-DF","EM FRENTE A CASA 32 / VIA DE ACESSO MA AVENIDA ALAGADOS.","EM FRENTE A CASA 32 / VIA DE ACESSO MA AVENIDA ALAGADOS.",-16.031,-48.030528,true,"Operante","","","17/03/2026 18:40:00","17/03/2026 18:40:00","","100mm",""
"hid_1515","2805","STM00043","2805","SANTA MARIA","QR 205 CONJUNTO G CASA 22 - SANTA MARIA-DF","EM FRENTE A CASA 22 / VIA DE ACESSO A AVENIDA ALAGADOS.","EM FRENTE A CASA 22 / VIA DE ACESSO A AVENIDA ALAGADOS.",-16.029028,-48.031583,true,"Operante","","","17/03/2026 18:40:00","17/03/2026 18:40:00","","100mm",""
"hid_1516","2806","STM00044","2806","SANTA MARIA","QR205 CONJUNTO G CASA 1 - SANTA MARIA-DF","EM FRENTE A CASA 1 / VIA DE ACESSO A AVENIDA ALAGADOS.","EM FRENTE A CASA 1 / VIA DE ACESSO A AVENIDA ALAGADOS.",-16.030278,-48.032444,true,"Operante","","","17/03/2026 18:41:00","17/03/2026 18:41:00","","100mm",""
"hid_1517","2807","STM00045","2807","SANTA MARIA","QR 205 CONJUNTO I CASA 19 - SANTA MARIA-DF","EM FRENTE A CASA 19.","EM FRENTE A CASA 19.",-16.0295,-48.03075,true,"Operante","","","17/03/2026 18:42:00","17/03/2026 18:42:00","","100mm",""
"hid_1518","2808","STM00046","2808","SANTA MARIA","QR 205 CONJUNTO F CASA 1 - SANTA MARIA-DF","EM FRENTE A CASA 1 / VIA DE ACESSO A AVENIDA ALAGADOS","EM FRENTE A CASA 1 / VIA DE ACESSO A AVENIDA ALAGADOS",-16.0325,-48.030778,true,"Operante","","","17/03/2026 19:18:00","17/03/2026 19:18:00","","100mm",""
"hid_1519","2809","STM00047","2809","SANTA MARIA","QR 205 CONJUNTO L CASA 16 - SANTA MARIA-DF","EM FRENTE A CASA 16 / VIA DE ACESSO A AVENIDA ALAGADOS","EM FRENTE A CASA 16 / VIA DE ACESSO A AVENIDA ALAGADOS",-16.03,-48.029694,true,"Operante","","","17/03/2026 19:19:00","17/03/2026 19:19:00","","100mm",""
"hid_1520","2810","STM00048","2810","SANTA MARIA","Qr 207 CONJUNTO A CS 13 - SANTA MARIA-DF","EM FRENTE A CASA 13 / VIA DE ACESSO AVENIDA ALAGADOS.","EM FRENTE A CASA 13 / VIA DE ACESSO AVENIDA ALAGADOS.",-16.026361,-48.029611,true,"Operante","","","17/03/2026 19:19:00","17/03/2026 19:19:00","","100mm",""
"hid_1521","2811","STM00049","2811","SANTA MARIA","Qr 207 CONJUNTO C CASA 03 - SANTA MARIA-DF","EM FRENTE A CASA 3 / VIA DE ACESSO A AVENIDA ALAGADOS","EM FRENTE A CASA 3 / VIA DE ACESSO A AVENIDA ALAGADOS",-16.026972,-48.028889,true,"Operante","","","23/03/2026 22:34:00","23/03/2026 22:34:00","","100mm",""
"hid_1522","2812","STM00050","2812","SANTA MARIA","QR 207 CONJUNTO F CASA 1 - SANTA MARIA-DF","EM FRENTE A CASA 1 / VIA DE ACESSO A AVENIDA ALAGADOS","EM FRENTE A CASA 1 / VIA DE ACESSO A AVENIDA ALAGADOS",-16.027694,-48.028083,true,"Operante","","","23/03/2026 22:35:00","23/03/2026 22:35:00","","100mm",""
"hid_1523","2813","STM00051","2813","SANTA MARIA","CL 207/208 CENTRO DE ENSINO ESPECIAL 01 - SANTA MARIA-DF","FUNDOS DA ESCOLA / AVENIDA ALAGADOS","FUNDOS DA ESCOLA / AVENIDA ALAGADOS",-16.023472,-48.027389,true,"Operante","TAMPA DE CONCRETO QUEBRADA OU REMOVIDA","","23/03/2026 22:36:00","23/03/2026 22:36:00","","100mm",""
"hid_1524","2814","STM00052","2814","SANTA MARIA","QR 208 LOTE B1 - SANTA MARIA-DF","EM FRENTE AO LOTE B1 / PROXIMO AO CEE 1 / VIA DE ACESSO A AVENIDA ALAGADOS.","EM FRENTE AO LOTE B1 / PROXIMO AO CEE 1 / VIA DE ACESSO A AVENIDA ALAGADOS.",-16.023306,-48.025611,true,"Operante","","","23/03/2026 22:37:00","23/03/2026 22:37:00","","100mm",""
"hid_1525","2815","STM00053","2815","SANTA MARIA","Qr 208 Conjunto E - Santa Maria, Brasília - DF, Brasil","Em frente à casa 2 / Via de acesso à Av. Alagados","Em frente à casa 2 / Via de acesso à Av. Alagados",-16.025028,-48.0265,true,"Operante","","","23/03/2026 22:38:00","23/03/2026 22:38:00","","100mm",""
"hid_1526","2816","STM00054","2816","SANTA MARIA","QR 208 CONJUNTO F CASA 21 - SANTA MARIA-DF","EM FRENTE A CASA 21 / VIA DE ACESSO A AVENIDA ALAGADOS.","EM FRENTE A CASA 21 / VIA DE ACESSO A AVENIDA ALAGADOS.",-16.023167,-48.023861,true,"Operante","","","23/03/2026 22:38:00","23/03/2026 22:38:00","","100mm",""
"hid_1527","2817","STM00055","2817","SANTA MARIA","Qr 208 Conjunto I Casa 25 - Santa Maria, Brasília - DF, 72508-400, Brasil","Em frente ao Conjunto H casa 4 / Via de acesso à Av. Alagados","Em frente ao Conjunto H casa 4 / Via de acesso à Av. Alagados",-16.024778,-48.02475,true,"Operante","","","23/03/2026 22:40:00","23/03/2026 22:40:00","","100mm",""
"hid_1528","2825","STM00057","2825","SANTA MARIA","Qr 209 Conjunto M - Santa Maria, Brasília - DF, 72510-401, Brasil","Em frente à casa 21 / Via de acesso à Av. Alagados","Em frente à casa 21 / Via de acesso à Av. Alagados",-16.021306,-48.021306,true,"Operante","","","23/03/2026 22:41:00","23/03/2026 22:41:00","","100mm",""
"hid_1529","2826","STM00058","2826","SANTA MARIA","Qr 209 Conjunto N - Santa Maria, Brasília - DF, 72509-513, Brasil","Lateral direita da casa 26 / Via de acesso à Av. Alagados","Lateral direita da casa 26 / Via de acesso à Av. Alagados",-16.022667,-48.020361,true,"Operante","","","23/03/2026 22:13:00","23/03/2026 22:13:00","","100mm",""
"hid_1530","2827","STM00059","2827","SANTA MARIA","Qr 209 Conjunto I - Santa Maria, Brasília - DF, 72509-400, Brasil","Esquina com a casa 01 / Via de acesso Av. Alagados.","Esquina com a casa 01 / Via de acesso Av. Alagados.",-16.022056,-48.022694,true,"Operante","TAMPA DE CONCRETO QUEBRADA OU REMOVIDA","","23/03/2026 22:12:00","23/03/2026 22:12:00","","100mm",""
"hid_1531","2828","STM00060","2828","SANTA MARIA","Eq 209/309/Qr 209 Conjunto I - Santa Maria, Brasília - DF, Brasil","LATERAL ESQUERDA DO CRAS / SANTA MARIA-DF","LATERAL ESQUERDA DO CRAS / SANTA MARIA-DF",-16.023306,-48.021861,true,"Operante","","","23/03/2026 22:14:00","23/03/2026 22:14:00","","100mm",""
"hid_1532","2829","STM00061","2829","SANTA MARIA","CL 209 LOTE G - SANTA MARIA-DF","LATERAL DA IGREJA ASSEMBLEIA DE DEUS / VIA DE ACESSO AVENIDA ALAGADOS.","LATERAL DA IGREJA ASSEMBLEIA DE DEUS / VIA DE ACESSO AVENIDA ALAGADOS.",-16.020083,-48.022083,true,"Operante","","","23/03/2026 22:17:00","23/03/2026 22:17:00","","100mm",""
"hid_1533","2830","STM00062","2830","SANTA MARIA","CL 210 LOJA D2 - AVENIDA ALAGADO - SANTA MARIA-DF","EM FRENTE A G M GRANDES MARCAS/ ULHOA CONSULTORIA IMOBILIARIA.

LOCALIZAÇÃO CORRETA:S16º 01' 09.0"" W48º 01'01.5""","EM FRENTE A G M GRANDES MARCAS/ ULHOA CONSULTORIA IMOBILIARIA.

LOCALIZAÇÃO CORRETA:S16º 01' 09.0"" W48º 01'01.5""",-16.019306,-48.020944,true,"Operante","","","23/03/2026 22:21:00","23/03/2026 22:21:00","","100mm",""
"hid_1534","2831","STM00063","2831","SANTA MARIA","Qr 210 Conjunto I - Santa Maria, Brasília - DF, 72510-400, Brasil","Em frente à casa 3 / Via de acesso à Av. Alagados","Em frente à casa 3 / Via de acesso à Av. Alagados",-16.020417,-48.020472,true,"Operante","","","23/03/2026 22:22:00","23/03/2026 22:22:00","","100mm",""
"hid_1535","2832","STM00064","2832","SANTA MARIA","Eq 209/309 Área Especial - Santa Maria, Brasília - DF, Brasil","Em frente ao CRAS","Em frente ao CRAS",-16.024028,-48.02125,true,"Operante","","","23/03/2026 22:23:00","23/03/2026 22:23:00","","100mm",""
"hid_1536","2833","STM00065","2833","SANTA MARIA","CL 210/Qr 210 Conjunto Q - Santa Maria, Brasília - DF, Brasil","Em frente à casa 28 / Via de acesso à Av. Alagados","Em frente à casa 28 / Via de acesso à Av. Alagados",-16.018667,-48.019389,true,"Operante","","","23/03/2026 22:24:00","23/03/2026 22:24:00","","100mm",""
"hid_1537","2837","STM00066","2837","SANTA MARIA","Qr 210 Conjunto R Casa 41- Santa Maria, Brasília - DF, Brasil","Em frente à Igreja Evangélica / Via de acesso à Av. Alagados","Em frente à Igreja Evangélica / Via de acesso à Av. Alagados",-16.019917,-48.018306,true,"Operante","","","23/03/2026 10:25:00","23/03/2026 10:25:00","","100mm",""
"hid_1538","2838","STM00067","2838","SANTA MARIA","Eq 210/310 Lote A - Santa Maria, Brasília - DF, Brasil","Em frente à Diretoria Regional de Ensino / Via de acesso à Av. Alagados","Em frente à Diretoria Regional de Ensino / Via de acesso à Av. Alagados",-16.021972,-48.019389,true,"Operante","","","07/04/2026 20:28:00","07/04/2026 20:28:00","","100mm",""
"hid_1539","2839","STM00068","2839","SANTA MARIA","QC 1 BLOCO B SANTA MARIA-DF","PROXIMO AO FÓRUM / CAESB-CEB / VIA DE ACESSO A AVENIDA ALAGADOS.","PROXIMO AO FÓRUM / CAESB-CEB / VIA DE ACESSO A AVENIDA ALAGADOS.",-16.015306,-48.013056,true,"Operante","","","23/03/2026 10:27:00","23/03/2026 10:27:00","","100mm",""
"hid_1540","2841","STM00069","2841","SANTA MARIA","QC 2 Conjunto D - Santa Maria, Brasília - DF, Brasil","Em frente à casa 22 / Via de acesso à Av. Santa Maria.","Em frente à casa 22 / Via de acesso à Av. Santa Maria.",-16.021639,-48.013861,false,"Inoperante","HIDRANTE REMOVIDO OU NÃO ENCONTRADO","","23/03/2026 10:16:00","23/03/2026 10:16:00","","100mm",""
"hid_1541","2842","STM00070","2842","SANTA MARIA","QC 2 Conjunto M - Santa Maria, Brasília - DF, Brasil","Em frente à casa 16 / Via de acesso à Av. Santa Maria.","Em frente à casa 16 / Via de acesso à Av. Santa Maria.",-16.02025,-48.014806,true,"Operante","","","23/03/2026 10:11:00","23/03/2026 10:11:00","","100mm",""
"hid_1542","2843","STM00071","2843","SANTA MARIA","QC 2 Conjunto R - Santa Maria, Brasília - DF, Brasil","Lateral direita da casa 4 / Via de acesso à Av. Santa Maria.","Lateral direita da casa 4 / Via de acesso à Av. Santa Maria.",-16.018667,-48.015917,true,"Operante","","","23/03/2026 10:14:00","23/03/2026 10:14:00","","100mm",""
"hid_1543","2844","STM00072","2844","SANTA MARIA","Cl 212/Qr 212 Conjunto C - Santa Maria, Brasília - DF, Brasil","Entre os Blocos B e C / Via de acesso à Av. Alagados","Entre os Blocos B e C / Via de acesso à Av. Alagados",-16.010361,-48.007389,true,"Operante","","","10/03/2026 15:41:00","10/03/2026 15:41:00","","100mm",""
"hid_1544","2845","STM00073","2845","SANTA MARIA","Qr 212 Conjunto B - Santa Maria, Brasília - DF, 72542-402, Brasil","Lateral direita da casa 22 / Via de acesso à Av. Alagados","Lateral direita da casa 22 / Via de acesso à Av. Alagados",-16.011972,-48.007444,true,"Operante","","","10/03/2026 15:39:00","10/03/2026 15:39:00","","100mm",""
"hid_1545","2846","STM00074","2846","SANTA MARIA","Qr 212 Conjunto L - Santa Maria, Brasília - DF, 72542-400, Brasil","Em frente à casa 3 / Via de acesso à Av. Alagados","Em frente à casa 3 / Via de acesso à Av. Alagados",-16.010889,-48.005722,true,"Operante","","","10/03/2026 15:43:00","10/03/2026 15:43:00","","100mm",""
"hid_1546","2847","STM00075","2847","SANTA MARIA","Cl 212/Qr 212 Conjunto J - Santa Maria, Brasília - DF, 72542-410, Brasil","Em frente à casa 15 / Via de acesso à Av. Alagados","Em frente à casa 15 / Via de acesso à Av. Alagados",-16.009778,-48.005778,true,"Operante","","","10/03/2026 15:42:00","10/03/2026 15:42:00","","100mm",""
"hid_1547","2848","STM00076","2848","SANTA MARIA","Qr 213 Conjunto G - Santa Maria, Brasília - DF, 72543-407, Brasil","EM FRENTE A CASA 06 / LADO DIREITO DO CAPS","EM FRENTE A CASA 06 / LADO DIREITO DO CAPS",-16.010333,-48.00275,true,"Operante","","","10/03/2026 15:16:00","10/03/2026 15:16:00","","100mm",""
"hid_1548","2849","STM00077","2849","SANTA MARIA","CL 213 CONJUNTO A CASA 26 - SANTA MARIA-DF","EM FRENTE A CASA 26 / EM FRENTE AO CEF 213 / VIA DE ACESSO A AVENIDA ALAGADOS","EM FRENTE A CASA 26 / EM FRENTE AO CEF 213 / VIA DE ACESSO A AVENIDA ALAGADOS",-16.008694,-48.003444,true,"Operante","","","10/03/2026 15:10:00","10/03/2026 15:10:00","","100mm",""
"hid_1549","2850","STM00078","2850","SANTA MARIA","Qr 213 Conjunto B, - Santa Maria, Brasília - DF, 72543-402, Brasil","Lateral direita da casa 3 / Via de acesso à Av. Alagados","Lateral direita da casa 3 / Via de acesso à Av. Alagados",-16.009694,-48.004278,true,"Operante","","","10/03/2026 15:13:00","10/03/2026 15:13:00","","100mm",""
"hid_1550","2851","STM00079","2851","SANTA MARIA","QR 214 Conjunto F - Santa Maria, Brasília - DF, 72544-406, Brasil","Lateral direita da casa 30 / Via de acesso à Av. Alagados","Lateral direita da casa 30 / Via de acesso à Av. Alagados",-16.007472,-48.001333,true,"Operante","","","10/03/2026 14:54:00","10/03/2026 14:54:00","","100mm",""
"hid_1551","2852","STM00080","2852","SANTA MARIA","Qr 214 Conjunto P - Santa Maria, Brasília - DF, 72544-400, Brasil","Lateral esquerda da casa 11 / Via de acesso à Av. Alagados","Lateral esquerda da casa 11 / Via de acesso à Av. Alagados",-16.007833,-47.999389,true,"Operante","","","10/03/2026 15:51:00","10/03/2026 15:51:00","","100mm",""
"hid_1552","2855","STM00081","2855","SANTA MARIA","CL 215 CONJUNTO G - SANTA MARIA-DF","LADO ESQUERDO DA PARÓQUIA SANTA MÃE DE DEUS","LADO ESQUERDO DA PARÓQUIA SANTA MÃE DE DEUS",-16.007,-47.996472,true,"Operante","","","10/03/2026 16:01:00","10/03/2026 16:01:00","","100mm",""
"hid_1553","2856","STM00082","2856","SANTA MARIA","Qr 216/217 Conjunto M - Santa Maria, Brasília - DF, 72546-513, Brasil","Em frente à casa 20 / Via de acesso à Av. Alagados","Em frente à casa 20 / Via de acesso à Av. Alagados",-16.005806,-47.993472,true,"Operante","","","10/03/2026 16:10:00","10/03/2026 16:10:00","","100mm",""
"hid_1554","2857","STM00083","2857","SANTA MARIA","QR 216 CONJUNTO L CASA 22 - SANTA MARIA-DF","EM FRENTE A CASA 22 / VIA DE ACESSO AVENIDA ALAGADOS","EM FRENTE A CASA 22 / VIA DE ACESSO AVENIDA ALAGADOS",-16.007028,-47.994028,true,"Operante","","","10/03/2026 16:03:00","10/03/2026 16:03:00","","100mm",""
"hid_1555","2858","STM00084","2858","SANTA MARIA","CL/QR 216 CONJUNTO E CASA 28 - SANTA MARIA-DF","EM FRENTE A CASA 28 / VIA DE ACESSO A AVENIDA ALAGADOS","EM FRENTE A CASA 28 / VIA DE ACESSO A AVENIDA ALAGADOS",-16.005639,-47.995278,true,"Operante","","","10/03/2026 16:13:00","10/03/2026 16:13:00","","100mm",""
"hid_1556","2860","STM00085","2860","SANTA MARIA","QR 217 Conjunto I - Santa Maria, Brasília - DF, 72547-500, Brasil","Em frente à casa 8 / Via de acesso à Av. Alagados","Em frente à casa 8 / Via de acesso à Av. Alagados",-16.006389,-47.991694,true,"Operante","","","17/03/2026 14:35:00","17/03/2026 14:35:00","","100mm",""
"hid_1557","2861","STM00086","2861","SANTA MARIA","Qr 217 Conjunto O - Santa Maria, Brasília - DF, 72547-500, Brasil","Em frente à casa 15 / Via de acesso à Av. Alagados","Em frente à casa 15 / Via de acesso à Av. Alagados",-16.005611,-47.990083,false,"Inoperante","TAMPA DA CAIXA LACRADA (CONCRETADA)","","17/03/2026 14:26:00","17/03/2026 14:26:00","","100mm",""
"hid_1558","2862","STM00087","2862","SANTA MARIA","AE 217/317 Conjunto A - Santa Maria, Brasília - DF, 72547-500, Brasil","PARÓQUIA RAINHA DA PAZ - LADO ESQUERDO","PARÓQUIA RAINHA DA PAZ - LADO ESQUERDO",-16.0075,-47.99125,true,"Operante","FALTA CABEÇOTE DA HASTE DO REGISTRO (LUVA)","","17/03/2026 14:42:00","17/03/2026 14:42:00","","100mm",""
"hid_1559","2863","STM00088","2863","SANTA MARIA","Qr 218 Conjunto O - Santa Maria, Brasília - DF, 72546-505, Brasil","Em frente à casa 30 / Via de acesso à Av. Alagados","Em frente à casa 30 / Via de acesso à Av. Alagados",-16.0045,-47.987194,true,"Operante","FALTA CABEÇOTE DA HASTE DO REGISTRO (LUVA)","","17/03/2026 14:15:00","17/03/2026 14:15:00","","100mm",""
"hid_1560","2864","STM00089","2864","SANTA MARIA","Qr 218 Conjunto L - Santa Maria, Brasília - DF, 72548-500, Brasil","Lateral direita da casa 3 / Via de acesso à Av. Alagados","Lateral direita da casa 3 / Via de acesso à Av. Alagados",-16.005972,-47.988222,true,"Operante","","","17/03/2026 14:59:00","17/03/2026 14:59:00","","100mm",""
"hid_1561","2865","STM00090","2865","SANTA MARIA","CL 218 Conjunto D/E - Santa Maria, Brasília - DF, 72546-505, Brasil","Em frente ao Colégio Santa Maria / Via de acesso à Av. Alagados","Em frente ao Colégio Santa Maria / Via de acesso à Av. Alagados",-16.004444,-47.988472,false,"Inoperante","CAIXA DE REGISTRO CHEIA DE LIXO","","17/03/2026 14:20:00","17/03/2026 14:20:00","","100mm",""
"hid_1562","2868","STM00091","2868","SANTA MARIA","QR 301 CONJUNTO A CASA 25 - Santa Maria, Brasília - DF","Lateral da casa 25 / Via de acesso à Av. Santa Maria","Lateral da casa 25 / Via de acesso à Av. Santa Maria",-16.043444,-48.028306,true,"Operante","","","26/03/2026 21:06:00","26/03/2026 21:06:00","","100mm",""
"hid_1563","2869","STM00092","2869","SANTA MARIA","Qr 301 Conjunto H CASA 04 - Santa Maria, Brasília - DF, 72501-507, Brasil","Esquina com a casa 4 / Via de acesso Av. Santa Maria.","Esquina com a casa 4 / Via de acesso Av. Santa Maria.",-16.043028,-48.029861,false,"Inoperante","FALTA TAMPÃO DE 2.1/2""; REGISTRO SOTERRADO","","26/03/2026 21:07:00","26/03/2026 21:07:00","","100mm",""
"hid_1564","2870","STM00093","2870","SANTA MARIA","QR 301 CONJUNTO L CASA 19 SANTA MARIA-DF","EM FRENTE A CASA 19 / FARMACIA SOUZA FARMA / VIA DE ACESSO A AVENIDA SANTA MARIA.

LOCALIZAÇÃO CORRETA: S16º 02' 29.4"" W48º 01' 50.0""","EM FRENTE A CASA 19 / FARMACIA SOUZA FARMA / VIA DE ACESSO A AVENIDA SANTA MARIA.

LOCALIZAÇÃO CORRETA: S16º 02' 29.4"" W48º 01' 50.0""",-16.041417,-48.030444,true,"Operante","","","26/03/2026 21:11:00","26/03/2026 21:11:00","","100mm",""
"hid_1565","2871","STM00094","2871","SANTA MARIA","CL 303 ÁREA ESPECIAL 1 - Santa Maria, Brasília - DF","EM FRENTE AO LAVA JATO NO GRAU","EM FRENTE AO LAVA JATO NO GRAU",-16.038444,-48.028139,true,"Operante","","","26/03/2026 21:19:00","26/03/2026 21:19:00","","100mm",""
"hid_1566","2875","SEB00022","2875","SAO SEBASTIAO","Quadra 11 casa 02 sao francisco","Em frente a casa 02","Em frente a casa 02",-15.915934,-47.76152,true,"Operante","","","24/09/2025 09:00:00","24/09/2025 09:00:00","","100mm",""
"hid_1567","2876","SEB00023","2876","SAO SEBASTIAO","Quadra 11 Conj. O em frente a casa 32, Morro Azul","Saída de São Sebastião","Saída de São Sebastião",-15.896194,-47.790731,true,"Operante","","","23/09/2025 08:00:00","23/09/2025 08:00:00","","100mm",""
"hid_1568","2881","SEB00025","2881","SAO SEBASTIAO","RUA 41 CASA 10 VILA NOVA","PRÓXIMO A MARY MODAS INTIMAS E ACESSÓRIOS","PRÓXIMO A MARY MODAS INTIMAS E ACESSÓRIOS",-15.906963,-47.760318,true,"Operante","","","25/09/2025 12:00:00","25/09/2025 12:00:00","","100mm",""
"hid_1569","2882","SEB00026","2882","SAO SEBASTIAO","RUA 18 CASA 280 VILA NOVA","em frente a casa 280","em frente a casa 280",-15.904031,-47.758021,true,"Operante","","","26/09/2025 09:00:00","26/09/2025 09:00:00","","100mm",""
"hid_1570","2883","SEB00027","2883","SAO SEBASTIAO","RUA 32 CASA 20 VILA NOVA","Esquina da casa 20/ Pista de acesso Av. Comercial.","Esquina da casa 20/ Pista de acesso Av. Comercial.",-15.906078,-47.75695,false,"Inoperante","FALTA TAMPÃO DE 2.1/2""","","26/09/2025 08:00:00","26/09/2025 08:00:00","","100mm",""
"hid_1571","2884","REC00009","2884","RECANTO DAS EMAS","QR 104 CONJUNTO 02 CASA 10 - RECANTO DAS EMAS - DF","LATERAL ESQUERDA DA CASA10","LATERAL ESQUERDA DA CASA10",-15.902917,-48.068694,true,"Operante","","","26/05/2026 10:19:00","26/05/2026 10:19:00","","100mm",""
"hid_1572","2885","REC00010","2885","RECANTO DAS EMAS","QR 104 CONJUNTO 09 CASA 01 - RECANTO DAS EMAS - DF","LATERAL ESQUERDA DA CASA 01","LATERAL ESQUERDA DA CASA 01",-15.901583,-48.070333,true,"Operante","","","26/05/2026 10:34:00","26/05/2026 10:34:00","","100mm",""
"hid_1573","2886","REC00011","2886","RECANTO DAS EMAS","QR 104 CONJUNTO 13 CASA 02 - RECANTO DAS EMAS - DF","LATERAL DIREITA DA CASA 02.","LATERAL DIREITA DA CASA 02.",-15.902972,-48.071611,true,"Operante","","","08/06/2026 09:11:00","08/06/2026 09:11:00","","100mm",""
"hid_1574","2887","REC00012","2887","RECANTO DAS EMAS","QR 104 CONJUNTO 17 CASA 20 - RECANTO DAS EMAS - DF","EM FRENTE A CASA 20","EM FRENTE A CASA 20",-15.901139,-48.072528,true,"Operante","","","26/05/2026 10:41:00","26/05/2026 10:41:00","","100mm",""
"hid_1575","2888","REC00013","2888","RECANTO DAS EMAS","QR 104/105 LOTE 3 NUCLEO DE INSPEÇÃO SANITARIA - SETOR HOSPITALAR - RECANTO DAS EMAS - DF","LATERAL DIREITA DO LOTE 3 / NA ÁREA VERDE / LATERAL DIREITA DO NUCLEO DE INSPEÇÃO SANITARIA.


HIDRANTE OPERANTE.","LATERAL DIREITA DO LOTE 3 / NA ÁREA VERDE / LATERAL DIREITA DO NUCLEO DE INSPEÇÃO SANITARIA.


HIDRANTE OPERANTE.",-15.903528,-48.073333,true,"Operante","TAMPA DE CONCRETO QUEBRADA OU REMOVIDA","","08/06/2026 09:14:00","08/06/2026 09:14:00","","100mm",""
"hid_1576","2889","REC00014","2889","RECANTO DAS EMAS","QR 104/105 LOTE 19 SETOR HOSPITALAR - RECANTO DAS EMAS - DF","LATERAL DIREITA DA CLÍNICA DA FAMÍLIA / EM FRENTE AO LOTE 19 - CLINICA DOUTOR IDEAL.

LOCALIZAÇÃO CORRETA: S15º 54' 09.0"" W48º 04' 25.6""


HIDRANTE OPERANTE.","LATERAL DIREITA DA CLÍNICA DA FAMÍLIA / EM FRENTE AO LOTE 19 - CLINICA DOUTOR IDEAL.

LOCALIZAÇÃO CORRETA: S15º 54' 09.0"" W48º 04' 25.6""


HIDRANTE OPERANTE.",-15.9025,-48.073778,true,"Operante","","","26/05/2026 10:42:00","26/05/2026 10:42:00","","100mm",""
"hid_1577","2890","REC00015","2890","RECANTO DAS EMAS","QR 104/105 SETOR HOSPITALAR LOTE 42/43/44 - RECANTO DAS EMAS - DF","LATERAL ESQUERDA DO LOTE 42/43/44 / NA ÁREA VERDE / ESTACIONAMENTO DO SETOR HOSPITALAR. 

HIDRANTE OPERANTE. PORÉM ENCONTRA-SE COM VAZAMENTO NO REGISTRO DE HIDRANTE. E NOS TAMPÕES.","LATERAL ESQUERDA DO LOTE 42/43/44 / NA ÁREA VERDE / ESTACIONAMENTO DO SETOR HOSPITALAR. 

HIDRANTE OPERANTE. PORÉM ENCONTRA-SE COM VAZAMENTO NO REGISTRO DE HIDRANTE. E NOS TAMPÕES.",-15.903861,-48.075417,true,"Operante","","","08/06/2026 09:16:00","08/06/2026 09:16:00","","100mm",""
"hid_1578","2891","REC00016","2891","RECANTO DAS EMAS","QR 104/105 EM FRENTE AOS LOTES 42/43/44 SETOR HOSPITALAR - RECANTO DAS EMAS - DF","VIA DE ACESSO A AVENIDA CENTRAL / ANTES DO ATACADÃO / ESTACIONAMENTO DO SETOR HOSPITALAR.


 HIDRANTE OPERANTE.","VIA DE ACESSO A AVENIDA CENTRAL / ANTES DO ATACADÃO / ESTACIONAMENTO DO SETOR HOSPITALAR.


 HIDRANTE OPERANTE.",-15.902944,-48.075056,false,"Inoperante","FALTA CABEÇOTE DA HASTE DO REGISTRO (LUVA); REGISTRO COM VAZAMENTO","","26/05/2026 10:52:00","26/05/2026 10:52:00","","100mm",""
"hid_1579","2892","REC00017","2892","RECANTO DAS EMAS","QR 104/105 ESTACIONAMENTO SETOR HOSPITALAR FUNDOS LOTES 42/43/44 - RECANTO DAS EMAS - DF","NO FUNDO DOS LOTES 42/43/44 / ESTACIONAMENTO DO SETOR HOSPITALAR.","NO FUNDO DOS LOTES 42/43/44 / ESTACIONAMENTO DO SETOR HOSPITALAR.",-15.903917,-48.076361,true,"Operante","","","08/06/2026 09:17:00","08/06/2026 09:17:00","","100mm",""
"hid_1580","2895","REC00020","2895","RECANTO DAS EMAS","QR 105 CONJUNTO 04 CASA 12 - RECANTO DAS EMAS - DF","LATERAL DIREITA DA CASA 12.

LOCALIZAÇÃO CORRETA: S15º 54' 09.3"" W48º 04' 40.5""","LATERAL DIREITA DA CASA 12.

LOCALIZAÇÃO CORRETA: S15º 54' 09.3"" W48º 04' 40.5""",-15.902556,-48.077944,true,"Operante","","","08/06/2026 09:25:00","08/06/2026 09:25:00","","100mm",""
"hid_1581","2896","REC00021","2896","RECANTO DAS EMAS","QR 105 CONJUNTO 09 CASA 07 - RECANTO DAS EMAS - DF","NA ÁREA VERDE / LATERAL DIREITA DA CASA 07.

HIDRANTE OPERANTE.","NA ÁREA VERDE / LATERAL DIREITA DA CASA 07.

HIDRANTE OPERANTE.",-15.905222,-48.079528,true,"Operante","","","08/06/2026 09:38:00","08/06/2026 09:38:00","","100mm",""
"hid_1582","2897","REC00022","2897","RECANTO DAS EMAS","QR 105 CONJUNTO 12 CASA 09 - RECANTO DAS EMAS - DF","LATERAL DIREITA DA CASA 09 / ENTRE O MURO.","LATERAL DIREITA DA CASA 09 / ENTRE O MURO.",-15.904194,-48.08075,true,"Operante","","","08/06/2026 09:40:00","08/06/2026 09:40:00","","100mm",""
"hid_1583","2898","REC00023","2898","RECANTO DAS EMAS","QR 106 CONJUNTO 01 CASA 14 - RECANTO DAS EMAS - DF","LATERAL DIREITA DA CASA 14.","LATERAL DIREITA DA CASA 14.",-15.90475,-48.081556,true,"Operante","","","08/06/2026 09:42:00","08/06/2026 09:42:00","","100mm",""
"hid_1584","2899","REC00024","2899","RECANTO DAS EMAS","QR 106 CONJUNTO 02 CEF 106 - RECANTO DAS EMAS - DF","LATERAL ESQUERDA DO CENTRO DE ENSINO FUNDAMENTAL CEF 106 / FUNDOS DO SUPERMERCADO TATICO.

LOCALIZAÇÃO CORRETA: S15º 54' 21.0"" W48º 04' 54.0""

HIDRANTE OPERANTE.","LATERAL ESQUERDA DO CENTRO DE ENSINO FUNDAMENTAL CEF 106 / FUNDOS DO SUPERMERCADO TATICO.

LOCALIZAÇÃO CORRETA: S15º 54' 21.0"" W48º 04' 54.0""

HIDRANTE OPERANTE.",-15.905722,-48.081778,true,"Operante","","","08/06/2026 09:45:00","08/06/2026 09:45:00","","100mm",""
"hid_1585","2902","SEB00028","2902","SAO SEBASTIAO","SHJM QUADRA 12 RUA G CASA 44","EM FRENTE A CASA 44","EM FRENTE A CASA 44",-15.897747,-47.800778,true,"Operante","FALTA CABEÇOTE DA HASTE DO REGISTRO (LUVA)","","10/09/2025 09:37:00","10/09/2025 09:37:00","","100mm",""
"hid_1586","2904","SEB00030","2904","SAO SEBASTIAO","SHJM QUADRA 02 RUA H TORRE H 1","LATERALDIREITA DA TORRE H1","LATERALDIREITA DA TORRE H1",-15.891742,-47.815933,true,"Operante","FALTA CABEÇOTE DA HASTE DO REGISTRO (LUVA)","","09/09/2025 09:12:00","09/09/2025 09:12:00","","100mm",""
"hid_1587","2905","SEB00031","2905","SAO SEBASTIAO","SHJM QUADRA 02 RUA K TORRE K 04","LATERAL DIREITA DA TORRE K 04","LATERAL DIREITA DA TORRE K 04",-15.889694,-47.816786,true,"Operante","","","09/09/2025 09:08:00","09/09/2025 09:08:00","","100mm",""
"hid_1588","2906","SEB00032","2906","SAO SEBASTIAO","SHJM QUADRA 04 ENTRADA RUA B PROXIMO A PORTARIA","ENTRADA PROXIMO A PORTARIA","ENTRADA PROXIMO A PORTARIA",-15.891081,-47.813303,true,"Operante","","","09/09/2025 09:24:00","09/09/2025 09:24:00","","100mm",""
"hid_1589","2908","SEB00033","2908","SAO SEBASTIAO","QUADRA 102 CONJUNTO 02 CASA 20,","AO LADO DA UPA","AO LADO DA UPA",-15.900703,-47.777889,false,"Inoperante","REGISTRO DANIFICADO","","25/09/2025 09:00:00","25/09/2025 09:00:00","","100mm",""
"hid_1590","2909","SEB00034","2909","SAO SEBASTIAO","QUADRA 102 CONJUNTO 02 CASA 21","RUA DOS FUNDOS DA UPA","RUA DOS FUNDOS DA UPA",-15.899547,-47.777011,true,"Operante","","","25/09/2025 10:00:00","25/09/2025 10:00:00","","100mm",""
"hid_1591","2910","SEB00035","2910","SAO SEBASTIAO","QUADRA 102 CONJUNTO 23 CASA 10","EM FRENTE A CASA 10","EM FRENTE A CASA 10",-15.898172,-47.77925,true,"Operante","","","25/09/2025 10:30:00","25/09/2025 10:30:00","","100mm",""
"hid_1592","2912","SEB00037","2912","SAO SEBASTIAO","QUADRA 103 CONJUNTO 16 CASA 25","RUA DO SUPERMERCADO UNIÃO","RUA DO SUPERMERCADO UNIÃO",-15.897075,-47.781836,true,"Operante","","","22/09/2025 08:30:00","22/09/2025 08:30:00","","100mm",""
"hid_1593","2913","SEB00038","2913","SAO SEBASTIAO","ULTRABOX ATACADISTA - QUADRA 104 CONJUNTO 10 / QUADRA 01 CONJUNTO 08","ULTRABOX ATACADISTA AREA VERDE/ESTACIOMEMTO","ULTRABOX ATACADISTA AREA VERDE/ESTACIOMEMTO",-15.892492,-47.783186,true,"Operante","","","22/09/2025 09:12:00","22/09/2025 09:12:00","","100mm",""
"hid_1594","2914","SEB00039","2914","SAO SEBASTIAO","SHJM EM FRENTE A QUADRA 15","CANTEIRO CENTRAL DA AVENIDA MANGUEIRAL","CANTEIRO CENTRAL DA AVENIDA MANGUEIRAL",-15.895724,-47.798255,true,"Operante","","","10/09/2025 09:41:00","10/09/2025 09:41:00","","100mm",""
"hid_1595","2917","STM00095","2917","SANTA MARIA","Qr 302 Conjunto B - Santa Maria, Brasília - DF, 72501-501, Brasil","Em frente à casa 42 / Via de acesso à Av. Santa Maria","Em frente à casa 42 / Via de acesso à Av. Santa Maria",-16.0415,-48.027917,true,"Operante","REGISTRO COM VAZAMENTO","","26/03/2026 21:14:00","26/03/2026 21:14:00","","100mm",""
"hid_1596","2918","STM00096","2918","SANTA MARIA","Eq 302/303 Conjunto K - Santa Maria, Brasília - DF, 72502-507, Brasil","Em frente à casa 4 / Via de acesso à Av. Alagados","Em frente à casa 4 / Via de acesso à Av. Alagados",-16.038444,-48.030611,true,"Operante","","","26/03/2026 21:16:00","26/03/2026 21:16:00","","100mm",""
"hid_1597","2919","STM00097","2919","SANTA MARIA","Qr 303 Conjunto J - Santa Maria, Brasília - DF, 72503-508, Brasil","Em frente à casa 4 / Via de acesso à Av. Santa Maria","Em frente à casa 4 / Via de acesso à Av. Santa Maria",-16.036694,-48.030278,true,"Operante","","","26/03/2026 21:15:00","26/03/2026 21:15:00","","100mm",""
"hid_1598","2920","STM00098","2920","SANTA MARIA","QR 304 CONJUNTO A LOTE 1 - SANTA MARIA-DF","EM FRENTE AO LOTE 1/IGREJA DE DEUS NO BRASIL.

LOCALIZAÇÃO CORRETA: S16º 02' 07.3"" W48º 01' 41.1""","EM FRENTE AO LOTE 1/IGREJA DE DEUS NO BRASIL.

LOCALIZAÇÃO CORRETA: S16º 02' 07.3"" W48º 01' 41.1""",-16.035333,-48.028083,true,"Operante","","","07/04/2026 20:31:00","07/04/2026 20:31:00","","100mm",""
"hid_1599","2921","STM00099","2921","SANTA MARIA","Qr 304 Conjunto C - Santa Maria, Brasília - DF, 72503-600, Brasil","Em frente à casa 12 / Mercado Hiperbox","Em frente à casa 12 / Mercado Hiperbox",-16.034806,-48.029306,true,"Operante","","","26/03/2026 21:13:00","26/03/2026 21:13:00","","100mm",""
"hid_1600","2922","STM00100","2922","SANTA MARIA","Qr 304 Conjunto G - Santa Maria, Brasília - DF, 72504-500, Brasil","Em frente à casa 12 / Via de acesso à Av. Alagados","Em frente à casa 12 / Via de acesso à Av. Alagados",-16.033472,-48.03,true,"Operante","","","26/03/2026 20:58:00","26/03/2026 20:58:00","","100mm",""
"hid_1601","2923","STM00101","2923","SANTA MARIA","QR 304 Conjunto P CASA 17 - Santa Maria, Brasília - DF, 72504-516, Brasil","Em frente à casa 17 / Via de acesso à Av. Alagados","Em frente à casa 17 / Via de acesso à Av. Alagados",-16.032,-48.029722,true,"Operante","","","26/03/2026 20:58:00","26/03/2026 20:58:00","","100mm",""
"hid_1602","2924","STM00102","2924","SANTA MARIA","Eq 304/307/Qr 307 Conjunto A - Santa Maria, Brasília - DF, 72504-305, Brasil","Fundos / Direita do CAIC / Via de acesso à Av. Santa Maria","Fundos / Direita do CAIC / Via de acesso à Av. Santa Maria",-16.0305,-48.027861,true,"Operante","","","26/03/2026 20:59:00","26/03/2026 20:59:00","","100mm",""
"hid_1603","2926","SEB00043","2926","SAO SEBASTIAO","SHJM Quadra 11 Rua B Casa 02","à esquerda da casa 02","à esquerda da casa 02",-15.893222,-47.800917,true,"Operante","","","10/09/2025 10:15:00","10/09/2025 10:15:00","","100mm",""
"hid_1604","2927","SEB00044","2927","SAO SEBASTIAO","SHJM Quadra 11 RUA E torre E-3","Próximo a rua E","Próximo a rua E",-15.891917,-47.801639,true,"Operante","","","10/09/2025 10:18:00","10/09/2025 10:18:00","","100mm",""
"hid_1605","2928","SEB00045","2928","SAO SEBASTIAO","SHJM Quadra 11 Rua D","FRENTE TORRE D-2","FRENTE TORRE D-2",-15.891833,-47.800972,true,"Operante","","","10/09/2025 10:20:00","10/09/2025 10:20:00","","100mm",""
"hid_1606","2929","SEB00046","2929","SAO SEBASTIAO","SHJM Quadra 11 torre H2","Em frente a torre H2","Em frente a torre H2",-15.890889,-47.799528,true,"Operante","","","10/09/2025 10:23:00","10/09/2025 10:23:00","","100mm",""
"hid_1607","2930","STM00103","2930","SANTA MARIA","CL 307 LOTE A1 - Santa Maria, Brasília - DF, 72507-506, Brasil","FRENTE QR 307 B CS 2 . Santa Maria","FRENTE QR 307 B CS 2 . Santa Maria",-16.030861,-48.026583,true,"Operante","","","26/03/2026 21:01:00","26/03/2026 21:01:00","","100mm",""
"hid_1608","2931","STM00104","2931","SANTA MARIA","CL 307 Lote D - Santa Maria, Brasília - DF, 72507-506, Brasil","Em frente ao Centro Educacional Expoente / Via de acesso à Av. Santa Maria","Em frente ao Centro Educacional Expoente / Via de acesso à Av. Santa Maria",-16.029472,-48.025222,true,"Operante","","","26/03/2026 21:01:00","26/03/2026 21:01:00","","100mm",""
"hid_1609","2932","STM00105","2932","SANTA MARIA","QR 308 CONJUNTO A CASA 25 - SANTA MARIA-DF","AO LADO DA CASA 25 / A DIREITA DA EC 318 / VIA DE ACESSO A AVENIDA SANTA MARIA.","AO LADO DA CASA 25 / A DIREITA DA EC 318 / VIA DE ACESSO A AVENIDA SANTA MARIA.",-16.027361,-48.023083,true,"Operante","","","26/03/2026 21:02:00","26/03/2026 21:02:00","","100mm",""
"hid_1610","2933","STM00106","2933","SANTA MARIA","QR 308 CONJUNTO F CASA 28 - SANTA MARIA-DF","EM FRENTE A CASA 28 / VIA DE ACESSO A AVENIDA SANTA MARIA.","EM FRENTE A CASA 28 / VIA DE ACESSO A AVENIDA SANTA MARIA.",-16.025611,-48.022139,true,"Operante","","","26/03/2026 21:02:00","26/03/2026 21:02:00","","100mm",""
"hid_1611","2934","STM00107","2934","SANTA MARIA","Qr 308 - Conjunto I - Santa Maria, Brasília - DF, 72508-500, Brasil","Em frente à casa 22 / Via de acesso à Av. Santa Maria","Em frente à casa 22 / Via de acesso à Av. Santa Maria",-16.026028,-48.024083,true,"Operante","","","26/03/2026 21:03:00","26/03/2026 21:03:00","","100mm",""
"hid_1612","2936","STM00108","2936","SANTA MARIA","QR 308 CONJUNTO L CASA 19 - SANTA MARIA-DF","EM FRENTE A CASA 19 / BARBEARIA NO BROOKLIN / VIA DE ACESSO A AVENIDA SANTA MARIA.","EM FRENTE A CASA 19 / BARBEARIA NO BROOKLIN / VIA DE ACESSO A AVENIDA SANTA MARIA.",-16.024583,-48.022917,true,"Operante","","","31/03/2026 21:57:00","31/03/2026 21:57:00","","100mm",""
"hid_1613","2937","STM00109","2937","SANTA MARIA","CL 308 LOTE A - SANTA MARIA-DF","AO LADO DA IGREJA JESUS VIVE / EM FRENTE O SLU - NUCLEO DE LIMPEZA DE SANTA MARIA. NA AVENIDA SANTA MARIA.","AO LADO DA IGREJA JESUS VIVE / EM FRENTE O SLU - NUCLEO DE LIMPEZA DE SANTA MARIA. NA AVENIDA SANTA MARIA.",-16.028806,-48.02375,true,"Operante","","","31/03/2026 22:00:00","31/03/2026 22:00:00","","100mm",""
"hid_1614","2939","STM00110","2939","SANTA MARIA","CL 309 LOTE H - SANTA MARIA-DF","ENTRE A CINZECAR MOVEIS E A IGREJA INTERNACIONAL EIS-ME AQUI / VIA DE ACESSO A AVENIDA SANTA MARIA.

LOCALIZAÇÃO CORRETA: S16º 01' 30.9"" W48º 01' 06.7""","ENTRE A CINZECAR MOVEIS E A IGREJA INTERNACIONAL EIS-ME AQUI / VIA DE ACESSO A AVENIDA SANTA MARIA.

LOCALIZAÇÃO CORRETA: S16º 01' 30.9"" W48º 01' 06.7""",-16.025278,-48.018417,true,"Operante","","","23/03/2026 10:20:00","23/03/2026 10:20:00","","100mm",""
"hid_1615","2940","STM00111","2940","SANTA MARIA","Qr 309 Conjunto M - Santa Maria, Brasília - DF, 72509-500, Brasil","Em frente à casa 15","Em frente à casa 15",-16.023861,-48.019472,true,"Operante","","","31/03/2026 22:01:00","31/03/2026 22:01:00","","100mm",""
"hid_1616","2943","REC00025","2943","RECANTO DAS EMAS","QR 106 CONJUNTO 4 CASA 7 - RECANTO DAS EMAS-DF","FRENTE A CASA 07.

LOCALIZAÇÃO CORRETA: S15º 54' 23.8"" W48º 05' 01.0""","FRENTE A CASA 07.

LOCALIZAÇÃO CORRETA: S15º 54' 23.8"" W48º 05' 01.0""",-15.906639,-48.083611,true,"Operante","","","21/07/2026 09:09:00","21/07/2026 09:09:00","","100mm",""
"hid_1617","2944","REC00026","2944","RECANTO DAS EMAS","QR 106 CONJUNTO 6 CASA 01 - RECANTO DAS EMAS - DF","ESQUINA CASA 01

LOCALIZAÇÃO CORRETA: S15º 54' 21.9"" W48º 05' 04.1""","ESQUINA CASA 01

LOCALIZAÇÃO CORRETA: S15º 54' 21.9"" W48º 05' 04.1""",-15.906111,-48.084472,true,"Operante","","","21/07/2026 09:18:00","21/07/2026 09:18:00","","100mm",""
"hid_1618","2945","REC00027","2945","RECANTO DAS EMAS","QR 107 CONJUNTO 01 CASA 15 - RECANTO DAS EMAS - DF","ESQUINA CASA 15

LOCALIUZAÇÃO CORRETA: S15º 54' 22.7 W48º 05' 07.0","ESQUINA CASA 15

LOCALIUZAÇÃO CORRETA: S15º 54' 22.7 W48º 05' 07.0",-15.906361,-48.085361,true,"Operante","","","08/06/2026 09:49:00","08/06/2026 09:49:00","","100mm",""
"hid_1619","2946","REC00028","2946","RECANTO DAS EMAS","Q 107 CONJUNTO 6 CASA 16 - RECANTO DAS EMAS - DF","ESQUINA DA CASA 16","ESQUINA DA CASA 16",-15.907417,-48.08825,true,"Operante","","","21/07/2026 09:23:00","21/07/2026 09:23:00","","100mm",""
"hid_1620","2947","REC00029","2947","RECANTO DAS EMAS","QR 107 LOTE 10 (FUNDOS) ARÉA ESPECIAL - RECANTO DAS EMAS - DF","AOS FUNDOS DO LOTE 10 / FUNDOS DA IGREJA COMUNIDADE DAS NAÇÕES NA AVENIDA PRINCIPAL.","AOS FUNDOS DO LOTE 10 / FUNDOS DA IGREJA COMUNIDADE DAS NAÇÕES NA AVENIDA PRINCIPAL.",-15.908389,-48.087,true,"Operante","","","08/06/2026 09:54:00","08/06/2026 09:54:00","","100mm",""
"hid_1621","2948","REC00030","2948","RECANTO DAS EMAS","QR 108 CONJUNTO O1 CASA 24 - RECANTO DAS EMAS - DF","ATRÁS DO POSTO YPIRANGA","ATRÁS DO POSTO YPIRANGA",-15.908861,-48.088722,true,"Operante","","","08/06/2026 09:56:00","08/06/2026 09:56:00","","100mm",""
"hid_1622","2949","REC00031","2949","RECANTO DAS EMAS","Q 108 CONJUNTO 6 CASA 18 - RECANTO DAS EMAS - DF","FRENTE CASA 18","FRENTE CASA 18",-15.909444,-48.091056,true,"Operante","","","08/06/2026 09:59:00","08/06/2026 09:59:00","","100mm",""
"hid_1623","2950","REC00032","2950","RECANTO DAS EMAS","Q 108 CONJUNTO 8 CASA 15 - RECANTO DAS EMAS - DF","ESQUINA DA CASA 15","ESQUINA DA CASA 15",-15.908444,-48.091944,true,"Operante","FALTA TAMPÃO DE 2.1/2""","","08/06/2026 10:01:00","08/06/2026 10:01:00","","100mm",""
"hid_1624","2954","SIA00001","2954","SIA (SETOR DE INDUSTRIA E ABASTECIMENTO)","SIA SUL QUADRA 2 C","EM FRENTE AO OLIMPUS E AO SIA PARK HOTEL","EM FRENTE AO OLIMPUS E AO SIA PARK HOTEL",-15.806168,-47.950987,true,"Operante","","","23/07/2026 10:25:00","23/07/2026 10:25:00","","100mm",""
"hid_1625","2956","SIA00003","2956","SIA (SETOR DE INDUSTRIA E ABASTECIMENTO)","SIA SUL QUADRA 5 C LOTE 1","EM FRENTE AO GP2 PNEUS","EM FRENTE AO GP2 PNEUS",-15.805333,-47.949662,true,"Operante","","","23/07/2026 10:27:00","23/07/2026 10:27:00","","100mm",""
"hid_1626","2958","SIA00004","2958","SIA (SETOR DE INDUSTRIA E ABASTECIMENTO)","SIA SUL QUADRA 5C LOTE 5","EM FRENTE AO FANTASY MOTEL","EM FRENTE AO FANTASY MOTEL",-15.80687,-47.949416,true,"Operante","","","23/07/2026 10:29:00","23/07/2026 10:29:00","","100mm",""
"hid_1627","2959","SIA00005","2959","SIA (SETOR DE INDUSTRIA E ABASTECIMENTO)","SIA SUL QUADRA 5 C LOTE 5","LATERAL MOTEL FANTASY/ FUNDO DA MULTI-RODAS","LATERAL MOTEL FANTASY/ FUNDO DA MULTI-RODAS",-15.806332,-47.949121,true,"Operante","","","23/07/2026 10:29:00","23/07/2026 10:29:00","","100mm",""
"hid_1628","2960","SIA00006","2960","SIA (SETOR DE INDUSTRIA E ABASTECIMENTO)","SIA SUL QUADRA 3C LOTE 24","FRENTE A FUSION SOLLUÇÕES EM IMPRESSÕES","FRENTE A FUSION SOLLUÇÕES EM IMPRESSÕES",-15.805512,-47.948939,true,"Operante","","","23/07/2026 10:28:00","23/07/2026 10:28:00","","100mm",""
"hid_1629","2961","SIA00007","2961","SIA (SETOR DE INDUSTRIA E ABASTECIMENTO)","SIA SUL QUADRA 5C LOTE 3/4","EM FRENTE A RENOSSAN","EM FRENTE A RENOSSAN",-15.805139,-47.948904,true,"Operante","","","23/07/2026 10:30:00","23/07/2026 10:30:00","","100mm",""
"hid_1630","2962","SIA00008","2962","SIA (SETOR DE INDUSTRIA E ABASTECIMENTO)","SIA SUL QUADRA 5 C LOTE 49","EM FRENTE A ESTRELA EQUIPAMENTOS","EM FRENTE A ESTRELA EQUIPAMENTOS",-15.803747,-47.948689,true,"Operante","","","23/07/2026 10:30:00","23/07/2026 10:30:00","","100mm",""
"hid_1631","2964","SIA00010","2964","SIA (SETOR DE INDUSTRIA E ABASTECIMENTO)","SIA TRECHO 1 LOTE 290/320","ATRÁS DA CITROEN ST MORITZ - VIA EPTG SENTIDO TAGUATINGA","ATRÁS DA CITROEN ST MORITZ - VIA EPTG SENTIDO TAGUATINGA",-15.808927,-47.954859,true,"Operante","","","22/07/2026 10:24:00","22/07/2026 10:24:00","","100mm",""
"hid_1632","2965","SIA00011","2965","SIA (SETOR DE INDUSTRIA E ABASTECIMENTO)","SIA TRECHO 1 LOTE 555/580","FUNDO DA BRASAL - VIA EPTG SENTIDO TAGUATINGA","FUNDO DA BRASAL - VIA EPTG SENTIDO TAGUATINGA",-15.808667,-47.956589,true,"Operante","","","22/07/2026 10:25:00","22/07/2026 10:25:00","","100mm",""
"hid_1633","2966","SIA00012","2966","SIA (SETOR DE INDUSTRIA E ABASTECIMENTO)","SIA TRECHO 1 LOTE 630 /760","TERRENO BALDIO VIA EPTG SENTIDO TAGUATINGA","TERRENO BALDIO VIA EPTG SENTIDO TAGUATINGA",-15.808376,-47.958533,true,"Operante","","","22/07/2026 10:26:00","22/07/2026 10:26:00","","100mm",""
"hid_1634","2969","SIA00014","2969","SIA (SETOR DE INDUSTRIA E ABASTECIMENTO)","SIA TRECHO 1 LOTE 1120","FUNDOS DA VIAÇÃO ALFA LUZ -VIA EPTG","FUNDOS DA VIAÇÃO ALFA LUZ -VIA EPTG",-15.807794,-47.962285,true,"Operante","","","22/07/2026 10:27:00","22/07/2026 10:27:00","","100mm",""
"hid_1635","2970","SIA00015","2970","SIA (SETOR DE INDUSTRIA E ABASTECIMENTO)","SIA TRECHO 1 LOTE 1290/1340","ATRÁS DA IPANEMA SEGURANÇA","ATRÁS DA IPANEMA SEGURANÇA",-15.807554,-47.963924,true,"Operante","","","22/07/2026 10:28:00","22/07/2026 10:28:00","","100mm",""
"hid_1636","2971","SIA00016","2971","SIA (SETOR DE INDUSTRIA E ABASTECIMENTO)","SIA TRECHO 1 LOTE 1530/1560","ATRÁS DA STRAK AUTOMOVEIS - VIA EPTG","ATRÁS DA STRAK AUTOMOVEIS - VIA EPTG",-15.807235,-47.966077,false,"Inoperante","FALTA TAMPÃO DE 2.1/2""","","14/07/2026 10:49:00","14/07/2026 10:49:00","","100mm",""
"hid_1637","2972","SIA00017","2972","SIA (SETOR DE INDUSTRIA E ABASTECIMENTO)","SIA TRECHO 1 LOTE 1760","FUNDOS DA HC PNEUS VIA EPTG","FUNDOS DA HC PNEUS VIA EPTG",-15.806964,-47.96796,false,"Inoperante","","","14/07/2026 10:36:00","14/07/2026 10:36:00","","100mm",""
"hid_1638","2973","SIA00018","2973","SIA (SETOR DE INDUSTRIA E ABASTECIMENTO)","SIA TRECHO 02 LOTE 180","EM FRENTE A PREMIER NISSAN","EM FRENTE A PREMIER NISSAN",-15.806999,-47.953063,true,"Operante","","","23/07/2026 09:56:00","23/07/2026 09:56:00","","100mm",""
"hid_1639","2974","SIA00019","2974","SIA (SETOR DE INDUSTRIA E ABASTECIMENTO)","SIA TRECHO 02 LOTE-340","EM FRENTE SUPREMA VEÍCULOS","EM FRENTE SUPREMA VEÍCULOS",-15.806716,-47.954909,true,"Operante","","","23/07/2026 09:57:00","23/07/2026 09:57:00","","100mm",""
"hid_1640","2975","SIA00020","2975","SIA (SETOR DE INDUSTRIA E ABASTECIMENTO)","SIA TRECHO 2 LOTE 590","EM FRENTE A BRASAL, PORÉM NO LADO OPOSTO DA PISTA","EM FRENTE A BRASAL, PORÉM NO LADO OPOSTO DA PISTA",-15.806397,-47.956814,false,"Inoperante","REGISTRO COM VAZAMENTO","","14/07/2026 10:28:00","14/07/2026 10:28:00","","100mm",""
"hid_1641","2976","SIA00021","2976","SIA (SETOR DE INDUSTRIA E ABASTECIMENTO)","SIA TRECHO 2 LOTE 770","EM FRENTE A GRIFFE PNEUS","EM FRENTE A GRIFFE PNEUS",-15.806099,-47.958787,true,"Operante","","","23/07/2026 09:59:00","23/07/2026 09:59:00","","100mm",""
"hid_1642","2977","SIA00022","2977","SIA (SETOR DE INDUSTRIA E ABASTECIMENTO)","SIA TRECHO 2 LOTE 910/ 920","EM FRENTE A LOCALIZA","EM FRENTE A LOCALIZA",-15.805311,-47.964086,true,"Operante","","","23/07/2026 10:00:00","23/07/2026 10:00:00","","100mm",""
"hid_1643","2978","SIA00023","2978","SIA (SETOR DE INDUSTRIA E ABASTECIMENTO)","SIA TRECHO 2 LOTE 980","EM FRENTE A CLARAMAR","EM FRENTE A CLARAMAR",-15.805699,-47.961405,true,"Operante","","","14/07/2026 10:13:00","14/07/2026 10:13:00","","100mm",""
"hid_1644","2979","SIA00024","2979","SIA (SETOR DE INDUSTRIA E ABASTECIMENTO)","SIA TRECHO 2 LOTE 1480","EM FRENTE AO RESTAURANTE","EM FRENTE AO RESTAURANTE",-15.805055,-47.965473,true,"Operante","","","23/07/2026 10:05:00","23/07/2026 10:05:00","","100mm",""
"hid_1645","2980","SIA00025","2980","SIA (SETOR DE INDUSTRIA E ABASTECIMENTO)","SIA TRECHO LOTE 1920","EM FRENTE A CONDOR","EM FRENTE A CONDOR",-15.804819,-47.967367,true,"Operante","","","23/07/2026 10:06:00","23/07/2026 10:06:00","","100mm",""
"hid_1646","2981","SIA00026","2981","SIA (SETOR DE INDUSTRIA E ABASTECIMENTO)","SIA TRECHO 2 LOTE 1760","EM FRENTE A HYUNDAI","EM FRENTE A HYUNDAI",-15.804413,-47.968041,true,"Operante","","","22/07/2026 10:32:00","22/07/2026 10:32:00","","100mm",""
"hid_1647","2982","SIA00027","2982","SIA (SETOR DE INDUSTRIA E ABASTECIMENTO)","SIA TRECHO AE 01","FUNDOS DO 3º GBM","FUNDOS DO 3º GBM",-15.804019,-47.968525,true,"Operante","","","22/07/2026 10:49:00","22/07/2026 10:49:00","","100mm",""
"hid_1648","2983","SIA00028","2983","SIA (SETOR DE INDUSTRIA E ABASTECIMENTO)","SIA TRECHO 2 AE 01","AO LADO DO 3º GBM","AO LADO DO 3º GBM",-15.804217,-47.969025,true,"Operante","","","22/07/2026 10:50:00","22/07/2026 10:50:00","","100mm",""
"hid_1649","2984","SIA00029","2984","SIA (SETOR DE INDUSTRIA E ABASTECIMENTO)","SIA TRECHO 2 LOTE 121 - BRASILIA-DF","LADO DIREITO DA GRAVIA","LADO DIREITO DA GRAVIA",-15.805096,-47.952415,true,"Operante","","","22/07/2026 12:14:00","22/07/2026 12:14:00","","100mm",""
"hid_1650","2985","SIA00030","2985","SIA (SETOR DE INDUSTRIA E ABASTECIMENTO)","SIA TRECHO 02 LOTE 385 - BRASILIA-DF","EM FRENTE A TOZETTI MADEIRAS","EM FRENTE A TOZETTI MADEIRAS",-15.804681,-47.955229,true,"Operante","","","22/07/2026 10:42:00","22/07/2026 10:42:00","","100mm",""
"hid_1651","2986","SIA00031","2986","SIA (SETOR DE INDUSTRIA E ABASTECIMENTO)","SIA TRECHO 2 LOTE 945 - BRASILIA-DF","EM FRENTE A CASA IRACEMA","EM FRENTE A CASA IRACEMA",-15.80394,-47.960289,true,"Operante","","","22/07/2026 10:38:00","22/07/2026 10:38:00","","100mm",""
"hid_1652","2987","SIA00032","2987","SIA (SETOR DE INDUSTRIA E ABASTECIMENTO)","SIA TRECHO 2 LOTE 1270 - BRASILIA-DF","AO LADO DA YAKULT","AO LADO DA YAKULT",-15.803481,-47.963164,true,"Operante","","","22/07/2026 10:36:00","22/07/2026 10:36:00","","100mm",""
"hid_1653","2988","SIA00033","2988","SIA (SETOR DE INDUSTRIA E ABASTECIMENTO)","SIA TRECHO 02 LOTE 1475 - BRASILIA-DF","EM FRENTE AO RESTAURANTE NOSSO CANTINHO - QUIOSQUE 26 / EM FRENTE A 8ª DP","EM FRENTE AO RESTAURANTE NOSSO CANTINHO - QUIOSQUE 26 / EM FRENTE A 8ª DP",-15.80319,-47.965096,true,"Operante","","","22/07/2026 10:35:00","22/07/2026 10:35:00","","100mm",""
"hid_1654","2990","SIA00034","2990","SIA (SETOR DE INDUSTRIA E ABASTECIMENTO)","sia trecho 3 lote 470/480","próximo ao Ki acabamentos","próximo ao Ki acabamentos",-15.80437,-47.955687,true,"Operante","","","22/07/2026 10:44:00","22/07/2026 10:44:00","","100mm",""
"hid_1655","2993","STM00113","2993","SANTA MARIA","Qr 310 Conjunto I - Santa Maria, Brasília - DF, 72510-500, Brasil","Em frente à casa 06 / Via de acesso à Av. Santa Maria","Em frente à casa 06 / Via de acesso à Av. Santa Maria",-16.023167,-48.018556,true,"Operante","","","31/03/2026 22:02:00","31/03/2026 22:02:00","","100mm",""
"hid_1656","2994","STM00114","2994","SANTA MARIA","CL 310 BLOCO G LOTE 10 LOJA 1 AVENIDA SANTA MARIA - SANRA MARIA-DF","EM FRENTE LOTE 10 LOJA 1 / AVENIDA SANTA MARIA.

LOCALIZAÇÃO CORRETA: S16º 01' 27.6"" W48º 01' 00.9","EM FRENTE LOTE 10 LOJA 1 / AVENIDA SANTA MARIA.

LOCALIZAÇÃO CORRETA: S16º 01' 27.6"" W48º 01' 00.9",-16.024417,-48.017,true,"Operante","","","23/03/2026 10:20:00","23/03/2026 10:20:00","","100mm",""
"hid_1657","2995","STM00115","2995","SANTA MARIA","Qr 310 Conjunto I Q - Santa Maria, Brasília - DF, 72510-500, Brasil","Em frente à casa 16 / Via de acesso à Av. Santa Maria","Em frente à casa 16 / Via de acesso à Av. Santa Maria",-16.022,-48.016944,true,"Operante","","","23/03/2026 10:24:00","23/03/2026 10:24:00","","100mm",""
"hid_1658","2996","STM00116","2996","SANTA MARIA","CL 310 - SANTA MARIA-DF","PROXIMO AO CED 310 / EM FRENTE AO CENTRO ESPIRITA GENTIL CORREA / NA AVENIDA SANTA MARIA.","PROXIMO AO CED 310 / EM FRENTE AO CENTRO ESPIRITA GENTIL CORREA / NA AVENIDA SANTA MARIA.",-16.023694,-48.015861,true,"Operante","","","23/03/2026 10:19:00","23/03/2026 10:19:00","","100mm",""
"hid_1659","2997","STM00117","2997","SANTA MARIA","QR 312 CONJUNTO H CASA 12 - SANTA MARIA - DF","EM FRENTE AO CAPS - CENTRO DE ATENÇÃO PSICOSSOCIAL.","EM FRENTE AO CAPS - CENTRO DE ATENÇÃO PSICOSSOCIAL.",-16.012833,-48.004667,true,"Operante","","","10/03/2026 15:35:00","10/03/2026 15:35:00","","100mm",""
"hid_1660","2998","STM00118","2998","SANTA MARIA","QR 312 CONJUNTO L CASA 25 - SANTA MARIA-DF","EM FRENTE A CASA 25 / IGREJA ASSEMBLEIA DE DEUS VISÃO EM CRISTO - ADVIC

LOCALIZAÇÃO CORRETA: S16º 00' 46.9"" W48º 00' 09.6""","EM FRENTE A CASA 25 / IGREJA ASSEMBLEIA DE DEUS VISÃO EM CRISTO - ADVIC

LOCALIZAÇÃO CORRETA: S16º 00' 46.9"" W48º 00' 09.6""",-16.0145,-48.00275,true,"Operante","","","10/03/2026 15:31:00","10/03/2026 15:31:00","","100mm",""
"hid_1661","2999","STM00119","2999","SANTA MARIA","CL 313 - Santa Maria, Brasília - DF, 72542-512, Brasil","Lateral esquerda do lote A / Via de acesso à Av. Santa Maria","Lateral esquerda do lote A / Via de acesso à Av. Santa Maria",-16.013028,-48.002806,true,"Operante","","","10/03/2026 15:29:00","10/03/2026 15:29:00","","100mm",""
"hid_1662","3000","STM00120","3000","SANTA MARIA","CL 312 Lote F - Santa Maria, Brasília - DF, 72542-500, Brasil","Lateral direita ao Ôba ôba Materiais de Construção / Via de acesso à Av. Santa Maria","Lateral direita ao Ôba ôba Materiais de Construção / Via de acesso à Av. Santa Maria",-16.014861,-48.004611,true,"Operante","","","10/03/2026 15:33:00","10/03/2026 15:33:00","","100mm",""
"hid_1663","3001","SIA00035","3001","SIA (SETOR DE INDUSTRIA E ABASTECIMENTO)","SIA TRECHO 3 LOTE 630","LADO ESQUERDO DA ECT SEDEX","LADO ESQUERDO DA ECT SEDEX",-15.804159,-47.957124,true,"Operante","","","22/07/2026 10:48:00","22/07/2026 10:48:00","","100mm",""
"hid_1664","3002","SIA00036","3002","SIA (SETOR DE INDUSTRIA E ABASTECIMENTO)","SIA TRECHO 3 LOTE 710 / SIA TRECHO 2 QUIOSQUE 17 - BRASILIA-DF","EM FRENTE A SÃO GERALDO / EM FRENTE AO QUIOSQUE 17.


LOCALIZAÇÃO CORRETA: S15º 48' 12.5"" W47º 57' 02.2""","EM FRENTE A SÃO GERALDO / EM FRENTE AO QUIOSQUE 17.


LOCALIZAÇÃO CORRETA: S15º 48' 12.5"" W47º 57' 02.2""",-15.80399,-47.958222,true,"Operante","","","22/07/2026 10:49:00","22/07/2026 10:49:00","","100mm",""
"hid_1665","3003","SIA00037","3003","SIA (SETOR DE INDUSTRIA E ABASTECIMENTO)","SIA TRECHO 3 LOTE 1830","EM FRENTE A CAENGE","EM FRENTE A CAENGE",-15.802392,-47.968843,true,"Operante","","","22/07/2026 10:52:00","22/07/2026 10:52:00","","100mm",""
"hid_1666","3004","SIA00038","3004","SIA (SETOR DE INDUSTRIA E ABASTECIMENTO)","SIA TRECHO 3 LOTE 2030/2040 - BRASILIA-DF","EM FRENTE A CORREGEDORIA DA PM E PRÓXIMO A MERCANTIL FARMED","EM FRENTE A CORREGEDORIA DA PM E PRÓXIMO A MERCANTIL FARMED",-15.802202,-47.970212,true,"Operante","","","22/07/2026 12:08:00","22/07/2026 12:08:00","","100mm",""
"hid_1667","3005","SIA00039","3005","SIA (SETOR DE INDUSTRIA E ABASTECIMENTO)","SIA TRECHO 4 LOTE 65/95 - BRASILIA-DF","LATERAL DIREITA DA ENTRADA DA SÃO JORGE / EM FRENTE A CERAT-CAIXA ECONOMICA FEDERAL DO SIA.


LOCALIZAÇÃO CORRETA: 15º 48' 11.1 W47º 57' 05.8""","LATERAL DIREITA DA ENTRADA DA SÃO JORGE / EM FRENTE A CERAT-CAIXA ECONOMICA FEDERAL DO SIA.


LOCALIZAÇÃO CORRETA: 15º 48' 11.1 W47º 57' 05.8""",-15.803038,-47.951618,true,"Operante","","","23/07/2026 10:21:00","23/07/2026 10:21:00","","100mm",""
"hid_1668","3006","SIA00040","3006","SIA (SETOR DE INDUSTRIA E ABASTECIMENTO)","SIA TRECHO 3/4 LOTE 245/255 - BRASILIA-DF","EM FRENTE A LOJA MOBIL OIL EXPRESS. 

LOCALIZAÇÃO CORRETA: S15º 48' 10.1"" W47º 57' 12.5","EM FRENTE A LOJA MOBIL OIL EXPRESS. 

LOCALIZAÇÃO CORRETA: S15º 48' 10.1"" W47º 57' 12.5",-15.802739,-47.953558,false,"Inoperante","TAMPA DA CAIXA LACRADA (CONCRETADA)","","14/07/2026 10:00:00","14/07/2026 10:00:00","","100mm",""
"hid_1669","3007","SIA00041","3007","SIA (SETOR DE INDUSTRIA E ABASTECIMENTO)","SIA TRECHO 3/4 LOTE 575 - BRASILIA-DF","EM FRENTE A ITATIAIA ATACADISTA / AO LADO DA HOME TECK.



 LOCALIZAÇÃO CORRETA: S15º 48' 09.0"" W47º 57' 19.3""","EM FRENTE A ITATIAIA ATACADISTA / AO LADO DA HOME TECK.



 LOCALIZAÇÃO CORRETA: S15º 48' 09.0"" W47º 57' 19.3""",-15.802463,-47.955365,false,"Inoperante","TAMPA DA CAIXA LACRADA (CONCRETADA)","","23/07/2026 10:20:00","23/07/2026 10:20:00","","100mm",""
"hid_1670","3008","SIA00042","3008","SIA (SETOR DE INDUSTRIA E ABASTECIMENTO)","SIA TRECHO 3/4 LOTE 629/695 - BRASILIA-DF","EM FRENTE AO SIA CENTER MALL.


LOCALIZAÇÃO CORRETA: S15º 48' 07.9 W47º 57' 26.8""","EM FRENTE AO SIA CENTER MALL.


LOCALIZAÇÃO CORRETA: S15º 48' 07.9 W47º 57' 26.8""",-15.802156,-47.957419,true,"Operante","","","23/07/2026 10:20:00","23/07/2026 10:20:00","","100mm",""
"hid_1671","3009","SIA00043","3009","SIA (SETOR DE INDUSTRIA E ABASTECIMENTO)","SIA TRECHO 3/4 LOTE 985 CONJUNTO D - BRASILIA-DF","EM FRENTE AO EDIFÍCIO MARINA OFFICE (SENAC)

LOCALIZAÇÃO CORRETA: S15º 48' 06.6 W47º 57' 36.1""","EM FRENTE AO EDIFÍCIO MARINA OFFICE (SENAC)

LOCALIZAÇÃO CORRETA: S15º 48' 06.6 W47º 57' 36.1""",-15.80176,-47.960016,true,"Operante","","","23/07/2026 10:12:00","23/07/2026 10:12:00","","100mm",""
"hid_1672","3010","SIA00044","3010","SIA (SETOR DE INDUSTRIA E ABASTECIMENTO)","SIA TRECHO 3/4 LOTE 1130/1180 - BRASILIA-DF","EM FRENTE A JORLAN CHEVROLET.


LOCALIZAÇÃO CORRETA: S15º 48' 05.5"" W47º 57' 43.1""","EM FRENTE A JORLAN CHEVROLET.


LOCALIZAÇÃO CORRETA: S15º 48' 05.5"" W47º 57' 43.1""",-15.801461,-47.961968,true,"Operante","","","22/07/2026 11:14:00","22/07/2026 11:14:00","","100mm",""
"hid_1673","3011","SIA00045","3011","SIA (SETOR DE INDUSTRIA E ABASTECIMENTO)","SIA TRECHO 3 LOTE 1375","EM FRENTE AO MARTELINHO DE OURO DAUTO AUTOCENTER","EM FRENTE AO MARTELINHO DE OURO DAUTO AUTOCENTER",-15.801148,-47.963813,true,"Operante","","","22/07/2026 11:13:00","22/07/2026 11:13:00","","100mm",""
"hid_1674","3012","SIA00046","3012","SIA (SETOR DE INDUSTRIA E ABASTECIMENTO)","SIA TRECHO 3 LOTE 1565","DEPÓSITO DE BRB","DEPÓSITO DE BRB",-15.800878,-47.9658,true,"Operante","","","22/07/2026 12:12:00","22/07/2026 12:12:00","","100mm",""
"hid_1675","3013","SIA00047","3013","SIA (SETOR DE INDUSTRIA E ABASTECIMENTO)","SIA TRECHO 4 LOTE 1840","EM FRENTE A OTIS","EM FRENTE A OTIS",-15.800188,-47.968219,true,"Operante","FALTA CABEÇOTE DA HASTE DO REGISTRO (LUVA)","","23/07/2026 10:11:00","23/07/2026 10:11:00","","100mm",""
"hid_1676","3014","SIA00048","3014","SIA (SETOR DE INDUSTRIA E ABASTECIMENTO)","SIA TRECHO 3 LOTE 2005","EM FRENTE A ENGENHARIA SOLTEC","EM FRENTE A ENGENHARIA SOLTEC",-15.800303,-47.969634,true,"Operante","","","22/07/2026 12:09:00","22/07/2026 12:09:00","","100mm",""
"hid_1677","3015","SIA00049","3015","SIA (SETOR DE INDUSTRIA E ABASTECIMENTO)","SIA TRECHO 5 LOTE 300/400","ARMAZEM NUMERO 1 CONAB","ARMAZEM NUMERO 1 CONAB",-15.797469,-47.953654,false,"Inoperante","HIDRANTE SOTERRADO","","23/07/2026 10:57:00","23/07/2026 10:57:00","","100mm",""
"hid_1678","3016","SIA00050","3016","SIA (SETOR DE INDUSTRIA E ABASTECIMENTO)","SIA TRECHO 5 LTE 300/400","ARMAZEM 2 CONAB","ARMAZEM 2 CONAB",-15.795906,-47.953422,false,"Inoperante","REGISTRO DANIFICADO","","23/07/2026 10:58:00","23/07/2026 10:58:00","","100mm",""
"hid_1679","3017","SIA00051","3017","SIA (SETOR DE INDUSTRIA E ABASTECIMENTO)","SIA TRECHO 6 - BRASILIA-DF","CANTEIRO CENTRAL / BALÃO DE ACESSO PARA A FEIRA DOS IMPORTADOS E PARA A AUDITORIA/CORREGEDORIA DO CBMDF.


 LOCALIZAÇÃO CORRETA: S15º 47' 58.8"" W47º 57' 00.0""","CANTEIRO CENTRAL / BALÃO DE ACESSO PARA A FEIRA DOS IMPORTADOS E PARA A AUDITORIA/CORREGEDORIA DO CBMDF.


 LOCALIZAÇÃO CORRETA: S15º 47' 58.8"" W47º 57' 00.0""",-15.79974,-47.949929,true,"Operante","","","23/07/2026 10:36:00","23/07/2026 10:36:00","","100mm",""
"hid_1680","3022","SIA00056","3022","SIA (SETOR DE INDUSTRIA E ABASTECIMENTO)","SIA TRECHO 8","CEASA - LATERAL DO BOX B 7.2","CEASA - LATERAL DO BOX B 7.2",-15.790792,-47.947619,false,"Inoperante","","","14/07/2026 11:01:00","14/07/2026 11:01:00","","100mm",""
"hid_1681","3024","SIA00058","3024","SIA (SETOR DE INDUSTRIA E ABASTECIMENTO)","SIA TRECHO 14","FRENTE AO ATACADÃO/HAVAN","FRENTE AO ATACADÃO/HAVAN",-15.791637,-47.944327,true,"Operante","","","23/07/2026 11:15:00","23/07/2026 11:15:00","","100mm",""
"hid_1682","3025","SIA00059","3025","SIA (SETOR DE INDUSTRIA E ABASTECIMENTO)","SIA TRECHO 10 LOTE 5 LOJA 7 - BRASILIA-DF","PRÓXIMO AO ALAMBRADO ENTRE O CEASA E A FEIRA DOS IMPORTADOS / EM FRENTE A LOJA 7 ( DCM PESCA).","PRÓXIMO AO ALAMBRADO ENTRE O CEASA E A FEIRA DOS IMPORTADOS / EM FRENTE A LOJA 7 ( DCM PESCA).",-15.795441,-47.948918,true,"Operante","TAMPA DE CONCRETO QUEBRADA OU REMOVIDA","","23/07/2026 10:41:00","23/07/2026 10:41:00","","100mm",""
"hid_1683","3026","SIA00060","3026","SIA (SETOR DE INDUSTRIA E ABASTECIMENTO)","SETOR DE INFLAMÁVEIS SUL TRECHO 2 LOTE 40/70","AO LADO DA ONOGÁS","AO LADO DA ONOGÁS",-15.796881,-47.972351,true,"Operante","REGISTRO COM VAZAMENTO","","28/07/2026 11:04:00","28/07/2026 11:04:00","","100mm",""
"hid_1684","3027","STM00121","3027","SANTA MARIA","QR 313 Conjunto J - Santa Maria, Brasília - DF, 72543-500, Brasil","à direita da casa 01 / Via de acesso à Av. Santa Maria","à direita da casa 01 / Via de acesso à Av. Santa Maria",-16.012056,-48.001806,true,"Operante","","","10/03/2026 15:25:00","10/03/2026 15:25:00","","100mm",""
"hid_1685","3028","STM00122","3028","SANTA MARIA","Qr 313 Conjunto P - Santa Maria, Brasília - DF, 72543-502, Brasil","Em frente à casa 18 / Via de acesso à Av. Santa Maria","Em frente à casa 18 / Via de acesso à Av. Santa Maria",-16.009972,-48.000083,true,"Operante","","","10/03/2026 15:19:00","10/03/2026 15:19:00","","100mm",""
"hid_1686","3029","STM00123","3029","SANTA MARIA","QR 313 Conjunto O - Santa Maria, Brasília - DF, 72543-502, Brasil","Lateral esquerda da casa 30 / Via de acesso à Av. Santa Maria","Lateral esquerda da casa 30 / Via de acesso à Av. Santa Maria",-16.012583,-47.999028,true,"Operante","","","10/03/2026 15:20:00","10/03/2026 15:20:00","","100mm",""
"hid_1687","3030","STM00124","3030","SANTA MARIA","Qr 315 Conjunto H - Santa Maria, Brasília - DF, 72545-500, Brasil","Lateral direita da casa 19 / Via de acesso à Av. Santa Maria","Lateral direita da casa 19 / Via de acesso à Av. Santa Maria",-16.010444,-47.997083,true,"Operante","","","10/03/2026 15:57:00","10/03/2026 15:57:00","","100mm",""
"hid_1688","3031","STM00125","3031","SANTA MARIA","Qr 315 Conjunto K - Santa Maria, Brasília - DF, 72545-511, Brasil","Esquerda do CAIC / Via de acesso à Av. Santa Maria","Esquerda do CAIC / Via de acesso à Av. Santa Maria",-16.009278,-47.997778,true,"Operante","","","10/03/2026 15:55:00","10/03/2026 15:55:00","","100mm",""
"hid_1689","3035","BSB00810","3035","BRASILIA","VILA PLANALTO - SCEN AE 5 LOTE 5 - BRASILIA-DF","VIA DE ACESSO SCEN TRECO 1 RUA DO CAMPO - EM FRENTEÀ ACADEMIA STATION BODY/PARADA DE ÔNIBUS","VIA DE ACESSO SCEN TRECO 1 RUA DO CAMPO - EM FRENTEÀ ACADEMIA STATION BODY/PARADA DE ÔNIBUS",-15.789944,-47.852667,true,"Operante","","","08/01/2025 11:20:00","08/01/2025 11:20:00","","100mm",""
"hid_1690","3038","SIA00061","3038","SIA (SETOR DE INDUSTRIA E ABASTECIMENTO)","SIA TRECHO 02 LOTE 2","EM FRENTE À TECBRÁS","EM FRENTE À TECBRÁS",-15.796653,-47.973857,true,"Operante","","","28/07/2026 11:03:00","28/07/2026 11:03:00","","100mm",""
"hid_1691","3039","SIA00062","3039","SIA (SETOR DE INDUSTRIA E ABASTECIMENTO)","SETOR DE INFLAMÁVEIS TRECHO 2 LOTE 2 - A","À DIREITA DA TECHBRAS","À DIREITA DA TECHBRAS",-15.796521,-47.974676,true,"Operante","","","28/07/2026 11:03:00","28/07/2026 11:03:00","","100mm",""
"hid_1692","3040","SIA00063","3040","SIA (SETOR DE INDUSTRIA E ABASTECIMENTO)","SETOR DE INFLAMÁVEIS TRECHO 2 LOTE 700","EM FRENTE A SUPER GÁSBRÁS","EM FRENTE A SUPER GÁSBRÁS",-15.796323,-47.975966,true,"Operante","","","28/07/2026 10:57:00","28/07/2026 10:57:00","","100mm",""
"hid_1693","3041","SIA00064","3041","SIA (SETOR DE INDUSTRIA E ABASTECIMENTO)","SETOR DE INFLAMÁVEIS TRECHO 2 LOTE 1100","EM FRENTE A EMPRESA CENTRO-OESTE ASFALTO","EM FRENTE A EMPRESA CENTRO-OESTE ASFALTO",-15.796033,-47.977924,true,"Operante","","","28/07/2026 11:02:00","28/07/2026 11:02:00","","100mm",""
"hid_1694","3045","SIA00066","3045","SIA (SETOR DE INDUSTRIA E ABASTECIMENTO)","SOF SUL QUADRA 10 CJ A","AO LADO DA LOJA: VEM QUE TEM PREÇO","AO LADO DA LOJA: VEM QUE TEM PREÇO",-15.823928,-47.95647,true,"Operante","","","22/07/2026 09:55:00","22/07/2026 09:55:00","","100mm",""
"hid_1695","3047","SIA00068","3047","SIA (SETOR DE INDUSTRIA E ABASTECIMENTO)","Sof/Sul Q 11 Cj A Lt 05a - s/n - Guará, DF, Brasil","RETÍFICA MINEIRA","RETÍFICA MINEIRA",-15.824722,-47.956604,true,"Operante","","","22/07/2026 09:57:00","22/07/2026 09:57:00","","100mm",""
"hid_1696","3048","SIA00069","3048","SIA (SETOR DE INDUSTRIA E ABASTECIMENTO)","SOF SUL QUADRA 11 CONJ B LOTE 08","PRÓXIMO A ÁRVORE","PRÓXIMO A ÁRVORE",-15.824586,-47.958458,true,"Operante","","","22/07/2026 09:57:00","22/07/2026 09:57:00","","100mm",""
"hid_1697","3049","SIA00070","3049","SIA (SETOR DE INDUSTRIA E ABASTECIMENTO)","SOF SUL QUADRA 13 CJ A LOTE 2","DROGARIA BRASIL","DROGARIA BRASIL",-15.826029,-47.956852,true,"Operante","","","22/07/2026 10:00:00","22/07/2026 10:00:00","","100mm",""
"hid_1698","3050","SIA00071","3050","SIA (SETOR DE INDUSTRIA E ABASTECIMENTO)","SOF SUL QUADRA 13 CJ B LOTE 16","FUNDIPLAC","FUNDIPLAC",-15.825657,-47.958737,true,"Operante","","","22/07/2026 10:03:00","22/07/2026 10:03:00","","100mm",""
"hid_1699","3051","FER00002","3051","FERCAL","ROD.DF 150 KM 12 EM FRENTE AO CENTRO COMUNITÁRIO","PONTO DE ENCONTRO COMUNITÁRIO/ AO LADO DO POSTO POLICIAL","PONTO DE ENCONTRO COMUNITÁRIO/ AO LADO DO POSTO POLICIAL",-15.601494,-47.871522,true,"Operante","","","15/01/2026 09:07:00","15/01/2026 09:07:00","","100mm",""
"hid_1700","3053","SIA00072","3053","SIA (SETOR DE INDUSTRIA E ABASTECIMENTO)","SOF SUL QUADRA 1 CONJUNTO A LOTE 01","EM FRENTE AO RESTAURANTE SERVE - SERVE CASA DA MERENDA","EM FRENTE AO RESTAURANTE SERVE - SERVE CASA DA MERENDA",-15.818146,-47.955548,true,"Operante","","","22/07/2026 09:46:00","22/07/2026 09:46:00","","100mm",""
"hid_1701","3054","SIA00073","3054","SIA (SETOR DE INDUSTRIA E ABASTECIMENTO)","SOF SUL QUADRA 3 CONJ A LOTE 03","EM FRENTE A AUTO ELÉTRICA KNOW HOW","EM FRENTE A AUTO ELÉTRICA KNOW HOW",-15.819284,-47.955733,true,"Operante","","","22/07/2026 09:43:00","22/07/2026 09:43:00","","100mm",""
"hid_1702","3055","SIA00074","3055","SIA (SETOR DE INDUSTRIA E ABASTECIMENTO)","SOF SUL QUADRA 04 CONJ A LOTE 2","AO LADO DA COMANDO DIESEL","AO LADO DA COMANDO DIESEL",-15.820304,-47.955898,true,"Operante","","","22/07/2026 09:49:00","22/07/2026 09:49:00","","100mm",""
"hid_1703","3056","SIA00075","3056","SIA (SETOR DE INDUSTRIA E ABASTECIMENTO)","SOF SUL QUADRA 06 CONJ A LOTE 2","PRÓXIMO A AGROFLEX","PRÓXIMO A AGROFLEX",-15.821641,-47.95611,true,"Operante","","","22/07/2026 09:51:00","22/07/2026 09:51:00","","100mm",""
"hid_1704","3057","SIA00076","3057","SIA (SETOR DE INDUSTRIA E ABASTECIMENTO)","SOF SUL QUADRA 08 CONJ A LOTE 2","PRÓXIMO A POLAR TINTAS","PRÓXIMO A POLAR TINTAS",-15.822778,-47.956111,true,"Operante","","","22/07/2026 09:58:00","22/07/2026 09:58:00","","100mm",""
"hid_1705","3060","SIA00079","3060","SIA (SETOR DE INDUSTRIA E ABASTECIMENTO)","SGAS - PORTAO DA VIPLAN","ENTRE O PARK DESIGN E A VIPLAN","ENTRE O PARK DESIGN E A VIPLAN",-15.822888,-47.951945,true,"Operante","","","22/07/2026 10:09:00","22/07/2026 10:09:00","","100mm",""
"hid_1706","3061","SIA00080","3061","SIA (SETOR DE INDUSTRIA E ABASTECIMENTO)","SGAS - PROXIMO A JC DISTRIBUIÇÃO","AO LADO DA JC DISTRIBUIÇÃO","AO LADO DA JC DISTRIBUIÇÃO",-15.822502,-47.954343,true,"Operante","TAMPA DE CONCRETO QUEBRADA OU REMOVIDA","","22/07/2026 10:07:00","22/07/2026 10:07:00","","100mm",""
"hid_1707","3062","SIA00081","3062","SIA (SETOR DE INDUSTRIA E ABASTECIMENTO)","SIA SGAS - PARK DESIGN","EM FRENTE AO PARK DESIGN","EM FRENTE AO PARK DESIGN",-15.824644,-47.952331,true,"Operante","","","22/07/2026 10:10:00","22/07/2026 10:10:00","","100mm",""
"hid_1708","3063","SIA00082","3063","SIA (SETOR DE INDUSTRIA E ABASTECIMENTO)","SIA SGAS - LATERAL DA CASA PARK","AO LADO DA PARADA DE ÔNIBUS","AO LADO DA PARADA DE ÔNIBUS",-15.827752,-47.953162,true,"Operante","","","22/07/2026 10:12:00","22/07/2026 10:12:00","","100mm",""
"hid_1709","3064","SIA00083","3064","SIA (SETOR DE INDUSTRIA E ABASTECIMENTO)","SIA SGAS - VIPLAN","EM FRENTE AO PORTÃO DA VIPLAN","EM FRENTE AO PORTÃO DA VIPLAN",-15.819581,-47.952951,true,"Operante","","","22/07/2026 09:41:00","22/07/2026 09:41:00","","100mm",""
"hid_1710","3065","SIA00084","3065","SIA (SETOR DE INDUSTRIA E ABASTECIMENTO)","SIA SGAS - CONDOMÍNIO PARK ELEGANCE","ESQUINA DO CONDOMÍNIO PARK ELEGANCE","ESQUINA DO CONDOMÍNIO PARK ELEGANCE",-15.827395,-47.955443,true,"Operante","","","22/07/2026 10:14:00","22/07/2026 10:14:00","","100mm",""
"hid_1711","3068","SIA00086","3068","SIA (SETOR DE INDUSTRIA E ABASTECIMENTO)","SIA SO - CARREFOUR SUL","PORTÃO DE DESCARGA DO CARREFOUR","PORTÃO DE DESCARGA DO CARREFOUR",-15.829069,-47.955844,true,"Operante","","","23/07/2026 11:23:00","23/07/2026 11:23:00","","100mm",""
"hid_1712","3072","SIA00089","3072","SIA (SETOR DE INDUSTRIA E ABASTECIMENTO)","SIA SETOR DE ÁREAS ESPECIAIS - CAESB","EM FRENTE AO DEPÓSITO DA CAESB","EM FRENTE AO DEPÓSITO DA CAESB",-15.808947,-47.966422,false,"Inoperante","FALTA TAMPÃO DE 2.1/2""; FALTA TAMPÃO DE 4""","","14/07/2026 10:46:00","14/07/2026 10:46:00","","100mm",""
"hid_1713","3073","SIA00090","3073","SIA (SETOR DE INDUSTRIA E ABASTECIMENTO)","SIA SETOR DE ÁREAS PÚBLICAS - CAESB","DENTRO DA CAESB - PRÓXIMO AO ALMOXARIFADO","DENTRO DA CAESB - PRÓXIMO AO ALMOXARIFADO",-15.808621,-47.962615,false,"Inoperante","","","14/07/2026 10:48:00","14/07/2026 10:48:00","","100mm",""
"hid_1714","3074","SIA00091","3074","SIA (SETOR DE INDUSTRIA E ABASTECIMENTO)","SIA SETOR DE ÁREAS PÚBLICAS - CAESB","DENTRO DA CAESB - PRÓXIMO A CAIXA D'ÁGUA","DENTRO DA CAESB - PRÓXIMO A CAIXA D'ÁGUA",-15.808551,-47.963634,true,"Operante","","","28/07/2026 11:27:00","28/07/2026 11:27:00","","100mm",""
"hid_1715","3075","SIA00092","3075","SIA (SETOR DE INDUSTRIA E ABASTECIMENTO)","SIA SETOR DE ÁREAS PÚBLICAS LOTE 4 BLOCO G","NÚCLEO DE ÓRTESE E PRÓTESE / SINFRA","NÚCLEO DE ÓRTESE E PRÓTESE / SINFRA",-15.814611,-47.962806,true,"Operante","","","28/07/2026 11:27:00","28/07/2026 11:27:00","","100mm",""
"hid_1716","3076","SIA00093","3076","SIA (SETOR DE INDUSTRIA E ABASTECIMENTO)","SIA SETOR DE ÁREAS PÚBLICAS - FHDF SES","PRÓXIMO AO DEPARTAMENTO DE ENGENHARIA E TRANSPORTE","PRÓXIMO AO DEPARTAMENTO DE ENGENHARIA E TRANSPORTE",-15.813944,-47.9635,true,"Operante","","","28/07/2026 11:27:00","28/07/2026 11:27:00","","100mm",""
"hid_1717","3077","SIA00094","3077","SIA (SETOR DE INDUSTRIA E ABASTECIMENTO)","SIA SETOR DE ÁREAS PÚBLICAS LOTE 04 BLOCO G","FRENTE A COSTURARIA","FRENTE A COSTURARIA",-15.814583,-47.9655,true,"Operante","","","28/07/2026 11:24:00","28/07/2026 11:24:00","","100mm",""
"hid_1718","3078","SIA00095","3078","SIA (SETOR DE INDUSTRIA E ABASTECIMENTO)","SIA SETOR DE ÁREAS PÚBLICAS LOTE 04 BLOCO G","EM FRENTE A FARMÁCIA CENTRAL","EM FRENTE A FARMÁCIA CENTRAL",-15.813861,-47.964974,true,"Operante","","","28/07/2026 11:26:00","28/07/2026 11:26:00","","100mm",""
"hid_1719","3079","SIA00096","3079","SIA (SETOR DE INDUSTRIA E ABASTECIMENTO)","SIA SETOR DE ÁREAS PÚBLICAS LOTE 04 BLOCO G","PRÓXIMO AO ALMOXARIFADO","PRÓXIMO AO ALMOXARIFADO",-15.81414,-47.966469,true,"Operante","","","28/07/2026 11:21:00","28/07/2026 11:21:00","","100mm",""
"hid_1720","3080","SIA00097","3080","SIA (SETOR DE INDUSTRIA E ABASTECIMENTO)","SIA SETOR DE ÁREAS PÚBLICAS LOTE 4 BLOCO G","EM FRENTE A OFICINA DE CARROS DA FHDF","EM FRENTE A OFICINA DE CARROS DA FHDF",-15.814307,-47.964351,true,"Operante","","","28/07/2026 11:26:00","28/07/2026 11:26:00","","100mm",""
"hid_1721","3081","SIA00098","3081","SIA (SETOR DE INDUSTRIA E ABASTECIMENTO)","SIA SETOR DE ÁREAS PÚBLICAS LOTE 4 BLOCO G","EM FRENTE AO ALMOXARIFADO DA FHDF","EM FRENTE AO ALMOXARIFADO DA FHDF",-15.813674,-47.965572,true,"Operante","","","14/07/2026 10:44:00","14/07/2026 10:44:00","","100mm",""
"hid_1722","3082","SIA00099","3082","SIA (SETOR DE INDUSTRIA E ABASTECIMENTO)","SIA SETOR DE ÁREAS PÚBLICAS -FHDF","NA ENTRADA DA FHDF","NA ENTRADA DA FHDF",-15.811472,-47.966667,true,"Operante","FALTA CABEÇOTE DA HASTE DO REGISTRO (LUVA)","","28/07/2026 11:20:00","28/07/2026 11:20:00","","100mm",""
"hid_1723","3083","SIA00100","3083","SIA (SETOR DE INDUSTRIA E ABASTECIMENTO)","SIA STRC TRECHO 04 CONJ A LOTE 05","PRÓXIMO A RTE RODONAVES","PRÓXIMO A RTE RODONAVES",-15.791167,-47.984471,true,"Operante","FALTA CABEÇOTE DA HASTE DO REGISTRO (LUVA)","","28/07/2026 10:45:00","28/07/2026 10:45:00","","100mm",""
"hid_1724","3084","SIA00101","3084","SIA (SETOR DE INDUSTRIA E ABASTECIMENTO)","SIA STRC TRECHO 4 CJ A LOTE 12","PRÓXIMO A COOPERPLAN","PRÓXIMO A COOPERPLAN",-15.790569,-47.985957,true,"Operante","","","28/07/2026 10:44:00","28/07/2026 10:44:00","","100mm",""
"hid_1725","3085","SIA00102","3085","SIA (SETOR DE INDUSTRIA E ABASTECIMENTO)","SIA STRC TRECHO 04 CONJ B LOTE 05","FUNDOS DA PROSEGUR","FUNDOS DA PROSEGUR",-15.790096,-47.987531,true,"Operante","FALTA CABEÇOTE DA HASTE DO REGISTRO (LUVA)","","28/07/2026 10:36:00","28/07/2026 10:36:00","","100mm",""
"hid_1726","3086","SIA00103","3086","SIA (SETOR DE INDUSTRIA E ABASTECIMENTO)","SIA STRC TRECHO 04 CJ B LOTE 17","TORNEADORA JK","TORNEADORA JK",-15.79128,-47.989174,true,"Operante","FALTA CABEÇOTE DA HASTE DO REGISTRO (LUVA)","","28/07/2026 10:38:00","28/07/2026 10:38:00","","100mm",""
"hid_1727","3087","SIA00104","3087","SIA (SETOR DE INDUSTRIA E ABASTECIMENTO)","SIA STRC TRECHO 4 CJ C LOTE 04","FUNDOS DA TG TRANSPORTES","FUNDOS DA TG TRANSPORTES",-15.792512,-47.989197,true,"Operante","FALTA CABEÇOTE DA HASTE DO REGISTRO (LUVA)","","28/07/2026 10:13:00","28/07/2026 10:13:00","","100mm",""
"hid_1728","3088","SIA00105","3088","SIA (SETOR DE INDUSTRIA E ABASTECIMENTO)","SIA STRC TRECHO 03 CONJ LOTE 05/06","VIAGENS MOURA","VIAGENS MOURA",-15.794368,-47.988246,true,"Operante","FALTA CABEÇOTE DA HASTE DO REGISTRO (LUVA)","","28/07/2026 09:58:00","28/07/2026 09:58:00","","100mm",""
"hid_1729","3089","SIA00106","3089","SIA (SETOR DE INDUSTRIA E ABASTECIMENTO)","SIA STRC TRECHO 03 CONJ C LOTE 01","TEND TUDO","TEND TUDO",-15.793757,-47.9866,true,"Operante","","","28/07/2026 10:00:00","28/07/2026 10:00:00","","100mm",""
"hid_1730","3091","SIA00107","3091","SIA (SETOR DE INDUSTRIA E ABASTECIMENTO)","SIA STRC TRECHO 3 CJ B LOTE 4","BRAS PRESS","BRAS PRESS",-15.792817,-47.985123,true,"Operante","FALTA CABEÇOTE DA HASTE DO REGISTRO (LUVA)","","28/07/2026 10:01:00","28/07/2026 10:01:00","","100mm",""
"hid_1731","3092","SIA00108","3092","SIA (SETOR DE INDUSTRIA E ABASTECIMENTO)","SIA STRC TRECHO 3 CJ A LOTE 4","SÃO GERALDO","SÃO GERALDO",-15.791624,-47.982934,true,"Operante","FALTA CABEÇOTE DA HASTE DO REGISTRO (LUVA)","","28/07/2026 10:02:00","28/07/2026 10:02:00","","100mm",""
"hid_1732","3093","SIA00109","3093","SIA (SETOR DE INDUSTRIA E ABASTECIMENTO)","SIA STRC TRECHO 2 CJ C LOTES 05/06 LOJAS 1/4 ESQUINA","RESTAURANTE SABOR DO NORDESTE","RESTAURANTE SABOR DO NORDESTE",-15.794954,-47.985128,true,"Operante","","","28/07/2026 10:17:00","28/07/2026 10:17:00","","100mm",""
"hid_1733","3094","SIA00110","3094","SIA (SETOR DE INDUSTRIA E ABASTECIMENTO)","SIA STRC TRECHO 2 CJ D LOTE 4/5","INSPEÇÃO TÉCNICA VEICULAR","INSPEÇÃO TÉCNICA VEICULAR",-15.796028,-47.986372,true,"Operante","","","28/07/2026 10:39:00","28/07/2026 10:39:00","","100mm",""
"hid_1734","3095","SIA00111","3095","SIA (SETOR DE INDUSTRIA E ABASTECIMENTO)","SIA STRC TRECHO 3 CONJ D LOTE 3","LATERAL DA TNT","LATERAL DA TNT",-15.795397,-47.990353,true,"Operante","FALTA CABEÇOTE DA HASTE DO REGISTRO (LUVA)","","28/07/2026 10:23:00","28/07/2026 10:23:00","","100mm",""
"hid_1735","3097","SIA00113","3097","SIA (SETOR DE INDUSTRIA E ABASTECIMENTO)","SIA STRC TRECHO 2 CONJ F LT 4","EM FRENTE A AIR LIQUIDE","EM FRENTE A AIR LIQUIDE",-15.796783,-47.988559,true,"Operante","","","28/07/2026 10:39:00","28/07/2026 10:39:00","","100mm",""
"hid_1736","3098","SIA00114","3098","SIA (SETOR DE INDUSTRIA E ABASTECIMENTO)","SIA STRC TRECHO 2 CONJ A LOTE 8","EM FRENTE A GARAGEM DA IPANEMA","EM FRENTE A GARAGEM DA IPANEMA",-15.794414,-47.983285,true,"Operante","FALTA CABEÇOTE DA HASTE DO REGISTRO (LUVA)","","28/07/2026 10:39:00","28/07/2026 10:39:00","","100mm",""
"hid_1737","3099","SIA00115","3099","SIA (SETOR DE INDUSTRIA E ABASTECIMENTO)","SIA STRC TRECHO 2 CONJ B LOTE 01 (VAZIO)","EM FRENTE AO CENTRO DE DISTRIBUIÇÃO DO CORREIOS.","EM FRENTE AO CENTRO DE DISTRIBUIÇÃO DO CORREIOS.",-15.793431,-47.98134,true,"Operante","","","28/07/2026 10:22:00","28/07/2026 10:22:00","","100mm",""
"hid_1738","3100","SIA00116","3100","SIA (SETOR DE INDUSTRIA E ABASTECIMENTO)","SIA STRC TRECHO 02 CONJ F LT 01","EM FRENTE A BRAS PRESS","EM FRENTE A BRAS PRESS",-15.79262,-47.980381,true,"Operante","FALTA CABEÇOTE DA HASTE DO REGISTRO (LUVA)","","28/07/2026 10:07:00","28/07/2026 10:07:00","","100mm",""
"hid_1739","3101","SIA00117","3101","SIA (SETOR DE INDUSTRIA E ABASTECIMENTO)","SIA STRC TRECHO 01 AE 06","EM FRENTE A ELETROCAR","EM FRENTE A ELETROCAR",-15.794101,-47.979013,false,"Inoperante","FALTA CABEÇOTE DA HASTE DO REGISTRO (LUVA); FALTA TAMPÃO DE 2.1/2""","","14/07/2026 11:11:00","14/07/2026 11:11:00","","100mm",""
"hid_1740","3102","SIA00118","3102","SIA (SETOR DE INDUSTRIA E ABASTECIMENTO)","SIA STRC TRECHO 1 AE 07","FRENTE A CONFIANÇA TRANSPORTES","FRENTE A CONFIANÇA TRANSPORTES",-15.794403,-47.977301,true,"Operante","","","28/07/2026 10:30:00","28/07/2026 10:30:00","","100mm",""
"hid_1741","3104","SIA00120","3104","SIA (SETOR DE INDUSTRIA E ABASTECIMENTO)","SIA STRC TRECHO 2 CONJ F","EM FRENTE A BRAS PRESS","EM FRENTE A BRAS PRESS",-15.797425,-47.989958,true,"Operante","","","28/07/2026 10:21:00","28/07/2026 10:21:00","","100mm",""
"hid_1742","3134","STM00126","3134","SANTA MARIA","CL 316 CONJUNTO A CEF 316 - SANTA MARIA-DF","EM FRENTE AO CENTRO DE ENSINO FUNDAMENTAL 316 / VIA DE ACESSO A AVENIDA SANTA MARIA.

LOCALIZAÇÃO CORRETA: S16º 00' 40.0"" W47º 59' 42.3""","EM FRENTE AO CENTRO DE ENSINO FUNDAMENTAL 316 / VIA DE ACESSO A AVENIDA SANTA MARIA.

LOCALIZAÇÃO CORRETA: S16º 00' 40.0"" W47º 59' 42.3""",-16.011056,-47.995167,true,"Operante","","","17/03/2026 15:40:00","17/03/2026 15:40:00","","100mm",""
"hid_1743","3137","STM00127","3137","SANTA MARIA","Qr 316 Conjunto H - Santa Maria, Brasília - DF, 72546-600, Brasil","Esquina da Casa 12 / Via de acesso à Av. Santa Maria","Esquina da Casa 12 / Via de acesso à Av. Santa Maria",-16.009667,-47.994417,true,"Operante","","","10/03/2026 16:09:00","10/03/2026 16:09:00","","100mm",""
"hid_1744","3142","STM00128","3142","SANTA MARIA","QR 316 CONJUNTO J CASA 9 SANTA MARIA-DF","EM FRENTE A CASA 9 / VIA DE ACESSO A AVENIDA SANTA MARIA.","EM FRENTE A CASA 9 / VIA DE ACESSO A AVENIDA SANTA MARIA.",-16.008611,-47.994472,true,"Operante","","","10/03/2026 16:05:00","10/03/2026 16:05:00","","100mm",""
"hid_1745","3148","STM00130","3148","SANTA MARIA","QR 317 Conjunto J - Santa Maria, Brasília - DF, 72547-510, Brasil","Em frente à casa 10 / Via de acesso à Av. Santa Maria","Em frente à casa 10 / Via de acesso à Av. Santa Maria",-16.008361,-47.990889,true,"Operante","","","17/03/2026 14:47:00","17/03/2026 14:47:00","","100mm",""
"hid_1746","3151","STM00131","3151","SANTA MARIA","Qr 318 Conjunto F, - Santa Maria, Brasília - DF, 72546-606, Brasil","Frente/direita casa 01 / Via de acesso à Av. Santa Maria","Frente/direita casa 01 / Via de acesso à Av. Santa Maria",-16.009556,-47.988472,true,"Operante","","","17/03/2026 15:11:00","17/03/2026 15:11:00","","100mm",""
"hid_1747","3152","STM00132","3152","SANTA MARIA","EQ 318/218 Lote J - Santa Maria, Brasília - DF, 72548-500, Brasil","Frente ao E. C 218 / Via de acesso à Av. Santa Maria","Frente ao E. C 218 / Via de acesso à Av. Santa Maria",-16.007361,-47.987333,true,"Operante","","","17/03/2026 14:52:00","17/03/2026 14:52:00","","100mm",""
"hid_1748","3153","STM00133","3153","SANTA MARIA","Qr 402 Conjunto G - Santa Maria, Brasília - DF, 72502-600, Brasil","Em frente à casa 02 / Via de acesso à Av. Santa Maria","Em frente à casa 02 / Via de acesso à Av. Santa Maria",-16.040417,-48.025694,true,"Operante","","","07/04/2026 20:16:00","07/04/2026 20:16:00","","100mm",""
"hid_1749","3154","STM00134","3154","SANTA MARIA","QR 402, Conjunto E - Santa Maria, Brasília - DF, 72502-600, Brasil","Em frente à casa 13 / Via de acesso à Av. Santa Maria","Em frente à casa 13 / Via de acesso à Av. Santa Maria",-16.039917,-48.026694,true,"Operante","","","07/04/2026 20:17:00","07/04/2026 20:17:00","","100mm",""
"hid_1750","3155","STM00135","3155","SANTA MARIA","Cl 402 Conjunto A - QR 402 CL 402 - Santa Maria, Brasília - DF, 72501-120, Brasil","Em frente ao Terminal de ônibus / Via de acesso à Av. Santa Maria","Em frente ao Terminal de ônibus / Via de acesso à Av. Santa Maria",-16.041528,-48.026778,true,"Operante","","","07/04/2026 20:17:00","07/04/2026 20:17:00","","100mm",""
"hid_1751","3157","STM00136","3157","SANTA MARIA","CL 403 Lote A - Santa Maria, Brasília - DF, 72503-700, Brasil","Lateral esquerda/frente ao E. C 403 / Via de acesso à Av. Santa Maria","Lateral esquerda/frente ao E. C 403 / Via de acesso à Av. Santa Maria",-16.038417,-48.026444,true,"Operante","","","07/04/2026 20:21:00","07/04/2026 20:21:00","","100mm",""
"hid_1752","3158","STM00137","3158","SANTA MARIA","Qr 403 Conjunto H - Santa Maria, Brasília - DF, 72503-700, Brasil","Em frente à casa 12 / Via de acesso à Av. Santa Maria","Em frente à casa 12 / Via de acesso à Av. Santa Maria",-16.036694,-48.026333,true,"Operante","","","07/04/2026 20:20:00","07/04/2026 20:20:00","","100mm",""
"hid_1753","3159","STM00138","3159","SANTA MARIA","Qr 403 Conjunto K - Santa Maria, Brasília - DF, 72503-700, Brasil","Em frente à casa 06 / Via de acesso à Av. Santa Maria","Em frente à casa 06 / Via de acesso à Av. Santa Maria",-16.036806,-48.024,true,"Operante","","","07/04/2026 20:21:00","07/04/2026 20:21:00","","100mm",""
"hid_1754","3160","BRZ00037","3160","BRAZLANDIA","quadra 55 conjunto A","Próximo a porteira da fazenda","Próximo a porteira da fazenda",-15.654583,-48.190611,true,"Operante","","","02/04/2025 11:00:00","02/04/2025 11:00:00","","100mm","/hidrantes/brazlandia/BRZ00037.jpeg"
"hid_1755","3162","STM00139","3162","SANTA MARIA","CL. 415 LOTE E S/N LATERAL DA ROTA - SANTA MARIA - DF","NA AVENIDA. SANTA. MARIA./ LATERAL ESQUERDA DA ROTA MATERIAIS DE CONSTRUÇÃO.","NA AVENIDA. SANTA. MARIA./ LATERAL ESQUERDA DA ROTA MATERIAIS DE CONSTRUÇÃO.",-16.012361,-47.996306,true,"Operante","FALTA CABEÇOTE DA HASTE DO REGISTRO (LUVA)","","17/03/2026 15:58:00","17/03/2026 15:58:00","","100mm",""
"hid_1756","3163","STM00140","3163","SANTA MARIA","CL 415 CONJUNTO B LOTE 01- Santa Maria - DF","LATERAL ESQUERDA DA ASSEMBLEIA DE DEUS ADTAG.","LATERAL ESQUERDA DA ASSEMBLEIA DE DEUS ADTAG.",-16.013111,-47.998056,true,"Operante","","","17/03/2026 15:52:00","17/03/2026 15:52:00","","100mm",""
"hid_1757","3164","STM00141","3164","SANTA MARIA","Qr 416 Conjunto J - Santa Maria, Brasília - DF, 72546-330, Brasil","Em frente à casa 10 / Via de acesso à Av. Santa Maria","Em frente à casa 10 / Via de acesso à Av. Santa Maria",-16.015472,-47.992861,false,"Inoperante","CAIXA DE REGISTRO CHEIA D'ÁGUA; REGISTRO NÃO FUNCIONA","","17/03/2026 16:11:00","17/03/2026 16:11:00","","100mm",""
"hid_1758","3165","STM00142","3165","SANTA MARIA","QR 416 CONJUNTO O - Santa Maria, Brasília - DF, 72546-714, Brasil","Em frente à casa 04 / Via de acesso à Av. Santa Maria","Em frente à casa 04 / Via de acesso à Av. Santa Maria",-16.014194,-47.992167,true,"Operante","","","17/03/2026 16:15:00","17/03/2026 16:15:00","","100mm",""
"hid_1759","3166","STM00143","3166","SANTA MARIA","Qr 416 Conjunto F - Santa Maria, Brasília - DF, 72546-700, Brasil","Em frente à casa 04 / Via de acesso à Av. Santa Maria","Em frente à casa 04 / Via de acesso à Av. Santa Maria",-16.014361,-47.994028,false,"Inoperante","CAIXA DE REGISTRO CHEIA D'ÁGUA; REGISTRO NÃO FUNCIONA","","17/03/2026 16:06:00","17/03/2026 16:06:00","","100mm",""
"hid_1760","3167","STM00144","3167","SANTA MARIA","Qr 416 Conjunto D - Santa Maria, Brasília - DF, 72546-700, Brasil","Em frente à casa 21 / Via de acesso à Av. Santa Maria","Em frente à casa 21 / Via de acesso à Av. Santa Maria",-16.012917,-47.99325,false,"Inoperante","CAIXA DE REGISTRO CHEIA D'ÁGUA","","17/03/2026 16:02:00","17/03/2026 16:02:00","","100mm",""
"hid_1761","3168","STM00145","3168","SANTA MARIA","Qr 417 Conjunto B - Santa Maria, Brasília - DF, 72547-700, Brasil","Em frente à casa 26 / Via de acesso à Av. Santa Maria","Em frente à casa 26 / Via de acesso à Av. Santa Maria",-16.013583,-47.991222,true,"Operante","","","17/03/2026 16:16:00","17/03/2026 16:16:00","","100mm",""
"hid_1762","3169","STM00146","3169","SANTA MARIA","Qr 417/Eq 417 Conjunto F - Santa Maria, Brasília - DF, 72547-713, Brasil","Em frente à casa 10 / Via de acesso à Av. Santa Maria","Em frente à casa 10 / Via de acesso à Av. Santa Maria",-16.014583,-47.990167,true,"Operante","","","19/03/2026 14:54:00","19/03/2026 14:54:00","","100mm",""
"hid_1763","3170","STM00147","3170","SANTA MARIA","QR 417 Conjunto H - Santa Maria, DF, 72547-716, Brasil","Em frente à casa 24 / Via de acesso à Av. Santa Maria","Em frente à casa 24 / Via de acesso à Av. Santa Maria",-16.012333,-47.990139,false,"Inoperante","TAMPA DA CAIXA LACRADA (CONCRETADA)","","19/03/2026 14:38:00","19/03/2026 14:38:00","","100mm",""
"hid_1764","3172","STM00148","3172","SANTA MARIA","Qr 417 Conjunto P - Santa Maria, Brasília - DF, 72547-700, Brasil","Em frente à casa 26 / Via de acesso à Av. Santa Maria","Em frente à casa 26 / Via de acesso à Av. Santa Maria",-16.013111,-47.988889,true,"Operante","","","19/03/2026 14:46:00","19/03/2026 14:46:00","","100mm",""
"hid_1765","3173","JAR00008","3173","JARDIM BOTANICO","Floriculturas","Próximo a área de Estação Elevatória da Caesb","Próximo a área de Estação Elevatória da Caesb",-15.864824,-47.820065,true,"Operante","","","25/11/2025 09:00:00","25/11/2025 09:00:00","","100mm",""
"hid_1766","3175","JAR00010","3175","JARDIM BOTANICO","Estrada Parque - Próximo a Escola Fazendária - Portão principal do Jardim Botânico","Antes do posto de combustível","Antes do posto de combustível",-15.861132,-47.826749,true,"Operante","","","26/11/2025 08:00:00","26/11/2025 08:00:00","","100mm",""
"hid_1767","3176","JAR00011","3176","JARDIM BOTANICO","Quadra 2/3 Condomínio Solar de Brasília","Avenida Piquet próximo a guarita","Avenida Piquet próximo a guarita",-15.851125,-47.813664,true,"Operante","","","19/11/2025 12:00:00","19/11/2025 12:00:00","","100mm",""
"hid_1768","3177","JAR00012","3177","JARDIM BOTANICO","Quadra 03 Conjunto 08 Condomínio Solar de Brasília","Avenida principal do condomínio entre os conjuntos 08/10","Avenida principal do condomínio entre os conjuntos 08/10",-15.84745,-47.812647,true,"Operante","","","24/11/2025 08:00:00","24/11/2025 08:00:00","","100mm",""
"hid_1769","3178","JAR00013","3178","JARDIM BOTANICO","Quadra 03 Conjunto 14 Condomínio Solar de Brasília","Avenida principal do condomínio entre os conjuntos 14/16","Avenida principal do condomínio entre os conjuntos 14/16",-15.845689,-47.811472,true,"Operante","","","24/11/2025 09:00:00","24/11/2025 09:00:00","","100mm",""
"hid_1770","3179","JAR00014","3179","JARDIM BOTANICO","Quadra 03 Conjunto 20 Condomínio Solar de Brasília","Avenida principal do condomínio entre os conjuntos 20/22","Avenida principal do condomínio entre os conjuntos 20/22",-15.843661,-47.809931,true,"Operante","","","24/11/2025 16:03:00","24/11/2025 16:03:00","","100mm",""
"hid_1771","3180","JAR00015","3180","JARDIM BOTANICO","Quadra 03 Conjunto 26 Condomínio Solar de Brasília","Avenida principal do condomínio entre os conjuntos 26/28","Avenida principal do condomínio entre os conjuntos 26/28",-15.841469,-47.808361,true,"Operante","","","24/11/2025 11:00:00","24/11/2025 11:00:00","","100mm",""
"hid_1772","3181","JAR00016","3181","JARDIM BOTANICO","Quadra 03 Conjunto 36 Condomínio Solar de Brasília","Avenida principal do condomínio entre os conjunto 36/38","Avenida principal do condomínio entre os conjunto 36/38",-15.8377,-47.805342,true,"Operante","","","24/11/2025 12:00:00","24/11/2025 12:00:00","","100mm",""
"hid_1773","3182","JAR00017","3182","JARDIM BOTANICO","Quadra 01 Conjunto 4 Condomínio Quintas do Sol","Avenida Principal à esquerda da Cada PET","Avenida Principal à esquerda da Cada PET",-15.877001,-47.803651,true,"Operante","","","14/11/2025 08:00:00","14/11/2025 08:00:00","","100mm",""
"hid_1774","3184","JAR00019","3184","JARDIM BOTANICO","Condomínio ville de montagne quadra 01 lote 23","Final da rua","Final da rua",-15.848528,-47.797833,true,"Operante","","","25/11/2025 11:00:00","25/11/2025 11:00:00","","100mm",""
"hid_1775","3186","JAR00021","3186","JARDIM BOTANICO","Condomínio Ville de Montagne","Á direita da Guarita. Entrada Principal","Á direita da Guarita. Entrada Principal",-15.837583,-47.801444,true,"Operante","","","26/11/2025 09:00:00","26/11/2025 09:00:00","","100mm",""
"hid_1776","3190","SOB00036","3190","SOBRADINHO","POSTO COLORADO ATRÁS DO MOTEL","ENTRADA DA ESTAÇÃO DA CAESB, ATRÁS DO MOTEL COLORADO","ENTRADA DA ESTAÇÃO DA CAESB, ATRÁS DO MOTEL COLORADO",-15.691536,-47.860129,true,"Operante","","","12/01/2026 14:47:00","12/01/2026 14:47:00","","100mm",""
"hid_1777","3191","JAR00022","3191","JARDIM BOTANICO","Condomínio Residencial Interlagos avenida principal","À esquerda da avenida principal Conjunto F","À esquerda da avenida principal Conjunto F",-15.872653,-47.786429,true,"Operante","","","17/11/2025 09:00:00","17/11/2025 09:00:00","","100mm",""
"hid_1778","3192","STM00149","3192","SANTA MARIA","QR 418 Conjunto H - Santa Maria, Brasília - DF, 72548-700, Brasil","Em frente à casa 26 / Via de acesso à Av. Santa Maria","Em frente à casa 26 / Via de acesso à Av. Santa Maria",-16.01179,-47.987272,true,"Operante","","","19/03/2026 15:25:00","19/03/2026 15:25:00","","100mm",""
"hid_1779","3193","STM00150","3193","SANTA MARIA","QR 418 Conjunto D - Santa Maria, Brasília - DF, 72548-700, Brasil","Em frente à casa 10 / Via de acesso à Av. Santa Maria","Em frente à casa 10 / Via de acesso à Av. Santa Maria",-16.013056,-47.988167,true,"Operante","FALTA TAMPÃO DE 2.1/2""","","19/03/2026 15:03:00","19/03/2026 15:03:00","","100mm",""
"hid_1780","3194","STM00151","3194","SANTA MARIA","QR 418 conjunto M - Santa Maria, Brasília - DF, 72548-713, Brasil","Em frente à casa 23 / Via de acesso à Av. Santa Maria","Em frente à casa 23 / Via de acesso à Av. Santa Maria",-16.013556,-47.986722,true,"Operante","","","19/03/2026 15:21:00","19/03/2026 15:21:00","","100mm",""
"hid_1781","3195","STM00152","3195","SANTA MARIA","Qr 418 Conjunto P - Santa Maria, Brasília - DF, 72548-700, Brasil","Frente/direita casa 01 / Via de acesso à Av. Santa Maria","Frente/direita casa 01 / Via de acesso à Av. Santa Maria",-16.012444,-47.985889,true,"Operante","","","23/03/2026 22:03:00","23/03/2026 22:03:00","","100mm",""
"hid_1782","3196","STM00153","3196","SANTA MARIA","CL 418 - Lote F - Santa Maria, Brasília - DF, Brasil","Frente/esquerda da Escola Jardim de Infância / Via de acesso à Av. Santa Maria","Frente/esquerda da Escola Jardim de Infância / Via de acesso à Av. Santa Maria",-16.010472,-47.986528,true,"Operante","FALTA CABEÇOTE DA HASTE DO REGISTRO (LUVA)","","19/03/2026 15:40:00","19/03/2026 15:40:00","","100mm",""
"hid_1783","3197","STM00154","3197","SANTA MARIA","CL 418 CONJUNTO B/C - UNIP SANTA MARIA-DF","FRENTE DA FACULDADE UNIP / AVENIDA SANTA MARIA","FRENTE DA FACULDADE UNIP / AVENIDA SANTA MARIA",-16.010806,-47.988222,true,"Operante","","","19/03/2026 15:40:00","19/03/2026 15:40:00","","100mm",""
"hid_1784","3198","STM00155","3198","SANTA MARIA","Qr 516 Conjunto A - Santa Maria, Brasília - DF, 72546-803, Brasil","Em frente à casa 29 / Via de acesso à Av. Santa Maria","Em frente à casa 29 / Via de acesso à Av. Santa Maria",-16.019444,-47.992639,false,"Inoperante","HIDRANTE SEM ÁGUA","","19/03/2026 16:25:00","19/03/2026 16:25:00","","100mm",""
"hid_1785","3201","STM00156","3201","SANTA MARIA","Qr 516 Conjunto D - Santa Maria, Brasília - DF, 72546-800, Brasil","Em frente à casa 3 / Via de acesso à Av. Santa Maria","Em frente à casa 3 / Via de acesso à Av. Santa Maria",-16.018306,-47.993639,true,"Operante","TAMPA DE CONCRETO QUEBRADA OU REMOVIDA","","23/03/2026 22:05:00","23/03/2026 22:05:00","","100mm",""
"hid_1786","3202","STM00157","3202","SANTA MARIA","Qr 516 Conjunto L - Santa Maria, Brasília - DF, 72546-800, Brasil","Em frente à casa 6 - Próximo ao E. C. 416 / Via de acesso à Av. Santa Maria","Em frente à casa 6 - Próximo ao E. C. 416 / Via de acesso à Av. Santa Maria",-16.0165,-47.992611,true,"Operante","","","19/03/2026 16:06:00","19/03/2026 16:06:00","","100mm",""
"hid_1787","3203","SEB00047","3203","SAO SEBASTIAO","Quadra 15 Rua G Casa 38/40","Á esquerda da torre G","Á esquerda da torre G",-15.892333,-47.795194,true,"Operante","","","10/09/2025 10:00:00","10/09/2025 10:00:00","","100mm",""
"hid_1788","3204","SEB00048","3204","SAO SEBASTIAO","Quadra 15 Rua H FRENTE A TORRE H3","Frente a torre H3","Frente a torre H3",-15.8935,-47.794889,true,"Operante","","","10/09/2025 09:58:00","10/09/2025 09:58:00","","100mm",""
"hid_1789","3205","SEB00049","3205","SAO SEBASTIAO","Quadra 15 Rua N","Esquerda da torre N3","Esquerda da torre N3",-15.895106,-47.795603,true,"Operante","","","10/09/2025 09:54:00","10/09/2025 09:54:00","","100mm",""
"hid_1790","3206","SEB00050","3206","SAO SEBASTIAO","SHJM Quadra 13 Rua A Casa 01","Esquerda da casa 01/frente a portaria","Esquerda da casa 01/frente a portaria",-15.894167,-47.798639,true,"Operante","","","10/09/2025 10:05:00","10/09/2025 10:05:00","","100mm",""
"hid_1791","3207","SEB00051","3207","SAO SEBASTIAO","SHJM Quadra 13 Rua O torre 2","A direita da torre 2","A direita da torre 2",-15.893111,-47.797639,true,"Operante","","","10/09/2025 10:07:00","10/09/2025 10:07:00","","100mm",""
"hid_1792","3208","SEB00052","3208","SAO SEBASTIAO","SHJM Quadra 13 Rua E torre E-2","Em frente a torre E-2","Em frente a torre E-2",-15.892222,-47.799028,true,"Operante","","","10/09/2025 10:10:00","10/09/2025 10:10:00","","100mm",""
"hid_1793","3209","JAR00023","3209","JARDIM BOTANICO","Quadra 01 Conj. 1 casa 01 Condomínio Solar de Brasília","Lateral direita da casa 01","Lateral direita da casa 01",-15.864647,-47.817451,true,"Operante","","","18/11/2025 11:00:00","18/11/2025 11:00:00","","100mm",""
"hid_1794","3210","JAR00024","3210","JARDIM BOTANICO","Quadra 01 Conj. 05 casa 02 Condomínio Solar de Brasília","Lateral direita da casa 01","Lateral direita da casa 01",-15.863301,-47.817194,true,"Operante","","","18/11/2025 12:00:00","18/11/2025 12:00:00","","100mm",""
"hid_1795","3211","JAR00025","3211","JARDIM BOTANICO","Quadra 03 Condomínio Quintas do Sol","À esquerda do portão/Avenida do Sol","À esquerda do portão/Avenida do Sol",-15.86818,-47.79542,true,"Operante","","","14/11/2025 11:00:00","14/11/2025 11:00:00","","100mm",""
"hid_1796","3212","JAR00026","3212","JARDIM BOTANICO","Quadra 02 Conjunto 3 Condomínio Solar de Brasília","Entre os conjuntos 3/5","Entre os conjuntos 3/5",-15.858022,-47.815303,true,"Operante","","","19/11/2025 09:00:00","19/11/2025 09:00:00","","100mm",""
"hid_1797","3213","JAR00027","3213","JARDIM BOTANICO","Quadra 02 Conjunto 9 Condomínio Solar de Brasília","Entre os conjuntos 9/11","Entre os conjuntos 9/11",-15.855672,-47.814708,true,"Operante","","","19/11/2025 10:00:00","19/11/2025 10:00:00","","100mm",""
"hid_1798","3215","JAR00029","3215","JARDIM BOTANICO","Quadra 02 rua 202 Condomínio Quintas do Sol","Avenida do Sol","Avenida do Sol",-15.871124,-47.799571,true,"Operante","","","14/11/2025 10:00:00","14/11/2025 10:00:00","","100mm",""
"hid_1799","3218","JAR00031","3218","JARDIM BOTANICO","SHJB 3","Rotatória","Rotatória",-15.887608,-47.80023,true,"Operante","","","12/11/2025 09:00:00","12/11/2025 09:00:00","","100mm",""
"hid_1800","3220","JAR00033","3220","JARDIM BOTANICO","SHJB 3","Parque Vivencial Jardim Botânico","Parque Vivencial Jardim Botânico",-15.885986,-47.807285,true,"Operante","","","13/11/2025 10:00:00","13/11/2025 10:00:00","","100mm",""
"hid_1801","3221","JAR00034","3221","JARDIM BOTANICO","SHJB 3 Avenida das Paineiras Quadra 08 Conjunto C lote 02","Á esquerda do lote 02","Á esquerda do lote 02",-15.884149,-47.80295,true,"Operante","","","13/11/2025 09:00:00","13/11/2025 09:00:00","","100mm",""
"hid_1802","3222","JAR00035","3222","JARDIM BOTANICO","SHJB 3 EQ 3/5 bloco A","Á esquerda do edifício Jardim Imperial","Á esquerda do edifício Jardim Imperial",-15.8842,-47.815399,true,"Operante","","","13/11/2025 12:00:00","13/11/2025 12:00:00","","100mm",""
"hid_1803","3223","SAM00125","3223","SAMAMBAIA","QR - 215 CONJUNTO 05 EM FRENTE A CASO 18","VIA PÚBLICA","VIA PÚBLICA",-15.891667,-48.101111,true,"Operante","","","14/04/2025 09:30:00","14/04/2025 09:30:00","","100mm",""
"hid_1804","3225","SAM00127","3225","SAMAMBAIA","QR - 225 CONJUNTO 03 CASA 17","EM FRENTE À RESIDÊNCIA","EM FRENTE À RESIDÊNCIA",-15.890278,-48.126389,false,"Inoperante","REGISTRO SOTERRADO; TAMPA DA CAIXA LACRADA (CONCRETADA)","","24/04/2025 09:00:00","24/04/2025 09:00:00","","100mm",""
"hid_1805","3227","GUA00001","3227","GUARA","QE 01 LUCIO COSTA","QE 01 - Fundos do Jardim de Infância Lúcio Costa","QE 01 - Fundos do Jardim de Infância Lúcio Costa",-15.809472,-47.985611,false,"Inoperante","REGISTRO COM VAZAMENTO","","20/08/2026 09:25:00","20/08/2026 09:25:00","","100mm",""
"hid_1806","3257","GUA00002","3257","GUARA","QE 01 Bl. ""A"" - 13","QE 01 Bl. ""A"" - 13 - Na grade do edificio e Próx. à Quadra de Esportes","QE 01 Bl. ""A"" - 13 - Na grade do edificio e Próx. à Quadra de Esportes",-15.808111,-47.985917,false,"Inoperante","FALTA CABEÇOTE DA HASTE DO REGISTRO (LUVA)","","20/08/2026 09:40:00","20/08/2026 09:40:00","","100mm",""
"hid_1807","3259","GUA00003","3259","GUARA","QE 01 Bl. ""B"" - 10","QE 01 Bl. ""B"" - 10 - Entrada da Garagem","QE 01 Bl. ""B"" - 10 - Entrada da Garagem",-15.808917,-47.986694,true,"Operante","","","20/08/2026 09:33:00","20/08/2026 09:33:00","","100mm",""
"hid_1808","3262","GUA00004","3262","GUARA","QE 02 Bl. ""A"" - 03","Entrada do Estacionamento//Próximo a panificadora Panville","Entrada do Estacionamento//Próximo a panificadora Panville",-15.810306,-47.987694,true,"Operante","","","20/08/2026 09:19:00","20/08/2026 09:19:00","","100mm",""
"hid_1809","3264","GUA00005","3264","GUARA","QE 02 Bl. ""B"" - 10","QE 02 Bl. ""B"" - 10 - Em frente a padaria Julipan","QE 02 Bl. ""B"" - 10 - Em frente a padaria Julipan",-15.808778,-47.988222,true,"Operante","","","20/08/2026 09:47:00","20/08/2026 09:47:00","","100mm",""
"hid_1810","3265","GUA00006","3265","GUARA","QE 04 Bl. ""B"" - 10","QE 04 Bl. ""B"" - 10 - Entrada do Estacionamento Ed. Vivendas Canarios","QE 04 Bl. ""B"" - 10 - Entrada do Estacionamento Ed. Vivendas Canarios",-15.808361,-47.991083,false,"Inoperante","REGISTRO EMPERRADO","","20/08/2026 09:58:00","20/08/2026 09:58:00","","100mm",""
"hid_1811","3266","GUA00007","3266","GUARA","QE 04 Bl. ""A"" - 03","QE 04 Bl. ""A"" - 03 - Ao lado do Ed. Rio Negro em frente a área verde","QE 04 Bl. ""A"" - 03 - Ao lado do Ed. Rio Negro em frente a área verde",-15.809833,-47.990778,true,"Operante","","","20/08/2026 09:54:00","20/08/2026 09:54:00","","100mm",""
"hid_1812","3269","GUA00008","3269","GUARA","QE 01 Bl. ""E""","QE 01 Bl. ""E"" - Próximo ao portão da garagem.","QE 01 Bl. ""E"" - Próximo ao portão da garagem.",-15.813694,-47.978528,true,"Operante","","","29/07/2026 09:55:00","29/07/2026 09:55:00","","100mm",""
"hid_1813","3272","GUA00009","3272","GUARA","QI 01 CONJ. ""B"" CASA 65","QI 01 CONJ. ""B"" CASA 65 - Próximo à Área Verde.","QI 01 CONJ. ""B"" CASA 65 - Próximo à Área Verde.",-15.812167,-47.976306,false,"Inoperante","FALTA CABEÇOTE DA HASTE DO REGISTRO (LUVA)","","29/07/2026 09:30:00","29/07/2026 09:30:00","","100mm",""
"hid_1814","3277","GUA00010","3277","GUARA","QI 01 CONJ. ""Q"" CASA 65","QI 01 CONJ. ""Q"" CASA 65 - Esquina da Pracinha.","QI 01 CONJ. ""Q"" CASA 65 - Esquina da Pracinha.",-15.814056,-47.976722,false,"Inoperante","FALTA CABEÇOTE DA HASTE DO REGISTRO (LUVA)","","29/07/2026 09:47:00","29/07/2026 09:47:00","","100mm",""
"hid_1815","3278","GUA00011","3278","GUARA","QI 03 CONJ. ""B"" CASA 65","QI 03 CONJ. ""B"" CASA 65 - Próximo à Área Verde.","QI 03 CONJ. ""B"" CASA 65 - Próximo à Área Verde.",-15.814917,-47.975972,true,"Operante","","","29/07/2026 09:10:00","29/07/2026 09:10:00","","100mm",""
"hid_1816","3279","GUA00012","3279","GUARA","QE 03 CONJ. ""N"" CASA 04","QE 03 CONJ. ""N"" CASA 04 - Próximo à Área Verde/Fundos da Esc. São Francisco.","QE 03 CONJ. ""N"" CASA 04 - Próximo à Área Verde/Fundos da Esc. São Francisco.",-15.815028,-47.974139,true,"Operante","","","29/07/2026 09:13:00","29/07/2026 09:13:00","","100mm",""
"hid_1817","3286","SOB00037","3286","SOBRADINHO","QUADRA 02 CONJ.B 09 CASA 16","FUNDOS DO LOTE 16 VIRADO PARA A BR 020","FUNDOS DO LOTE 16 VIRADO PARA A BR 020",-15.660695,-47.797672,true,"Operante","","","11/07/2025 10:20:00","11/07/2025 10:20:00","","100mm",""
"hid_1818","3294","SEB00053","3294","SAO SEBASTIAO","SHJM Quadra 09 rua B casa 02","Próximo à portaria/ encontro da rua A e B","Próximo à portaria/ encontro da rua A e B",-15.890623,-47.807431,true,"Operante","","","09/09/2025 09:48:00","09/09/2025 09:48:00","","100mm",""
"hid_1819","3295","SEB00054","3295","SAO SEBASTIAO","SHJM Quadra 09 rua D casa 01","à esquerda da casa 01","à esquerda da casa 01",-15.889911,-47.808142,true,"Operante","","","09/09/2025 09:46:00","09/09/2025 09:46:00","","100mm",""
"hid_1820","3297","SEB00055","3297","SAO SEBASTIAO","SHJM Quadra 07 rua D casa 23","Em frente a casa 23","Em frente a casa 23",-15.888701,-47.809996,true,"Operante","FALTA CABEÇOTE DA HASTE DO REGISTRO (LUVA)","","09/09/2025 10:15:00","09/09/2025 10:15:00","","100mm",""
"hid_1821","3299","SEB00056","3299","SAO SEBASTIAO","SHJM Quadra 07 rua G casa 02","à direita da casa 02","à direita da casa 02",-15.888431,-47.808925,true,"Operante","","","09/09/2025 10:17:00","09/09/2025 10:17:00","","100mm",""
"hid_1822","3300","SEB00057","3300","SAO SEBASTIAO","SHJM Quadra 05 rua A casa 01","à esquerda da casa 01/ próximo à portaria","à esquerda da casa 01/ próximo à portaria",-15.888657,-47.812462,true,"Operante","","","09/09/2025 10:28:00","09/09/2025 10:28:00","","100mm",""
"hid_1823","3302","SEB00058","3302","SAO SEBASTIAO","SHJM Quadra 05 rua G casa 14","à direita da casa 14","à direita da casa 14",-15.88741,-47.812226,true,"Operante","","","09/09/2025 10:25:00","09/09/2025 10:25:00","","100mm",""
"hid_1824","3303","SEB00059","3303","SAO SEBASTIAO","SHJM Quadra 05 rua D casa 01","á esquerda da casa 01","á esquerda da casa 01",-15.888073,-47.812751,true,"Operante","FALTA CABEÇOTE DA HASTE DO REGISTRO (LUVA)","","09/09/2025 10:23:00","09/09/2025 10:23:00","","100mm",""
"hid_1825","3305","SEB00060","3305","SAO SEBASTIAO","SHJM Quadra 06 rua A torre A2","à esquerda da torre A2","à esquerda da torre A2",-15.892236,-47.811583,true,"Operante","","","09/09/2025 09:30:00","09/09/2025 09:30:00","","100mm",""
"hid_1826","3306","SEB00061","3306","SAO SEBASTIAO","SHJM Quadra 06 rua J casa 24","em frente a casa 24","em frente a casa 24",-15.893385,-47.811855,true,"Operante","","","09/09/2025 09:32:00","09/09/2025 09:32:00","","100mm",""
"hid_1827","3307","GUA00013","3307","GUARA","QI 03 CONJ. ""Q"" CASA 65","QI 03 CONJ. ""Q"" CASA 65 - Próximo à Pracinha.","QI 03 CONJ. ""Q"" CASA 65 - Próximo à Pracinha.",-15.816833,-47.976444,false,"Inoperante","FALTA CABEÇOTE DA HASTE DO REGISTRO (LUVA)","","29/07/2026 10:49:00","29/07/2026 10:49:00","","100mm",""
"hid_1828","3310","GUA00014","3310","GUARA","85 - Guará I QI 5 - Guará, Brasília - DF, 70297-400, Brasil","QI 05 CONJ. ""B"" CASA 65 - Próximo à Área Verde.","QI 05 CONJ. ""B"" CASA 65 - Próximo à Área Verde.",-15.817194,-47.97425,false,"Inoperante","FALTA CABEÇOTE DA HASTE DO REGISTRO (LUVA)","","29/07/2026 09:01:00","29/07/2026 09:01:00","","100mm",""
"hid_1829","3312","GUA00015","3312","GUARA","QI 05 CONJ. ""Q"" CASA 65","QI 05 CONJ. ""Q"" CASA 65 - Próximo à Quadra de Esportes/Pracinha.","QI 05 CONJ. ""Q"" CASA 65 - Próximo à Quadra de Esportes/Pracinha.",-15.819056,-47.974528,false,"Inoperante","FALTA CABEÇOTE DA HASTE DO REGISTRO (LUVA)","","29/07/2026 08:53:00","29/07/2026 08:53:00","","100mm",""
"hid_1830","3313","GUA00016","3313","GUARA","QI 07 CONJ. ""B"" CASA 65","QI 07 CONJ. ""B"" CASA 65 - Próximo à Área Verde.","QI 07 CONJ. ""B"" CASA 65 - Próximo à Área Verde.",-15.816611,-47.978333,true,"Operante","","","29/07/2026 10:37:00","29/07/2026 10:37:00","","100mm",""
"hid_1831","3314","GUA00017","3314","GUARA","QI 07 CONJ. ""Q"" CASA 65","QI 07 CONJ. ""Q"" CASA 65 - Próximo à Pracinha.","QI 07 CONJ. ""Q"" CASA 65 - Próximo à Pracinha.",-15.818556,-47.978722,true,"Operante","","","23/07/2026 09:30:00","23/07/2026 09:30:00","","100mm",""
"hid_1832","3315","GUA00018","3315","GUARA","QE 07 Bl. ""A""","QE 07 Bl. ""A"" - Próximo a CEF.","QE 07 Bl. ""A"" - Próximo a CEF.",-15.819722,-47.980472,true,"Operante","","","23/07/2026 09:21:00","23/07/2026 09:21:00","","100mm",""
"hid_1833","3316","GUA00019","3316","GUARA","QI 09 CONJ. ""B"" CASA 65","QI 09 CONJ. ""B"" CASA 65 - Próximo à Área Verde.","QI 09 CONJ. ""B"" CASA 65 - Próximo à Área Verde.",-15.818889,-47.976694,false,"Inoperante","FALTA CABEÇOTE DA HASTE DO REGISTRO (LUVA)","","23/07/2026 09:39:00","23/07/2026 09:39:00","","100mm",""
"hid_1834","3317","GUA00020","3317","GUARA","QE / QI 09","QE/QI 09 - Centro Educacional nº 04.","QE/QI 09 - Centro Educacional nº 04.",-15.820667,-47.975083,true,"Operante","","","23/07/2026 09:45:00","23/07/2026 09:45:00","","100mm",""
"hid_1835","3319","GUA00021","3319","GUARA","QI 09 CONJ. ""Q"" CASA 65 - Próx. à Pracinha","QI 09 CONJ. ""Q"" CASA 65 - Próximo à Pracinha.","QI 09 CONJ. ""Q"" CASA 65 - Próximo à Pracinha.",-15.820778,-47.977028,true,"Operante","","","23/07/2026 09:52:00","23/07/2026 09:52:00","","100mm",""
"hid_1836","3320","SEB00062","3320","SAO SEBASTIAO","SHJM Quadra 10 rua P torre P-2","Ao lado da torre P2","Ao lado da torre P2",-15.895264,-47.803606,true,"Operante","","","10/09/2025 08:00:00","10/09/2025 08:00:00","","100mm",""
"hid_1837","3322","SEB00063","3322","SAO SEBASTIAO","SHJM Quadra 10 rua J torre j2","Esquina da rua J2","Esquina da rua J2",-15.896853,-47.803144,true,"Operante","","","10/09/2025 09:00:00","10/09/2025 09:00:00","","100mm",""
"hid_1838","3323","STM00158","3323","SANTA MARIA","QR 517 Conjunto G - Santa Maria, Brasília - DF, 72547-800, Brasil","Em frente à casa 28 / Via de acesso à Av. Santa Maria","Em frente à casa 28 / Via de acesso à Av. Santa Maria",-16.018,-47.988583,true,"Operante","","","19/03/2026 16:41:00","19/03/2026 16:41:00","","100mm",""
"hid_1839","3324","STM00159","3324","SANTA MARIA","QR 517 Conjunto E - Santa Maria, Brasília - DF, 72547-800, Brasil","Em frente à casa 3 / Via de acesso à Av. Santa Maria","Em frente à casa 3 / Via de acesso à Av. Santa Maria",-16.017083,-47.9905,true,"Operante","","","23/03/2026 22:04:00","23/03/2026 22:04:00","","100mm",""
"hid_1840","3325","STM00160","3325","SANTA MARIA","QR 517 Conjunto L - Santa Maria, Brasília - DF, 72547-800, Brasil","Em frente à casa 11 / Via de acesso à Av. Santa Maria","Em frente à casa 11 / Via de acesso à Av. Santa Maria",-16.015891,-47.989527,true,"Operante","","","19/03/2026 16:54:00","19/03/2026 16:54:00","","100mm",""
"hid_1841","3326","STM00161","3326","SANTA MARIA","Qr 518 Conjunto A - Santa Maria, Brasília - DF, 72548-800, Brasil","Em frente à casa 18 / Próximo a parada de ônibus \ Via de acesso à Av. Santa Maria","Em frente à casa 18 / Próximo a parada de ônibus \ Via de acesso à Av. Santa Maria",-16.017556,-47.986278,true,"Operante","","","23/03/2026 22:04:00","23/03/2026 22:04:00","","100mm",""
"hid_1842","3327","STM00162","3327","SANTA MARIA","QR 518 Conjunto C - Santa Maria, Brasília - DF, 72547-800, Brasil","Em frente à casa 03 / Via de acesso à Av. Santa Maria","Em frente à casa 03 / Via de acesso à Av. Santa Maria",-16.016667,-47.987806,true,"Operante","","","19/03/2026 16:48:00","19/03/2026 16:48:00","","100mm",""
"hid_1843","3328","STM00163","3328","SANTA MARIA","Qr 518 Conjunto N - Santa Maria, Brasília - DF, 72548-800, Brasil","Em frente à Igreja Assembléia de Deus / Via de acesso à Av. Santa Maria","Em frente à Igreja Assembléia de Deus / Via de acesso à Av. Santa Maria",-16.016222,-47.985111,true,"Operante","","","23/03/2026 22:04:00","23/03/2026 22:04:00","","100mm",""
"hid_1844","3329","STM00164","3329","SANTA MARIA","Qr 518 Conjunto K - Santa Maria, Brasília - DF, 72548-800, Brasil","Em frente à casa 09 / Via de acesso à Av. Santa Maria","Em frente à casa 09 / Via de acesso à Av. Santa Maria",-16.015389,-47.986667,true,"Operante","","","23/03/2026 22:03:00","23/03/2026 22:03:00","","100mm",""
"hid_1845","3332","STM00165","3332","SANTA MARIA","QC 3 - Santa Maria, Residencial Santos Dumont, Brasília - DF, 70297-400, Brasil","Frente à Rotatória da Entrada Principal","Frente à Rotatória da Entrada Principal",-15.991861,-47.988083,false,"Inoperante","FALTA CABEÇOTE DA HASTE DO REGISTRO (LUVA)","","05/03/2026 14:09:00","05/03/2026 14:09:00","","100mm",""
"hid_1846","3333","STM00166","3333","SANTA MARIA","Qc 4 - Santa Maria, Residencial Santos Dummont, Brasília - DF, 72593-304, Brasil","Área Especial - Fundos da CFIAe","Área Especial - Fundos da CFIAe",-15.993417,-47.987778,true,"Operante","","","05/03/2026 14:54:00","05/03/2026 14:54:00","","100mm",""
"hid_1847","3334","STM00167","3334","SANTA MARIA","QRC 2 - Santa Maria, Residencial Santos Dummont, Brasília - DF, Brasil","Em frente à casa 02","Em frente à casa 02",-15.991833,-47.990056,true,"Operante","REGISTRO COM VAZAMENTO","","05/03/2026 14:25:00","05/03/2026 14:25:00","","100mm",""
"hid_1848","3335","STM00168","3335","SANTA MARIA","Qrc 5 - Santa Maria, Residencial Santos Dummont, Brasília - DF, 70297-400, Brasil","Em frente à casa 01","Em frente à casa 01",-15.992806,-47.991861,true,"Operante","REGISTRO COM VAZAMENTO","","05/03/2026 14:30:00","05/03/2026 14:30:00","","100mm",""
"hid_1849","3336","STM00169","3336","SANTA MARIA","Qri 13 - Santa Maria, Residencial Santos Dummont, Brasília - DF, 70297-400, Brasil","Em frente à casa 02","Em frente à casa 02",-15.991389,-47.992972,true,"Operante","","","05/03/2026 14:34:00","05/03/2026 14:34:00","","100mm",""
"hid_1850","3337","STM00170","3337","SANTA MARIA","QRI 14 - Santa Maria, Residencial Santos Dummont, Brasília - DF, 72593-214, Brasil","Em frente à casa 14 / Escolinha Sítio Encantado","Em frente à casa 14 / Escolinha Sítio Encantado",-15.995861,-47.997333,true,"Operante","REGISTRO COM VAZAMENTO","","05/03/2026 15:10:00","05/03/2026 15:10:00","","100mm",""
"hid_1851","3338","STM00171","3338","SANTA MARIA","QRC 16 - Santa Maria, Residencial Santos Dummont, Brasília - DF, 72594-232, Brasil","Esquina da Casa 02","Esquina da Casa 02",-15.998444,-47.996583,true,"Operante","","","05/03/2026 15:36:00","05/03/2026 15:36:00","","100mm",""
"hid_1852","3341","STM00172","3341","SANTA MARIA","QRI-30 - Santa Maria, Residencial Sandos Dumont, Brasília - DF, Brasil","Esquina da Casa 15 / Próximo a portaria do Clube CESNA","Esquina da Casa 15 / Próximo a portaria do Clube CESNA",-15.998861,-47.999972,true,"Operante","","","05/03/2026 15:27:00","05/03/2026 15:27:00","","100mm",""
"hid_1853","3343","STM00173","3343","SANTA MARIA","Qri 18 Casa 16 - Santa Maria, Residencial Sandos Dumont, Brasília - DF, Brasil","Em frente à QBR 8 Bloco B","Em frente à QBR 8 Bloco B",-15.996389,-47.999,true,"Operante","","","05/03/2026 15:13:00","05/03/2026 15:13:00","","100mm",""
"hid_1854","3344","STM00174","3344","SANTA MARIA","QRI-3 - Santa Maria, Residencial Sandos Dumont, Brasília - DF, Brasil","Em frente à casa 04","Em frente à casa 04",-15.993889,-47.991361,true,"Operante","","","05/03/2026 14:15:00","05/03/2026 14:15:00","","100mm",""
"hid_1855","3348","STM00175","3348","SANTA MARIA","Qri 22 - Santa Maria, Residencial Santos Dumont, Brasília - DF, Brasil","Em frente à QBR 7 Bloco G","Em frente à QBR 7 Bloco G",-15.998056,-47.998583,true,"Operante","","","05/03/2026 15:18:00","05/03/2026 15:18:00","","100mm",""
"hid_1856","3349","STM00176","3349","SANTA MARIA","QRC 16 - Santa Maria, Residencial Santos Dummont, Brasília - DF, 72546-377, Brasil","Em frente à casa 40","Em frente à casa 40",-15.99925,-47.997222,false,"Inoperante","TAMPA DA CAIXA LACRADA (CONCRETADA)","","05/03/2026 15:33:00","05/03/2026 15:33:00","","100mm",""
"hid_1857","3351","STM00177","3351","SANTA MARIA","QRB 2/QRC 10 - Santa Maria, Residencial Santos Dummont, Brasília - DF, Brasil","Em frente à casa 06","Em frente à casa 06",-15.996722,-47.993833,true,"Operante","","","05/03/2026 14:45:00","05/03/2026 14:45:00","","100mm",""
"hid_1858","3352","STM00178","3352","SANTA MARIA","Qbr 8/QRI 37 - Santa Maria, Residencial Santos Dummont, Brasília - DF, 72594-307, Brasil","Em frente à casa 01","Em frente à casa 01",-15.996333,-48.000917,false,"Inoperante","REGISTRO SOTERRADO","","05/03/2026 15:22:00","05/03/2026 15:22:00","","100mm",""
"hid_1859","3354","STM00179","3354","SANTA MARIA","QRI 17 - Santa Maria, Residencial Santos Dummont, Brasília - DF, 72594-307, Brasil","Em frente à casa 01","Em frente à casa 01",-15.992833,-47.993944,true,"Operante","","","05/03/2026 14:38:00","05/03/2026 14:38:00","","100mm",""
"hid_1860","3356","STM00181","3356","SANTA MARIA","Trecho 01 Conjunto 11 Lote 02, Pólo JK, Santa Maria, Brasília, Brasil","Próximo à GUERDAU - Gráfica Brasil","Próximo à GUERDAU - Gráfica Brasil",-16.042833,-47.977806,true,"Operante","","","26/03/2026 15:51:00","26/03/2026 15:51:00","","100mm",""
"hid_1861","3357","STM00182","3357","SANTA MARIA","Trecho 01 Conjunto 10, Pólo JK, Santa Maria, Brasília, Brasil","Próximo ao Galpão do Grupo OK.","Próximo ao Galpão do Grupo OK.",-16.043667,-47.969389,false,"Inoperante","TAMPA DA CAIXA LACRADA (CONCRETADA)","","26/03/2026 14:58:00","26/03/2026 14:58:00","","100mm",""
"hid_1862","3358","STM00183","3358","SANTA MARIA","Trecho 01 Conjunto 10, Lote 09, Pólo JK, Santa Maria, Brasília, Brasil","Em frente ao Edifício Guarda Fácil","Em frente ao Edifício Guarda Fácil",-16.043333,-47.971722,true,"Operante","","","26/03/2026 14:56:00","26/03/2026 14:56:00","","100mm",""
"hid_1863","3359","STM00184","3359","SANTA MARIA","TRECHO 1 CONJUNTO 9 LOTE 3 POLO JK SANTA MARIA-DF","EM FRENTE AO CONJUNTO 9 LOTE 3
EM FRENTE A CHANGE ENGENHARIA","EM FRENTE AO CONJUNTO 9 LOTE 3
EM FRENTE A CHANGE ENGENHARIA",-16.037861,-47.977167,true,"Operante","","","26/03/2026 15:48:00","26/03/2026 15:48:00","","100mm",""
"hid_1864","3360","STM00185","3360","SANTA MARIA","TRECHO 1 CONJUNTO 9 LOTE 1, POLO JK SANTA MARIA-DF","EM FRENTE AO LOTE 1 - PROXIMO AO R&Z COMERCIO E SERVIÇOS","EM FRENTE AO LOTE 1 - PROXIMO AO R&Z COMERCIO E SERVIÇOS",-16.036306,-47.976861,true,"Operante","","","26/03/2026 15:47:00","26/03/2026 15:47:00","","100mm",""
"hid_1865","3361","STM00186","3361","SANTA MARIA","Trecho 01 Conjunto 06, Pólo JK, Santa Maria, Brasília, Brasil","Em frente ao lote 01","Em frente ao lote 01",-16.035333,-47.97675,true,"Operante","","","26/03/2026 15:46:00","26/03/2026 15:46:00","","100mm",""
"hid_1866","3362","STM00187","3362","SANTA MARIA","Trecho 01 Conjunto 02 Lote 01, Pólo JK, Santa Maria, Brasília, Brasil","Próximo à Lateral da representante Ford.","Próximo à Lateral da representante Ford.",-16.03075,-47.976806,true,"Operante","","","26/03/2026 15:40:00","26/03/2026 15:40:00","","100mm",""
"hid_1867","3363","STM00188","3363","SANTA MARIA","Trecho 01 Conjunto 10 Lote 03, Pólo JK, Santa Maria, Brasília, Brasil","Transportadora e Comércio Brasiliense","Transportadora e Comércio Brasiliense",-16.028167,-47.973944,true,"Operante","","","26/03/2026 15:37:00","26/03/2026 15:37:00","","100mm",""
"hid_1868","3375","GUA00022","3375","GUARA","QI 11 CONJ. ""Q"" CASA 65","QI 11 CONJ. ""Q"" CASA 65 - Próximo à Pracinha","QI 11 CONJ. ""Q"" CASA 65 - Próximo à Pracinha",-15.822444,-47.979167,false,"Inoperante","FALTA CABEÇOTE DA HASTE DO REGISTRO (LUVA)","","29/07/2026 08:43:00","29/07/2026 08:43:00","","100mm",""
"hid_1869","3376","GUA00023","3376","GUARA","QI 11 CONJ. ""R"" CASA 84","QI 11 CONJ. ""R"" CASA 84 - Ao lado do Bl. ""S""/Frente à Igreja Cristã no Brasil.","QI 11 CONJ. ""R"" CASA 84 - Ao lado do Bl. ""S""/Frente à Igreja Cristã no Brasil.",-15.822,-47.980389,true,"Operante","","","23/07/2026 10:06:00","23/07/2026 10:06:00","","100mm",""
"hid_1870","3377","GUA00024","3377","GUARA","QI 11 CONJ. ""B"" CASA 65","QI 11 CONJ. ""B"" CASA 65 - Próximo à Área Verde.","QI 11 CONJ. ""B"" CASA 65 - Próximo à Área Verde.",-15.820639,-47.978972,true,"Operante","","","23/07/2026 09:58:00","23/07/2026 09:58:00","","100mm",""
"hid_1871","3381","GUA00027","3381","GUARA","QE 02 Área Especial","QE 02 Área Especial - 13ª GBM","QE 02 Área Especial - 13ª GBM",-15.81725,-47.981778,true,"Operante","","","05/08/2026 09:53:00","05/08/2026 09:53:00","","100mm",""
"hid_1872","3382","GUA00028","3382","GUARA","QI 02 CONJ. ""Q"" CASA 65","QI 02 CONJ. ""Q"" CASA 65 - Próximo à Pracinha.","QI 02 CONJ. ""Q"" CASA 65 - Próximo à Pracinha.",-15.8155,-47.981778,false,"Inoperante","FALTA CABEÇOTE DA HASTE DO REGISTRO (LUVA)","","05/08/2026 09:33:00","05/08/2026 09:33:00","","100mm",""
"hid_1873","3384","GUA00029","3384","GUARA","AE QE 6/Posto de Saúde do Guará I","AE QE 6/Posto de Saúde do Guará I - Ao lado do HRGU/QI 06 Bl. ""O"".","AE QE 6/Posto de Saúde do Guará I - Ao lado do HRGU/QI 06 Bl. ""O"".",-15.817722,-47.986444,false,"Inoperante","REGISTRO EMPERRADO","","05/08/2026 11:42:00","05/08/2026 11:42:00","","100mm",""
"hid_1874","3387","GUA00030","3387","GUARA","QE - 16 AE ""A"" /Centro Espírita André Luís","QE - 16 AE ""A"" /Centro Espírita André Luís - Próximo à Pracinha","QE - 16 AE ""A"" /Centro Espírita André Luís - Próximo à Pracinha",-15.820417,-47.987611,false,"Inoperante","HIDRANTE QUEBRADO NO FLANGE","Aparelho solto. Necessário refazer fixação do corpo do hidrante.","04/08/2026 10:58:00","04/08/2026 10:58:00","","100mm",""
"hid_1875","3388","GUA00031","3388","GUARA","QI 04 CONJ. ""Q"" CASA 65","","",-15.817083,-47.984194,true,"Operante","","","05/08/2026 11:03:00","05/08/2026 11:03:00","","100mm",""
"hid_1876","3391","GUA00033","3391","GUARA","QE 04 CONJ. ""D"" Casa 04","QE 04 CONJ. ""D"" Casa 04 - Lateral da casa 04 Área verde.","QE 04 CONJ. ""D"" Casa 04 - Lateral da casa 04 Área verde.",-15.814139,-47.985778,true,"Operante","","","05/08/2026 11:18:00","05/08/2026 11:18:00","","100mm",""
"hid_1877","3394","GUA00034","3394","GUARA","QI 04 CONJ. ""B"" CASA 65","QI 04 CONJ. ""B"" CASA 65 - Próximo à área verde.","QI 04 CONJ. ""B"" CASA 65 - Próximo à área verde.",-15.815222,-47.983861,true,"Operante","","","05/08/2026 11:12:00","05/08/2026 11:12:00","","100mm",""
"hid_1878","3395","GUA00035","3395","GUARA","QI 06 CONJ. ""B"" CASA 65","QI 06 CONJ. ""B"" CASA 65 - Próximo à Área Verde.","QI 06 CONJ. ""B"" CASA 65 - Próximo à Área Verde.",-15.8155,-47.986667,true,"Operante","","","05/08/2026 11:28:00","05/08/2026 11:28:00","","100mm",""
"hid_1879","3396","GUA00036","3396","GUARA","QI 06 CONJ. ""Q"" CASA 65","QI 06 CONJ. ""Q"" CASA 65 - Próximo à Pracinha","QI 06 CONJ. ""Q"" CASA 65 - Próximo à Pracinha",-15.817389,-47.987056,true,"Operante","","","05/08/2026 11:35:00","05/08/2026 11:35:00","","100mm",""
"hid_1880","3397","GUA00037","3397","GUARA","QI 08 CONJ. ""B"" CASA 65","QI 08 CONJ. ""B"" CASA 65 - Próximo à área verde","QI 08 CONJ. ""B"" CASA 65 - Próximo à área verde",-15.813,-47.989833,true,"Operante","","","20/08/2026 10:39:00","20/08/2026 10:39:00","","100mm",""
"hid_1881","3399","GUA00039","3399","GUARA","QI 10 CONJ. ""Q"" CASA 65","QI 10 CONJ. ""Q"" CASA 65 - Próximo à Pracinha","QI 10 CONJ. ""Q"" CASA 65 - Próximo à Pracinha",-15.817611,-47.989861,false,"Inoperante","FALTA CABEÇOTE DA HASTE DO REGISTRO (LUVA)","","18/08/2026 11:20:00","18/08/2026 11:20:00","","100mm",""
"hid_1882","3400","GUA00040","3400","GUARA","QI 10 CONJ. ""B"" CASA 65","QI 10 CONJ. ""B"" CASA 65 - Próximo à área verde","QI 10 CONJ. ""B"" CASA 65 - Próximo à área verde",-15.81575,-47.989556,false,"Inoperante","FALTA CABEÇOTE DA HASTE DO REGISTRO (LUVA)","","20/08/2026 10:28:00","20/08/2026 10:28:00","","100mm",""
"hid_1883","3401","GUA00041","3401","GUARA","QE 12 Bl. ""I"" - Área Especial /Loja 2","QE 12 Bl. ""I"" - Área Especial /Loja 2 - Lateral da QI 12 Conj. ""U"" Casa 104 - Colegio Projeção","QE 12 Bl. ""I"" - Área Especial /Loja 2 - Lateral da QI 12 Conj. ""U"" Casa 104 - Colegio Projeção",-15.81875,-47.991306,false,"Inoperante","FALTA CABEÇOTE DA HASTE DO REGISTRO (LUVA)","","18/08/2026 11:05:00","18/08/2026 11:05:00","","100mm",""
"hid_1884","3403","GUA00042","3403","GUARA","QI 12 Bl. ""A""","QI 12 Bl. ""A"" - Próximo à Área Verde","QI 12 Bl. ""A"" - Próximo à Área Verde",-15.818639,-47.989639,true,"Operante","","","18/08/2026 11:09:00","18/08/2026 11:09:00","","100mm",""
"hid_1885","3404","GUA00043","3404","GUARA","QI 12 CONJ. ""Q"" CASA 35","Próximo a pracinha","Próximo a pracinha",-15.820389,-47.989583,false,"Inoperante","FALTA CABEÇOTE DA HASTE DO REGISTRO (LUVA)","","18/08/2026 10:54:00","18/08/2026 10:54:00","","100mm",""
"hid_1886","3405","GUA00044","3405","GUARA","QE 12 Bl. ""H""","QE 12 Bl. ""H"" /QI 12 Conj. ""R"" - Entre o Bl. ""H"" e ""D""/Próx. a Pró Sorriso","QE 12 Bl. ""H"" /QI 12 Conj. ""R"" - Entre o Bl. ""H"" e ""D""/Próx. a Pró Sorriso",-15.820139,-47.990778,false,"Inoperante","REGISTRO EMPERRADO","","18/08/2026 11:01:00","18/08/2026 11:01:00","","100mm",""
"hid_1887","3406","GUA00045","3406","GUARA","QI 14 CONJ. ""R"" CASA 14","QI 14 CONJ. ""R"" CASA 14 - Próximo ao Bl. ""S""/QE 14 Conj. ""C"" Casa 05","QI 14 CONJ. ""R"" CASA 14 - Próximo ao Bl. ""S""/QE 14 Conj. ""C"" Casa 05",-15.822833,-47.990472,true,"Operante","","","18/08/2026 10:42:00","18/08/2026 10:42:00","","100mm",""
"hid_1888","3407","GUA00046","3407","GUARA","QI 14 CONJ. ""Q"" CASA 65","QI 14 CONJ. ""Q"" CASA 65 - Próximo à Pracinha","QI 14 CONJ. ""Q"" CASA 65 - Próximo à Pracinha",-15.82325,-47.989417,true,"Operante","","","18/08/2026 10:24:00","18/08/2026 10:24:00","","100mm",""
"hid_1889","3408","GUA00047","3408","GUARA","QI 14 CONJ. ""B"" CASA 65","QI 14 CONJ. ""B"" CASA 65 - Frente Casa 65","QI 14 CONJ. ""B"" CASA 65 - Frente Casa 65",-15.821333,-47.989056,false,"Inoperante","FALTA CABEÇOTE DA HASTE DO REGISTRO (LUVA)","","18/08/2026 10:48:00","18/08/2026 10:48:00","","100mm",""
"hid_1890","3409","GUA00048","3409","GUARA","QI 16 CONJUNTO B CASA 65 GUARÁ I - DF","EM FRENTE A CASA 65 NA AREA VERDE","EM FRENTE A CASA 65 NA AREA VERDE",-15.821111,-47.986167,false,"Inoperante","REGISTRO EMPERRADO","","04/08/2026 10:44:00","04/08/2026 10:44:00","","100mm",""
"hid_1891","3410","GUA00049","3410","GUARA","QI 16 Bl. ""O""","QI 16 Bl. ""O"" - Entrada da Garagem/QI 16 Conj. ""M"" Casa 33","QI 16 Bl. ""O"" - Entrada da Garagem/QI 16 Conj. ""M"" Casa 33",-15.823222,-47.985833,true,"Operante","","","04/08/2026 10:36:00","04/08/2026 10:36:00","","100mm",""
"hid_1892","3411","GUA00050","3411","GUARA","QI 16 CONJ. ""Q"" CASA 95","QI 16 CONJ. ""Q"" CASA 95 - Próximo à Pracinha","QI 16 CONJ. ""Q"" CASA 95 - Próximo à Pracinha",-15.823083,-47.986722,true,"Operante","","","04/08/2026 10:25:00","04/08/2026 10:25:00","","100mm",""
"hid_1893","3412","GUA00051","3412","GUARA","QI 18 CONJ. ""Q"" CASA 65","QI 18 CONJ. ""Q"" CASA 65 - Frente a casa - Próx. à Pracinha","QI 18 CONJ. ""Q"" CASA 65 - Frente a casa - Próx. à Pracinha",-15.826028,-47.989167,true,"Operante","","","18/08/2026 10:13:00","18/08/2026 10:13:00","","100mm",""
"hid_1894","3413","GUA00052","3413","GUARA","QE 18 Bl. ""G""","QE 18 Bl. ""G""- Entrada da Garagem","QE 18 Bl. ""G""- Entrada da Garagem",-15.826167,-47.987833,true,"Operante","","","18/08/2026 10:09:00","18/08/2026 10:09:00","","100mm",""
"hid_1895","3415","GUA00053","3415","GUARA","QI 18 CONJ. ""B"" CASA 65","QI 18 CONJ. ""B"" CASA 65 - Próximo à Área Verde","QI 18 CONJ. ""B"" CASA 65 - Próximo à Área Verde",-15.824111,-47.98875,true,"Operante","","","18/08/2026 10:23:00","18/08/2026 10:23:00","","100mm",""
"hid_1896","3416","GUA00054","3416","GUARA","QI 20 CONJ. ""Q"" CASA 65","QI 20 CONJ. ""Q"" CASA 65 - Próximo à Pracinha","QI 20 CONJ. ""Q"" CASA 65 - Próximo à Pracinha",-15.82575,-47.986194,true,"Operante","","","04/08/2026 09:12:00","04/08/2026 09:12:00","","100mm",""
"hid_1897","3417","GUA00055","3417","GUARA","QI 22 CONJ. ""B"" CASA 65","FRENTE CASA 65 / ÁREA VERDE.","FRENTE CASA 65 / ÁREA VERDE.",-15.823917,-47.985889,true,"Operante","","","04/08/2026 09:31:00","04/08/2026 09:31:00","","100mm",""
"hid_1898","3418","GUA00056","3418","GUARA","QE 20 Área Especial","QE 20 Área Especial - Próximo ao Colégio nº 05","QE 20 Área Especial - Próximo ao Colégio nº 05",-15.822833,-47.982222,true,"Operante","","","04/08/2026 08:51:00","04/08/2026 08:51:00","","100mm",""
"hid_1899","3419","GUA00057","3419","GUARA","QI 20 LOTE C AE","LATERAL DIREITA DA ESCOLA PIAGET","LATERAL DIREITA DA ESCOLA PIAGET",-15.820833,-47.98325,true,"Operante","","","04/08/2026 08:42:00","04/08/2026 08:42:00","","100mm",""
"hid_1900","3421","GUA00058","3421","GUARA","QI 22 CONJ. ""Q"" CASA 65","QI 22 CONJ. ""Q"" CASA 65 - Próx. à praça","QI 22 CONJ. ""Q"" CASA 65 - Próx. à praça",-15.822722,-47.983639,true,"Operante","","","04/08/2026 08:59:00","04/08/2026 08:59:00","","100mm",""
"hid_1901","3422","GUA00059","3422","GUARA","QI 22 CONJ. ""I"" CASA 35","QI 22 CONJ. ""I"" CASA 35 - Próx. ao Bl. ""H""","QI 22 CONJ. ""I"" CASA 35 - Próx. ao Bl. ""H""",-15.824944,-47.985056,true,"Operante","","","04/08/2026 09:19:00","04/08/2026 09:19:00","","100mm",""
"hid_1902","3423","GUA00060","3423","GUARA","Centro de Saúde nº 02","Centro de Saúde nº 02/Laboratório - Próximo ao Portão de Entrada.","Centro de Saúde nº 02/Laboratório - Próximo ao Portão de Entrada.",-15.832889,-47.973833,false,"Inoperante","FALTA CABEÇOTE DA HASTE DO REGISTRO (LUVA)","","22/07/2026 08:37:00","22/07/2026 08:37:00","","100mm",""
"hid_1903","3424","GUA00061","3424","GUARA","Estádio de Futebol do Guará II","Estádio de Futebol do Guará II - Entrada.","Estádio de Futebol do Guará II - Entrada.",-15.826861,-47.973167,false,"Inoperante","FALTA CABEÇOTE DA HASTE DO REGISTRO (LUVA)","","22/07/2026 08:45:00","22/07/2026 08:45:00","","100mm",""
"hid_1904","3425","GUA00062","3425","GUARA","Casa da Cultura","Casa da Cultura - Próximo ao Posto de Abastecimento do GDF.","Casa da Cultura - Próximo ao Posto de Abastecimento do GDF.",-15.824778,-47.972611,false,"Inoperante","FALTA CABEÇOTE DA HASTE DO REGISTRO (LUVA)","","22/07/2026 08:59:00","22/07/2026 08:59:00","","100mm",""
"hid_1905","3426","GUA00063","3426","GUARA","Adm. do Guará","Adm. do Guará - Lateral esquerda da Adm./ Próximo ao Ginásio do CAVE.","Adm. do Guará - Lateral esquerda da Adm./ Próximo ao Ginásio do CAVE.",-15.825944,-47.974639,false,"Inoperante","FALTA CABEÇOTE DA HASTE DO REGISTRO (LUVA)","","22/07/2026 09:18:00","22/07/2026 09:18:00","","100mm",""
"hid_1906","3427","GUA00064","3427","GUARA","Feira do Guará II","","",-15.824444,-47.975444,false,"Inoperante","FALTA CABEÇOTE DA HASTE DO REGISTRO (LUVA)","","22/07/2026 09:10:00","22/07/2026 09:10:00","","100mm",""
"hid_1907","3428","GUA00065","3428","GUARA","Feira do Guará II","Feira do Guará II - Ao lado da Estação do Metr""/Frente à Loja 290.","Feira do Guará II - Ao lado da Estação do Metr""/Frente à Loja 290.",-15.82375,-47.975917,true,"Operante","","","22/07/2026 09:25:00","22/07/2026 09:25:00","","100mm",""
"hid_1908","3429","SEB00064","3429","SAO SEBASTIAO","Quadra 37 lote 02 - Bairro São José","Em frente à pista","Em frente à pista",-15.912528,-47.7635,true,"Operante","","","24/09/2025 09:39:00","24/09/2025 09:39:00","","100mm",""
"hid_1909","3430","SEB00065","3430","SAO SEBASTIAO","SHJM Avenida Mangueiral em frente a Quadra 03","à esquerda do comércio da Quadra 03","à esquerda do comércio da Quadra 03",-15.888891,-47.815847,true,"Operante","","","09/09/2025 10:32:00","09/09/2025 10:32:00","","100mm",""
"hid_1910","3431","SEB00066","3431","SAO SEBASTIAO","SHJM Quadra 08 rua F casa 02","à esquerda da casa 02/ encontro da rua A e F","à esquerda da casa 02/ encontro da rua A e F",-15.893437,-47.809375,true,"Operante","","","09/09/2025 09:38:00","09/09/2025 09:38:00","","100mm",""
"hid_1911","3432","SEB00067","3432","SAO SEBASTIAO","SHJM Quadra 08 rua I casa 27","à direita da casa 27","à direita da casa 27",-15.894291,-47.809392,true,"Operante","FALTA CABEÇOTE DA HASTE DO REGISTRO (LUVA)","","09/09/2025 09:41:00","09/09/2025 09:41:00","","100mm",""
"hid_1912","3433","SEB00068","3433","SAO SEBASTIAO","SHJM Avenida Mangueiral entre a Quadra 06 e Quadra 07","Próximo ao comércio da Quadra 07, no canteiro central.","Próximo ao comércio da Quadra 07, no canteiro central.",-15.890853,-47.809782,true,"Operante","","","09/09/2025 09:35:00","09/09/2025 09:35:00","","100mm",""
"hid_1913","3434","SEB00069","3434","SAO SEBASTIAO","SHJM Avenida Mangueiral entre as Quadras 10 e 11","ao lado retorno no canteiro central na avenida","ao lado retorno no canteiro central na avenida",-15.894385,-47.800726,true,"Operante","","","10/09/2025 09:32:00","10/09/2025 09:32:00","","100mm",""
"hid_1914","3435","SEB00070","3435","SAO SEBASTIAO","SHJM Quadra 12 rua J casa 15","entre a casa 15 e 17","entre a casa 15 e 17",-15.896564,-47.800812,true,"Operante","","","10/09/2025 09:35:00","10/09/2025 09:35:00","","100mm",""
"hid_1915","3437","SEB00072","3437","SAO SEBASTIAO","SHJM Quadra 14 rua L casa 24/26","em frente a casa 24 e 26","em frente a casa 24 e 26",-15.898402,-47.798226,true,"Operante","","","10/09/2025 09:45:00","10/09/2025 09:45:00","","100mm",""
"hid_1916","3438","SEB00073","3438","SAO SEBASTIAO","SHJM Quadra 14 rua N casa 02","frente da casa 02","frente da casa 02",-15.898636,-47.79878,true,"Operante","","","10/09/2025 09:44:00","10/09/2025 09:44:00","","100mm",""
"hid_1917","3439","SEB00074","3439","SAO SEBASTIAO","SHJM Quadra 14 rua G casa 07","entre a rua G e F","entre a rua G e F",-15.89939,-47.796906,true,"Operante","","","10/09/2025 09:48:00","10/09/2025 09:48:00","","100mm",""
"hid_1918","3440","PAR00001","3440","PARANOA","QUADRA 02 CONJUNTO A CASA 01","PRÓXIMO AO COMÉRCIO LOCAL/RESTAURANTE COMUNITÁRIO","PRÓXIMO AO COMÉRCIO LOCAL/RESTAURANTE COMUNITÁRIO",-15.779556,-47.780514,true,"Operante","","","23/10/2025 12:00:00","23/10/2025 12:00:00","","100mm",""
"hid_1919","3441","PAR00002","3441","PARANOA","QUADRA 02 CONJUNTO A CASA 15","FRENTE A IGREJA ADVENTISTA DO 7º DIA","FRENTE A IGREJA ADVENTISTA DO 7º DIA",-15.780389,-47.779656,true,"Operante","","","24/10/2025 08:00:00","24/10/2025 08:00:00","","100mm",""
"hid_1920","3442","PAR00003","3442","PARANOA","QUADRA 02 CONJUNTO D CASA 03","ENTRE D-3 e F-19, FRENTE PARA O HRPA.","ENTRE D-3 e F-19, FRENTE PARA O HRPA.",-15.781103,-47.78115,true,"Operante","","","24/10/2025 09:00:00","24/10/2025 09:00:00","","100mm",""
"hid_1921","3444","PAR00004","3444","PARANOA","QUADRA 04 LOTE 02 ÁREA ESPECIAL","PRÓXIMO A FEDERAÇÃO DA BANDEIRANTE DO BRASIL E DETRAN","PRÓXIMO A FEDERAÇÃO DA BANDEIRANTE DO BRASIL E DETRAN",-15.784889,-47.778892,true,"Operante","","","22/10/2025 09:00:00","22/10/2025 09:00:00","","100mm",""
"hid_1922","3445","PAR00005","3445","PARANOA","QUADRA 06 CONJUNTO I CASA 24","NA PRACINHA - COORDENADA 15°46'52.0""S 47°46'40.4""W","NA PRACINHA - COORDENADA 15°46'52.0""S 47°46'40.4""W",-15.781119,-47.777908,true,"Operante","","","22/10/2025 10:30:00","22/10/2025 10:30:00","","100mm",""
"hid_1923","3446","GUA00066","3446","GUARA","QE 26 CONJ. ""H"" CASA 48","QE 26 CONJ. ""H"" CASA 48 - Frente à Casa 48.","QE 26 CONJ. ""H"" CASA 48 - Frente à Casa 48.",-15.830806,-47.985583,false,"Inoperante","FALTA CABEÇOTE DA HASTE DO REGISTRO (LUVA)","","28/07/2026 09:30:00","28/07/2026 09:30:00","","100mm",""
"hid_1924","3447","GUA00067","3447","GUARA","QE 26 CONJ. ""A"" CASA 01 - Frente do Conj. A","QE 26 CONJ. ""A"" CASA 01 - Frente ao Conj. A.","QE 26 CONJ. ""A"" CASA 01 - Frente ao Conj. A.",-15.833556,-47.9865,false,"Inoperante","FALTA CABEÇOTE DA HASTE DO REGISTRO (LUVA); REGISTRO COM VAZAMENTO","","28/07/2026 09:23:00","28/07/2026 09:23:00","","100mm",""
"hid_1925","3448","GUA00068","3448","GUARA","QE 28 CONJ. ""H"" CASA 37/38","QE 28 CONJ. ""H"" CASA 37/38 - Próximo a Área Verde/Final da rua","QE 28 CONJ. ""H"" CASA 37/38 - Próximo a Área Verde/Final da rua",-15.839361,-47.982306,true,"Operante","","","15/07/2026 11:23:00","15/07/2026 11:23:00","","100mm",""
"hid_1926","3450","GUA00069","3450","GUARA","QE 28 CONJ. ""G"" CASA 48","QE 28 CONJ. ""G"" CASA 48 - Frente à Casa 48.","QE 28 CONJ. ""G"" CASA 48 - Frente à Casa 48.",-15.835583,-47.983861,false,"Inoperante","FALTA CABEÇOTE DA HASTE DO REGISTRO (LUVA)","","28/07/2026 09:06:00","28/07/2026 09:06:00","","100mm",""
"hid_1927","3451","GUA00070","3451","GUARA","QE 28 CONJ. ""T"" CASA 48","QE 28 CONJ. ""T"" CASA 48 - Próximo a Área Verde/QI 27 Bl. ""C"" / Lanchonete.","QE 28 CONJ. ""T"" CASA 48 - Próximo a Área Verde/QI 27 Bl. ""C"" / Lanchonete.",-15.838444,-47.979194,false,"Inoperante","FALTA CABEÇOTE DA HASTE DO REGISTRO (LUVA)","","21/07/2026 10:40:00","21/07/2026 10:40:00","","100mm",""
"hid_1928","3452","GUA00071","3452","GUARA","QE 30 CONJ. ""A"" CASA 01","QE 30 CONJ. ""A"" CASA 01 - Esquina da Casa 01.","QE 30 CONJ. ""A"" CASA 01 - Esquina da Casa 01.",-15.842972,-47.981861,false,"Inoperante","FALTA CABEÇOTE DA HASTE DO REGISTRO (LUVA)","","15/07/2026 11:09:00","15/07/2026 11:09:00","","100mm",""
"hid_1929","3453","GUA00072","3453","GUARA","QE 32 CONJ. ""H"" CASA 41","QE 32 CONJ. ""H"" CASA 41 - Próximo Área Verde.","QE 32 CONJ. ""H"" CASA 41 - Próximo Área Verde.",-15.844806,-47.973556,false,"Inoperante","FALTA CABEÇOTE DA HASTE DO REGISTRO (LUVA)","","15/07/2026 10:56:00","15/07/2026 10:56:00","","100mm",""
"hid_1930","3454","GUA00073","3454","GUARA","QE 32 CONJ. ""B"" CASA 02","QE 32 CONJ. ""B"" CASA 02 - Esquina da Casa 02.","QE 32 CONJ. ""B"" CASA 02 - Esquina da Casa 02.",-15.845889,-47.976194,false,"Inoperante","FALTA CABEÇOTE DA HASTE DO REGISTRO (LUVA); REGISTRO DANIFICADO","","15/07/2026 10:49:00","15/07/2026 10:49:00","","100mm",""
"hid_1931","3455","GUA00074","3455","GUARA","QE 34 CONJ. ""A"" CASA 02","QE 34 CONJ. ""A"" CASA 02 - Esquina da Casa 02.","QE 34 CONJ. ""A"" CASA 02 - Esquina da Casa 02.",-15.84575,-47.970778,false,"Inoperante","FALTA CABEÇOTE DA HASTE DO REGISTRO (LUVA)","","28/07/2026 08:54:00","28/07/2026 08:54:00","","100mm",""
"hid_1932","3456","GUA00075","3456","GUARA","QE 38 CONJ. ""K"" CASA 13","QE 38 CONJ. ""K"" CASA 13 - Beco na Lateral da Casa 13.","QE 38 CONJ. ""K"" CASA 13 - Beco na Lateral da Casa 13.",-15.84825,-47.970722,true,"Operante","","","14/07/2026 09:33:00","14/07/2026 09:33:00","","100mm",""
"hid_1933","3459","STM00189","3459","SANTA MARIA","Trecho 01 Conjunto 01 Lote 02, Pólo JK, Santa Maria, Brasília, Brasil","Em frente à loja TEND TUDO","Em frente à loja TEND TUDO",-16.030222,-47.977694,true,"Operante","","","26/03/2026 15:40:00","26/03/2026 15:40:00","","100mm",""
"hid_1934","3461","STM00190","3461","SANTA MARIA","TRECHO 5 CONJ. 7 LOTE 1 - POLO JK - SANTA MARIA-DF","LATERAL ESQUERDA DO LOTE 1","LATERAL ESQUERDA DO LOTE 1",-16.038861,-47.966417,false,"Inoperante","","","26/03/2026 15:34:00","26/03/2026 15:34:00","","100mm",""
"hid_1935","3465","GUA00077","3465","GUARA","QE 38 CONJ. ""E"" CASA 05","QE 38 CONJ. ""E"" CASA 05 - Lateral da Casa 05.","QE 38 CONJ. ""E"" CASA 05 - Lateral da Casa 05.",-15.847417,-47.974722,false,"Inoperante","FALTA CABEÇOTE DA HASTE DO REGISTRO (LUVA)","","14/07/2026 10:28:00","14/07/2026 10:28:00","","100mm",""
"hid_1936","3466","GUA00078","3466","GUARA","QE 40 CONJ. ""D"" lote 23","QE 40 CONJ. ""D"" lote 23 - Próximo ao Centro automotivo AMB","QE 40 CONJ. ""D"" lote 23 - Próximo ao Centro automotivo AMB",-15.843139,-47.984,true,"Operante","","","15/07/2026 09:02:00","15/07/2026 09:02:00","","100mm",""
"hid_1937","3468","GUA00079","3468","GUARA","QE 40 Área Especial 06 A Lote 01","QE 40 Área Especial 06 A Lote 01 - Frente ao lote 01.","QE 40 Área Especial 06 A Lote 01 - Frente ao lote 01.",-15.845861,-47.982028,true,"Operante","","","15/07/2026 10:13:00","15/07/2026 10:13:00","","100mm",""
"hid_1938","3473","GUA00081","3473","GUARA","QE 42 CONJ. ""D"" CASA 22","QE 42 CONJ. ""D"" CASA 22 - Esquina da Casa 22/Atrás da Escola Padre Di França.","QE 42 CONJ. ""D"" CASA 22 - Esquina da Casa 22/Atrás da Escola Padre Di França.",-15.846889,-47.966722,false,"Inoperante","FALTA CABEÇOTE DA HASTE DO REGISTRO (LUVA)","","14/07/2026 09:13:00","14/07/2026 09:13:00","","100mm",""
"hid_1939","3474","GUA00082","3474","GUARA","QE 42 CONJ. ""K"" CASA 04","QE 42 CONJ. ""K"" CASA 04 - Esquina da Casa 04.","QE 42 CONJ. ""K"" CASA 04 - Esquina da Casa 04.",-15.848944,-47.968028,false,"Inoperante","FALTA CABEÇOTE DA HASTE DO REGISTRO (LUVA)","","14/07/2026 09:23:00","14/07/2026 09:23:00","","100mm",""
"hid_1940","3475","GUA00083","3475","GUARA","QE 44 CONJ. ""C/D"" CASA 13/ AE 01","QE 44 CONJ. ""C/D"" CASA 13/ AE 01 - Frente ao Conj. D Casa 13.","QE 44 CONJ. ""C/D"" CASA 13/ AE 01 - Frente ao Conj. D Casa 13.",-15.849444,-47.964028,true,"Operante","","","14/07/2026 09:06:00","14/07/2026 09:06:00","","100mm",""
"hid_1941","3476","GUA00084","3476","GUARA","QE 44 CONJ. ""K"" CASA 20","QE 44 CONJ. ""K"" CASA 20 - Esquina do Conj. K Casa 20.","QE 44 CONJ. ""K"" CASA 20 - Esquina do Conj. K Casa 20.",-15.851444,-47.964806,true,"Operante","","","14/07/2026 08:49:00","14/07/2026 08:49:00","","100mm",""
"hid_1942","3477","GUA00085","3477","GUARA","QE 44 CONJ. ""M"" CASA 09","QE 44 CONJ. ""M"" CASA 09 - Esquina da Casa 09.","QE 44 CONJ. ""M"" CASA 09 - Esquina da Casa 09.",-15.851556,-47.963472,false,"Inoperante","FALTA CABEÇOTE DA HASTE DO REGISTRO (LUVA)","","14/07/2026 08:45:00","14/07/2026 08:45:00","","100mm",""
"hid_1943","3478","GUA00086","3478","GUARA","QI 23 Bl. ""H""","QI 23 Bl. ""H"" - Saída da Garagem/Frente QE 13 Conj. ""A"" Casa 27.","QI 23 Bl. ""H"" - Saída da Garagem/Frente QE 13 Conj. ""A"" Casa 27.",-15.827833,-47.981472,false,"Inoperante","TAMPA DA CAIXA LACRADA (CONCRETADA)","","28/07/2026 09:49:00","28/07/2026 09:49:00","","100mm",""
"hid_1944","3479","GUA00087","3479","GUARA","QI 25 Bl. ""L""","QI 25 Bl. ""L"" - Entrada da Garagem.","QI 25 Bl. ""L"" - Entrada da Garagem.",-15.836417,-47.979722,true,"Operante","","","21/07/2026 10:47:00","21/07/2026 10:47:00","","100mm",""
"hid_1945","3480","GUA00088","3480","GUARA","QI 25 Bl. ""I""","QI 25 Bl. ""I"" - Entrada da Garagem/Frente QE 28 Conj. ""U"" Casa 09.","QI 25 Bl. ""I"" - Entrada da Garagem/Frente QE 28 Conj. ""U"" Casa 09.",-15.835778,-47.980028,true,"Operante","","","21/07/2026 10:51:00","21/07/2026 10:51:00","","100mm",""
"hid_1946","3484","GUA00089","3484","GUARA","QI 25 Bl. ""F""","QI 25 Bl. ""F"" - Entrada da Garagem /Frente QE 28 Conj. ""U"" Casa 19.","QI 25 Bl. ""F"" - Entrada da Garagem /Frente QE 28 Conj. ""U"" Casa 19.",-15.835167,-47.980167,false,"Inoperante","REGISTRO COM VAZAMENTO","","21/07/2026 10:57:00","21/07/2026 10:57:00","","100mm",""
"hid_1947","3485","GUA00090","3485","GUARA","QI 25 Bl. ""B""","QI 25 Bl. ""B"" - Entrada da Garagem /Frente QE 28 Conj. ""U"" Casa 35.","QI 25 Bl. ""B"" - Entrada da Garagem /Frente QE 28 Conj. ""U"" Casa 35.",-15.834528,-47.980361,true,"Operante","","","21/07/2026 11:10:00","21/07/2026 11:10:00","","100mm",""
"hid_1948","3495","PAR00006","3495","PARANOA","QD 6 CONJUNTO L CASA 22","EM FRENTE A CASA 22 - COORDENADA: 15°46'50.8""S 47°46'37.5""W","EM FRENTE A CASA 22 - COORDENADA: 15°46'50.8""S 47°46'37.5""W",-15.780769,-47.777083,true,"Operante","TAMPA METÁLICA T19 QUEBRADA OU REMOVIDA","","22/10/2025 10:00:00","22/10/2025 10:00:00","","100mm",""
"hid_1949","3497","GUA00091","3497","GUARA","QI 27 Bl. 06 ED. SAINT ETIENNE","QI 27 Bl. 06 - Entrada da Garagem do ED. SAINT ETIENNE/Frente QE 17 Conj. ""P"" Casa 29.","QI 27 Bl. 06 - Entrada da Garagem do ED. SAINT ETIENNE/Frente QE 17 Conj. ""P"" Casa 29.",-15.837444,-47.977917,true,"Operante","","","22/07/2026 10:24:00","22/07/2026 10:24:00","","100mm",""
"hid_1950","3498","PAR00007","3498","PARANOA","QD 8 CONJUNTO A CS 17 - COORDENADA: 15°46'45.8""S 47°46'41.4""W","FRENTE À CASA 17","FRENTE À CASA 17",-15.779406,-47.778181,true,"Operante","","","22/10/2025 11:30:00","22/10/2025 11:30:00","","100mm",""
"hid_1951","3499","PAR00008","3499","PARANOA","QUADRA 8 CONJUNTO C CASA 11","FRENTE À CASA 11/ ATRÁS DA WIZZARD CURSO DE LÍNGUAS","FRENTE À CASA 11/ ATRÁS DA WIZZARD CURSO DE LÍNGUAS",-15.778836,-47.779422,true,"Operante","","","23/10/2025 11:00:00","23/10/2025 11:00:00","","100mm",""
"hid_1952","3500","PAR00009","3500","PARANOA","QUADRA 8 CONJUNTO R CASA 18","LATERAL ESQUERDA DA CASA 18 PRÓXIMO À PRACINHA DA QUADRA 10","LATERAL ESQUERDA DA CASA 18 PRÓXIMO À PRACINHA DA QUADRA 10",-15.777469,-47.777514,true,"Operante","","","23/10/2025 09:00:00","23/10/2025 09:00:00","","100mm",""
"hid_1953","3502","BSB00813","3502","BRASILIA","SQN 302 BLOCO B VIA W1","VIA DE ACESSO W1 - LATERAL DIREITA DO BLOBO B","VIA DE ACESSO W1 - LATERAL DIREITA DO BLOBO B",-15.781583,-47.885028,true,"Operante","","","19/01/2026 15:24:00","19/01/2026 15:24:00","","100mm",""
"hid_1954","3503","SAM00129","3503","SAMAMBAIA","QR - 223 CONJUNTO 05 CASA 26","EM FRENTE À CASA 26","EM FRENTE À CASA 26",-15.888889,-48.123056,false,"Inoperante","FALTA TAMPÃO DE 2.1/2""; FALTA TAMPÃO DE 4""","","24/04/2025 10:30:00","24/04/2025 10:30:00","","100mm",""
"hid_1955","3504","SAM00130","3504","SAMAMBAIA","QR - 223 CONJUNTO 02 CASA 35","EM FRENTE À CASA 35","EM FRENTE À CASA 35",-15.892778,-48.123333,false,"Inoperante","CAIXA DE REGISTRO QUEBRADA; REGISTRO SOTERRADO","","16/04/2025 11:30:00","16/04/2025 11:30:00","","100mm",""
"hid_1956","3505","SAM00131","3505","SAMAMBAIA","QR - 517 CONJUNTO 01 CASA 10","EM FRENTE À CASA 10","EM FRENTE À CASA 10",-15.894167,-48.112222,true,"Operante","","","24/04/2025 11:00:00","24/04/2025 11:00:00","","100mm",""
"hid_1957","3507","SAM00132","3507","SAMAMBAIA","QR - 513 CONJUNTO 22 CASA 07","EM FRENTE À CASA 07","EM FRENTE À CASA 07",-15.891111,-48.103889,true,"Operante","","","14/04/2025 10:30:00","14/04/2025 10:30:00","","100mm",""
"hid_1958","3508","SAM00133","3508","SAMAMBAIA","QR - 617 CONJUNTO 01 CASA 09","EM FRENTE À CASA 09","EM FRENTE À CASA 09",-15.8779,-48.119619,false,"Inoperante","ROSCA DE TAMPÃO DANIFICADO","","24/04/2025 12:00:00","24/04/2025 12:00:00","","100mm",""
"hid_1959","3510","PAR00010","3510","PARANOA","QUADRA 8 CONJUNTO P CASA 7","EM FRENTE À CASA 7/ PRÓXIMO À LOJA DE FABRICAÇÃO DE VASOS","EM FRENTE À CASA 7/ PRÓXIMO À LOJA DE FABRICAÇÃO DE VASOS",-15.778331,-47.776572,true,"Operante","","","23/10/2025 08:00:00","23/10/2025 08:00:00","","100mm",""
"hid_1960","3512","SAM00134","3512","SAMAMBAIA","QR - 413 CONJUNTO 06 CASA 26","EM FRENTE A CASA 26","EM FRENTE A CASA 26",-15.879444,-48.112708,true,"Operante","","","24/04/2025 11:45:00","24/04/2025 11:45:00","","100mm",""
"hid_1961","3513","PAR00011","3513","PARANOA","QUADRA 10 CONJUNTO 4 CASA 23","ESQUINA DA CASA LEAL/ EM FRENTE À PRAÇA CENTRAL","ESQUINA DA CASA LEAL/ EM FRENTE À PRAÇA CENTRAL",-15.77535,-47.779511,true,"Operante","","","04/11/2025 12:00:00","04/11/2025 12:00:00","","100mm",""
"hid_1962","3535","PAR00012","3535","PARANOA","QUADRA 12 CONJUNTO H CASA 23","ESQUINA DA CASA 23","ESQUINA DA CASA 23",-15.775256,-47.777925,true,"Operante","","","05/11/2025 08:00:00","05/11/2025 08:00:00","","100mm",""
"hid_1963","3536","PAR00013","3536","PARANOA","QUADRA 14 CONJUNTO A CASA 51","EM FRENTE À CASA 51","EM FRENTE À CASA 51",-15.7741,-47.777522,true,"Operante","","","05/11/2025 09:00:00","05/11/2025 09:00:00","","100mm",""
"hid_1964","3537","STM00192","3537","SANTA MARIA","Trecho 01 Conjunto 04 Lote 21/22, Pólo JK, Santa Maria, Brasília, Brasil","Em frente à PASTELLI / Fundos da Willians Veículos","Em frente à PASTELLI / Fundos da Willians Veículos",-16.032667,-47.976917,true,"Operante","","","26/03/2026 15:45:00","26/03/2026 15:45:00","","100mm",""
"hid_1965","3539","STM00193","3539","SANTA MARIA","Trecho 01 Conjunto 04 Lote 02/03, Pólo JK, Santa Maria, Brasília, Brasil","BTHEK (Biotecnologia)","BTHEK (Biotecnologia)",-16.032306,-47.977917,true,"Operante","","","26/03/2026 15:42:00","26/03/2026 15:42:00","","100mm",""
"hid_1966","3546","PAR00014","3546","PARANOA","QUADRA 16 CONJUNTO I CASA 16","EM FRENTE À CASA 16/ PRÓXIMO DF 001","EM FRENTE À CASA 16/ PRÓXIMO DF 001",-15.772689,-47.775383,true,"Operante","","","05/11/2025 10:00:00","05/11/2025 10:00:00","","100mm",""
"hid_1967","3547","PAR00015","3547","PARANOA","QUADRA 16 CONJUNTO I CASA 37 - PARANOÁ","NO AVANÇO DA GRADE NA CALÇADA DA CASA 37","NO AVANÇO DA GRADE NA CALÇADA DA CASA 37",-15.771031,-47.775078,true,"Operante","","","05/11/2025 11:00:00","05/11/2025 11:00:00","","100mm",""
"hid_1968","3548","PAR00016","3548","PARANOA","QUADRA 16 CONJUNTO H CASA 1","EM FRENTE À CASA 1
00053-00236524/2023-71 - Tampa de concreto revestida com cerâmica.","EM FRENTE À CASA 1
00053-00236524/2023-71 - Tampa de concreto revestida com cerâmica.",-15.771003,-47.776978,true,"Operante","","","05/11/2025 12:00:00","05/11/2025 12:00:00","","100mm",""
"hid_1969","3549","PAR00017","3549","PARANOA","QUADRA 18 CONJUNTO P CASA 21","ESQUINA DA CASA 21","ESQUINA DA CASA 21",-15.771917,-47.777894,true,"Operante","","","06/11/2025 11:00:00","06/11/2025 11:00:00","","100mm",""
"hid_1970","3550","PAR00018","3550","PARANOA","QUADRA 18 CONJUNTO Q CASA 25","ESQUINA DA CASA 25","ESQUINA DA CASA 25",-15.770317,-47.777556,true,"Operante","","","06/11/2025 10:00:00","06/11/2025 10:00:00","","100mm",""
"hid_1971","3551","PAR00019","3551","PARANOA","QUADRA 18 CONJUNTO 12 LOTE 1","FRENTE LOJA 01 - ENXOVAIS CASA DECORADA.OBS: CAIXA DO HIDRANTE PROFUNDA 00053-00236524/2023-71","FRENTE LOJA 01 - ENXOVAIS CASA DECORADA.OBS: CAIXA DO HIDRANTE PROFUNDA 00053-00236524/2023-71",-15.771853,-47.779433,true,"Operante","","","06/11/2025 12:00:00","06/11/2025 12:00:00","","100mm",""
"hid_1972","3553","PAR00020","3553","PARANOA","QUADRA 20 CONJUNTO B CASA 22","LATERAL DA CASA 22 PRÓXIMO À PRACINHA","LATERAL DA CASA 22 PRÓXIMO À PRACINHA",-15.770558,-47.776019,true,"Operante","","","06/11/2025 08:00:00","06/11/2025 08:00:00","","100mm",""
"hid_1973","3557","PAR00021","3557","PARANOA","QUADRA 20 CONJUNTO J CASA 02","FRENTE À CASA 2 / PRÓXIMO AO PEC/ PPROXIMO CAMPO DE AREIA","FRENTE À CASA 2 / PRÓXIMO AO PEC/ PPROXIMO CAMPO DE AREIA",-15.769317,-47.774994,true,"Operante","HIDRANTE REMOVIDO OU NÃO ENCONTRADO","","06/11/2025 08:00:00","06/11/2025 08:00:00","","100mm",""
"hid_1974","3558","PAR00022","3558","PARANOA","QUADRA 20 CONJUNTO N CASA 14","AVENIDA TRANSVRSAL","AVENIDA TRANSVRSAL",-15.768581,-47.775942,true,"Operante","","","06/11/2025 09:00:00","06/11/2025 09:00:00","","100mm",""
"hid_1975","3559","PAR00023","3559","PARANOA","QUADRA 28 CONJUNTO B CASA 08 PARANOÁ","LATERAL DA CASA 08","LATERAL DA CASA 08",-15.766461,-47.777792,true,"Operante","","","07/11/2025 08:00:00","07/11/2025 08:00:00","","100mm",""
"hid_1976","3560","PAR00024","3560","PARANOA","QUADRA 30 CONJUNTO A CASA 32 - PARANOÁ","PRÓXIMO À ESCOLA CLASSE 02","PRÓXIMO À ESCOLA CLASSE 02",-15.764169,-47.778714,true,"Operante","","","07/11/2025 10:00:00","07/11/2025 10:00:00","","100mm",""
"hid_1977","3561","PAR00025","3561","PARANOA","QUADRA 30 CONJUNTO 22 CASA 01/ 02","AV. COMERCIAL/ FRENTE À PANIFICADORA ARCO ÍRIS/ PRÓXIMO À FEIRA","AV. COMERCIAL/ FRENTE À PANIFICADORA ARCO ÍRIS/ PRÓXIMO À FEIRA",-15.764619,-47.780025,true,"Operante","","","07/11/2025 09:00:00","07/11/2025 09:00:00","","100mm",""
"hid_1978","3562","PAR00026","3562","PARANOA","QUADRA 30 CONJUNTO H CASA 30","FRENTE À CASA 30/ PROX. PANIFICADORA VITÓRIA","FRENTE À CASA 30/ PROX. PANIFICADORA VITÓRIA",-15.76275,-47.779619,true,"Operante","","","07/11/2025 11:00:00","07/11/2025 11:00:00","","100mm",""
"hid_1979","3563","PAR00027","3563","PARANOA","QUADRA 32 CONJUNTO M CASA 29","ESQUINA DA CASA 29","ESQUINA DA CASA 29",-15.7623,-47.777706,true,"Operante","","","03/11/2025 11:00:00","03/11/2025 11:00:00","","100mm",""
"hid_1980","3567","STM00194","3567","SANTA MARIA","P3 - AREA ALFA - MARINHA DO BRASIL - SANTA MARIA-DF","SEGUIR RETO APOS A ENTRADA DA GUARDA. HIDRANTE AO LADO DA PISTA A ESQUERDA MAIS OU MENOS 300 METROS.","SEGUIR RETO APOS A ENTRADA DA GUARDA. HIDRANTE AO LADO DA PISTA A ESQUERDA MAIS OU MENOS 300 METROS.",-15.977028,-47.977861,true,"Operante","","","09/05/2025 11:40:00","09/05/2025 11:40:00","","100mm",""
"hid_1981","3568","STM00195","3568","SANTA MARIA","P3 - AREA ALFA - MARINHA DO BRASIL - SANTA MARIA-DF","EM FRENTE A CASA 11.","EM FRENTE A CASA 11.",-15.978306,-47.97375,false,"Inoperante","HIDRANTE SEM ÁGUA","","18/06/2025 13:42:00","18/06/2025 13:42:00","","100mm",""
"hid_1982","3578","PAR00028","3578","PARANOA","QUADRA 32 CONJUNTO M CASA 4","FRENTE À CASA 4/ PROXIMO AO SETOR DE OFINA
00053-00236524/2023-71 - Caixa Danificada, em desnível com a calçada, necessita de uma nova caixa tipo manilha pequena","FRENTE À CASA 4/ PROXIMO AO SETOR DE OFINA
00053-00236524/2023-71 - Caixa Danificada, em desnível com a calçada, necessita de uma nova caixa tipo manilha pequena",-15.760583,-47.778394,true,"Operante","","","03/11/2025 12:00:00","03/11/2025 12:00:00","","100mm",""
"hid_1983","3580","PAR00029","3580","PARANOA","QUADRA 32 CONJUNTO I CASA 1","AO LADO DA CAPELA SÃO JOSÉ/ PROXIMO QUADRA DE ESPORTES","AO LADO DA CAPELA SÃO JOSÉ/ PROXIMO QUADRA DE ESPORTES",-15.761414,-47.779697,true,"Operante","","","07/11/2025 12:00:00","07/11/2025 12:00:00","","100mm",""
"hid_1984","3581","PAR00030","3581","PARANOA","QUADRA 32 CONJUNTO 24 CASA 22","ESQUINA DA AVENIDA COMERCIAL / AO LADO DA FARMÁCIA COMUNITÁRIA","ESQUINA DA AVENIDA COMERCIAL / AO LADO DA FARMÁCIA COMUNITÁRIA",-15.760814,-47.780447,true,"Operante","","","03/11/2025 09:00:00","03/11/2025 09:00:00","","100mm",""
"hid_1985","3583","PAR00031","3583","PARANOA","QUADRA 34 CONJUNTO B CASA 12","SETOR DE OFICINA","SETOR DE OFICINA",-15.760033,-47.779553,true,"Operante","","","03/11/2025 10:00:00","03/11/2025 10:00:00","","100mm",""
"hid_1986","3584","PAR00032","3584","PARANOA","QD 33 ÁREA ESPECIAL 3","PÁTIO DA BRIGADA MIRIN","PÁTIO DA BRIGADA MIRIN",-15.761878,-47.783403,true,"Operante","","","30/05/2025 12:00:00","30/05/2025 12:00:00","","100mm",""
"hid_1987","3591","PAR00033","3591","PARANOA","QUADRA 33 ÁREA ESPECIAL 3","FUNDOS DO 10 GBM","FUNDOS DO 10 GBM",-15.760806,-47.783733,true,"Operante","","","30/05/2025 12:30:00","30/05/2025 12:30:00","","100mm",""
"hid_1988","3598","PAR00035","3598","PARANOA","QUADRA 29 CONJUNTO D CASA 03","EM FRENTE À CASA 03 (ESQUINA)","EM FRENTE À CASA 03 (ESQUINA)",-15.763244,-47.781725,true,"Operante","","","03/11/2025 08:00:00","03/11/2025 08:00:00","","100mm",""
"hid_1989","3602","PAR00036","3602","PARANOA","QUADRA 29 CONJUNTO P CASA 53","EM FRENTE À CASA 53
00053-00236524/2023-71 - Falta 2 tampões de 2 1/2 e 2 Bujões","EM FRENTE À CASA 53
00053-00236524/2023-71 - Falta 2 tampões de 2 1/2 e 2 Bujões",-15.765408,-47.783669,false,"Inoperante","FALTA TAMPÃO DE 2.1/2""","","30/05/2025 08:30:00","30/05/2025 08:30:00","","100mm",""
"hid_1990","3603","PAR00037","3603","PARANOA","QUADRA 27 CONJUNTO B CASA 24","AVENIDA TRANSVERSAL","AVENIDA TRANSVERSAL",-15.768792,-47.781219,true,"Operante","","","10/11/2025 12:00:00","10/11/2025 12:00:00","","100mm",""
"hid_1991","3604","PAR00038","3604","PARANOA","QUADRA 25 CONJUNTO A CASA 16","FRENTE À CASA 16/ AVENIDA TRANSVERSAL","FRENTE À CASA 16/ AVENIDA TRANSVERSAL",-15.768961,-47.783208,true,"Operante","","","30/10/2025 12:00:00","30/10/2025 12:00:00","","100mm",""
"hid_1992","3605","PAR00039","3605","PARANOA","QUADRA 25 CONJUNTO I CASA 20","AO LADO DA QUADRA DE ESPORTES/ PRACINHA","AO LADO DA QUADRA DE ESPORTES/ PRACINHA",-15.76745,-47.783428,true,"Operante","","","11/11/2025 08:00:00","11/11/2025 08:00:00","","100mm",""
"hid_1993","3606","PAR00040","3606","PARANOA","QUADRA 27 CONJUNTO B CASA 24","ESQUINA DA CASA 24","ESQUINA DA CASA 24",-15.766811,-47.781989,true,"Operante","","","11/11/2025 09:00:00","11/11/2025 09:00:00","","100mm",""
"hid_1994","3607","PAR00041","3607","PARANOA","QUADRA 21 CONJUNTO A CASA 22","EM FRENTE À CASA 22","EM FRENTE À CASA 22",-15.770678,-47.780333,true,"Operante","","","10/11/2025 11:00:00","10/11/2025 11:00:00","","100mm",""
"hid_1995","3608","PAR00042","3608","PARANOA","QUADRA 21 CONJUNTO H CASA 3","FRENTE À CASA 03","FRENTE À CASA 03",-15.770294,-47.781975,true,"Operante","","","30/10/2025 11:00:00","30/10/2025 11:00:00","","100mm",""
"hid_1996","3609","PAR00043","3609","PARANOA","QUADRA 19 CONJUNTO L CASA 28","ESQUINA DA CASA 28/ PRÓXIMO À QUADRA DE ESPORTES DO PARANOÁ PARQUE

00053-00236524/2023-71 - Registro com vazamento","ESQUINA DA CASA 28/ PRÓXIMO À QUADRA DE ESPORTES DO PARANOÁ PARQUE

00053-00236524/2023-71 - Registro com vazamento",-15.770789,-47.783889,true,"Operante","FALTA TAMPÃO DE 2.1/2""","","30/10/2025 10:00:00","30/10/2025 10:00:00","","100mm",""
"hid_1997","3610","PAR00044","3610","PARANOA","QUADRA 19 CONJUNTO L CASA 01","ESQUINA DA CASA 01/ EM FRENTE AO PARANOÁ PARQUE","ESQUINA DA CASA 01/ EM FRENTE AO PARANOÁ PARQUE",-15.772567,-47.783897,true,"Operante","","","30/10/2025 09:00:00","30/10/2025 09:00:00","","100mm",""
"hid_1998","3612","PAR00045","3612","PARANOA","QUADRA 13 CONJUNTO K CASA 13","PRÓXIMO À ESCOLA CLASSE 03","PRÓXIMO À ESCOLA CLASSE 03",-15.773292,-47.781889,true,"Operante","","","10/11/2025 10:00:00","10/11/2025 10:00:00","","100mm",""
"hid_1999","3613","PAR00046","3613","PARANOA","QUADRA 13 CONJUNTO H CASA 8","ESQUINA DA CASA 8/ PRÓXIMO À ESCOLA CLASSE 3","ESQUINA DA CASA 8/ PRÓXIMO À ESCOLA CLASSE 3",-15.773617,-47.780556,true,"Operante","","","10/11/2025 09:00:00","10/11/2025 09:00:00","","100mm",""
"hid_2000","3614","PAR00047","3614","PARANOA","QUADRA 13 CONJUNTO 5 LOJA 15","AVENIDA COMERCIAL/ FRENTE À PRAÇA CENTRAL","AVENIDA COMERCIAL/ FRENTE À PRAÇA CENTRAL",-15.775119,-47.780178,true,"Operante","","","10/11/2025 08:00:00","10/11/2025 08:00:00","","100mm",""
"hid_2001","3615","PAR00048","3615","PARANOA","QUADRA 13 CONJUNTO J CASA 01","ESQUINA DA CASA 1","ESQUINA DA CASA 1",-15.775308,-47.782558,true,"Operante","","","28/10/2025 10:00:00","28/10/2025 10:00:00","","100mm",""
"hid_2002","3616","PAR00049","3616","PARANOA","QUADRA 11 CONJUNTO B CASA 28","EM FRENTE À CASA 28/ PRÓXIMO AO BALÃO DE ACESSO AO PARANOÁ PARQUE","EM FRENTE À CASA 28/ PRÓXIMO AO BALÃO DE ACESSO AO PARANOÁ PARQUE",-15.7751,-47.783908,true,"Operante","","","30/10/2025 08:00:00","30/10/2025 08:00:00","","100mm",""
"hid_2003","3617","PAR00050","3617","PARANOA","QUADRA 09 CONJUNTO F CASA 01","ESQUINA ENTRE A CASA 01 E O RESERVATÓRIO DA CAESB","ESQUINA ENTRE A CASA 01 E O RESERVATÓRIO DA CAESB",-15.777267,-47.782572,true,"Operante","","","28/10/2025 10:00:00","28/10/2025 10:00:00","","100mm",""
"hid_2004","3628","PAR00051","3628","PARANOA","QUADRA 09 CONJUNTO 3 CASA 01","AV. COMERCIAL/ ATRÁS DA PARADA DE ÔNIBUS/ PRÓXIMO QUADRA DE ESPORTES

00053-00236524/2023-71 - Caixa do registro do Hidrante lacrada (impeditivo), pintar hidrante, cor atual amarelo.","AV. COMERCIAL/ ATRÁS DA PARADA DE ÔNIBUS/ PRÓXIMO QUADRA DE ESPORTES

00053-00236524/2023-71 - Caixa do registro do Hidrante lacrada (impeditivo), pintar hidrante, cor atual amarelo.",-15.7772,-47.781278,false,"Inoperante","TAMPA DA CAIXA LACRADA (CONCRETADA)","","28/10/2025 09:10:00","28/10/2025 09:10:00","","100mm",""
"hid_2005","3630","PAR00053","3630","PARANOA","PRAÇA CENTRAL CONJUNTO A/ ÁREA ESPECIAL DA ADMNISTRAÇÃO REGIONAL","ÁREA ESPECIAL PRÓXIMO À ADM REGIONAL/ ENTRE A QUADRA COBERTA E O BRADESCO","ÁREA ESPECIAL PRÓXIMO À ADM REGIONAL/ ENTRE A QUADRA COBERTA E O BRADESCO",-15.777925,-47.779872,true,"Operante","","","23/10/2025 10:00:00","23/10/2025 10:00:00","","100mm",""
"hid_2006","3631","PAR00054","3631","PARANOA","QUADRA 07 CONJUNTO A CASA 4","PRÓXIMO AO CAIC/ EM FRENTE À CASA 4","PRÓXIMO AO CAIC/ EM FRENTE À CASA 4",-15.778228,-47.783439,true,"Operante","","","04/11/2025 08:00:00","04/11/2025 08:00:00","","100mm",""
"hid_2007","3632","PAR00055","3632","PARANOA","QD 07 CONJUNTO C","PRÓXIMO AO C.E. N° 01/ PRÓXIMO À DEFENSORIA PÚBLICA","PRÓXIMO AO C.E. N° 01/ PRÓXIMO À DEFENSORIA PÚBLICA",-15.779378,-47.782089,true,"Operante","","","24/10/2025 12:00:00","24/10/2025 12:00:00","","100mm",""
"hid_2008","3633","PAR00056","3633","PARANOA","QUADRA 03 AE 02","EM FRENTE AO FORUM","EM FRENTE AO FORUM",-15.7806,-47.783461,true,"Operante","","","24/10/2025 11:00:00","24/10/2025 11:00:00","","100mm",""
"hid_2009","3634","PAR00057","3634","PARANOA","DF 001","DF 001 PRÓXIMO À FLORICULTURA","DF 001 PRÓXIMO À FLORICULTURA",-15.787886,-47.777853,true,"Operante","FALTA TAMPÃO DE 2.1/2""","","22/10/2025 08:30:00","22/10/2025 08:30:00","","100mm",""
"hid_2010","3635","PAR00058","3635","PARANOA","DF 001/ BARRAGEM DO PARANOÁ","EM FRENTE AO ANTIGO POSTO DO CBMDF/ PRÓXIMO AO POSTO DA CEB","EM FRENTE AO ANTIGO POSTO DO CBMDF/ PRÓXIMO AO POSTO DA CEB",-15.794786,-47.782642,true,"Operante","","","28/10/2025 09:00:00","28/10/2025 09:00:00","","100mm",""
"hid_2011","3638","PAR00060","3638","PARANOA","QUADRA 03 CONJUNTO 02 LOTE 06 BLOCO A","ESQUINA/ PRÓXIMO AO SUPERMERCADO GOMES","ESQUINA/ PRÓXIMO AO SUPERMERCADO GOMES",-15.765703,-47.788169,true,"Operante","","","30/05/2025 09:00:00","30/05/2025 09:00:00","","100mm",""
"hid_2012","3639","PAR00061","3639","PARANOA","QUADRA 04 CONJUNTO 01 LOTE 06 BLOCO A","PISTA QUE CONTORNO O RESIDENCIAL/ PRÓXIMO À ESQUINA DO BALÃO","PISTA QUE CONTORNO O RESIDENCIAL/ PRÓXIMO À ESQUINA DO BALÃO",-15.763106,-47.788383,true,"Operante","","","30/05/2025 08:00:00","30/05/2025 08:00:00","","100mm",""
"hid_2013","3640","PAR00062","3640","PARANOA","QUADRA 04 CONJUNTO 03 LOTE 06 BLOCO A","PISTA QUE CONTORNA O RESIDENCIAL/ PROX. À ESQUINA DO BALÃO","PISTA QUE CONTORNA O RESIDENCIAL/ PROX. À ESQUINA DO BALÃO",-15.762983,-47.791017,true,"Operante","","","30/05/2025 10:32:00","30/05/2025 10:32:00","","100mm",""
"hid_2014","3641","BSB00815","3641","BRASILIA","EMI - BLOCO E - LATERAL DIREITA DO MINISTÉRIO DO DESENVOLVIMENTO REGIONAL.","LATERAL DIREITA DO MINISTÉRIO DO DESENVOLVIMENTO REGIONAL.","LATERAL DIREITA DO MINISTÉRIO DO DESENVOLVIMENTO REGIONAL.",-15.79925,-47.870028,false,"Inoperante","TAMPA DA CAIXA LACRADA (CONCRETADA)","","18/06/2024 16:32:00","18/06/2024 16:32:00","","100mm",""
"hid_2015","3642","BSB00816","3642","BRASILIA","EMI - BLOCO F - LATERAL DIREITA DO MINISTÉRIO DO TRABALHO E PREVIDÊNCIA.","LATERAL DIREITA DO MINISTÉRIO DO TRABALHO E PREVIDÊNCIA.","LATERAL DIREITA DO MINISTÉRIO DO TRABALHO E PREVIDÊNCIA.",-15.799583,-47.868917,true,"Operante","","","17/03/2026 20:09:00","17/03/2026 20:09:00","","100mm",""
"hid_2016","3644","PAR00063","3644","PARANOA","QUADRA 04 CONJUNTO 07 LOTE 01 BLOCO D","PISTA QUE CONTORNA O RESIDENCIAL/PRÓXIMO A ESQUINA DO BALÃO/ MARGEIA DF 015

00053-00236524/2023-71 - Registro Danificado - Hste do Registro Espanada.","PISTA QUE CONTORNA O RESIDENCIAL/PRÓXIMO A ESQUINA DO BALÃO/ MARGEIA DF 015

00053-00236524/2023-71 - Registro Danificado - Hste do Registro Espanada.",-15.762947,-47.795425,false,"Inoperante","CARRETEL DO REGISTRO DANIFICADO","","30/05/2025 11:00:00","30/05/2025 11:00:00","","100mm",""
"hid_2017","3645","PAR00064","3645","PARANOA","QUADRA 04 CONJUNTO 05LOTE 06 BLOCO O","CALÇADA/ PRÓXIMO AO ESTACIONAMENTO","CALÇADA/ PRÓXIMO AO ESTACIONAMENTO",-15.763647,-47.793503,true,"Operante","","","30/05/2025 11:30:00","30/05/2025 11:30:00","","100mm",""
"hid_2018","3646","PAR00065","3646","PARANOA","QUADRA 02 CONJUNTO 01 LOTE 01","NA ESQUINA/ PRÓXIMO AO BALÃO DE ACESSO À AVENIDA TRANSVERSAL

00053-00236524/2023-71 - Falta tampa da caixa, risco de queda de pedestre e pintar o Hidrante","NA ESQUINA/ PRÓXIMO AO BALÃO DE ACESSO À AVENIDA TRANSVERSAL

00053-00236524/2023-71 - Falta tampa da caixa, risco de queda de pedestre e pintar o Hidrante",-15.769369,-47.785775,true,"Operante","TAMPA METÁLICA T19 QUEBRADA OU REMOVIDA","","31/10/2025 09:00:00","31/10/2025 09:00:00","","100mm",""
"hid_2019","3647","PAR00066","3647","PARANOA","QUADRA 02 CONJUNTO 01 LOTE 01","ENTRE OS BLOCOS E/F
00053-00236524/2023-71 - Falta tampa da caixa","ENTRE OS BLOCOS E/F
00053-00236524/2023-71 - Falta tampa da caixa",-15.77025,-47.787069,true,"Operante","","","31/10/2025 08:00:00","31/10/2025 08:00:00","","100mm",""
"hid_2020","3649","PAR00067","3649","PARANOA","QUADRA 03 CONJUNTO 01 LOTE 01","ESQUINA/ PRÓXIMO AO SHOPPING

00053-00236524/2023-71 - Falta tampa da caixa, risco de queda de pedestre e pintar o Hidrante.","ESQUINA/ PRÓXIMO AO SHOPPING

00053-00236524/2023-71 - Falta tampa da caixa, risco de queda de pedestre e pintar o Hidrante.",-15.766178,-47.785794,true,"Operante","TAMPA DE CONCRETO QUEBRADA OU REMOVIDA","","30/05/2025 08:00:00","30/05/2025 08:00:00","","100mm",""
"hid_2021","3650","PAR00068","3650","PARANOA","QUADRA 04 CONJUNTO 01 LOTE 01","FUNDOS POSTO DE COMBUSTÍVEL / PARADA DE ÔNIBUS","FUNDOS POSTO DE COMBUSTÍVEL / PARADA DE ÔNIBUS",-15.763106,-47.785731,true,"Operante","","","30/05/2025 12:20:00","30/05/2025 12:20:00","","100mm",""
"hid_2022","3651","PAR00069","3651","PARANOA","QUADRA 04 CONJUNTO 01 LOTE 01","ENTRE OS BLOCOS E/F DENTRO DA QUADRA","ENTRE OS BLOCOS E/F DENTRO DA QUADRA",-15.763994,-47.786983,true,"Operante","","","31/10/2025 11:00:00","31/10/2025 11:00:00","","100mm",""
"hid_2023","3652","PAR00070","3652","PARANOA","QUADRA 03 CONJUNTO 01 LOTE 01","ENTRE OS BLOCOS E/F DENTRO DA QUADRA","ENTRE OS BLOCOS E/F DENTRO DA QUADRA",-15.767111,-47.787042,true,"Operante","","","31/10/2025 10:00:00","31/10/2025 10:00:00","","100mm",""
"hid_2024","3654","PAR00071","3654","PARANOA","QUADRA 03 CONJUNTO 04 LOTE 06","ESQUINA, AO LADO DO BLOCO A/ AVENIDA QUE DÁ ACESSO AO MERCADO KIBOM","ESQUINA, AO LADO DO BLOCO A/ AVENIDA QUE DÁ ACESSO AO MERCADO KIBOM",-15.765864,-47.791036,false,"Inoperante","REGISTRO SOTERRADO","","30/05/2025 09:41:00","30/05/2025 09:41:00","","100mm",""
"hid_2025","3655","PAR00072","3655","PARANOA","QUADRA 04 CONJUNTO 03 LOTE 01","ENTRE OS BLOCOS E/F","ENTRE OS BLOCOS E/F",-15.763969,-47.789647,true,"Operante","","","31/10/2025 12:00:00","31/10/2025 12:00:00","","100mm",""
"hid_2026","3656","PAR00073","3656","PARANOA","QUADRA 04 CONJUNTO 05 LOTE 06","ESQUINA DO BLOCO I","ESQUINA DO BLOCO I",-15.764322,-47.792817,true,"Operante","","","30/05/2025 11:30:00","30/05/2025 11:30:00","","100mm",""
"hid_2027","3657","PAR00074","3657","PARANOA","QUADRA 04 CONJUNTO 07 LOTE 01","ENTRE OS BLOCOS E/F","ENTRE OS BLOCOS E/F",-15.763906,-47.794944,true,"Operante","","","11/11/2025 10:00:00","11/11/2025 10:00:00","","100mm",""
"hid_2028","3658","PAR00075","3658","PARANOA","QUADRA 03 CONJUNTO 05 LOTE 01","ENTRE OS BLOCOS B/C","ENTRE OS BLOCOS B/C",-15.766567,-47.791906,true,"Operante","","","30/05/2025 10:30:00","30/05/2025 10:30:00","","100mm",""
"hid_2029","3659","PAR00076","3659","PARANOA","QUADRA 02 CONJUNTO 04 LOTE 05","PISTA DE ACESSO À QUADRA PRÓXIMO AO BLOCO I","PISTA DE ACESSO À QUADRA PRÓXIMO AO BLOCO I",-15.767667,-47.79105,true,"Operante","","","30/05/2025 10:30:00","30/05/2025 10:30:00","","100mm",""
"hid_2030","3660","REC00033","3660","RECANTO DAS EMAS","QD 109 CONJUNTO 01 CASA 03 - RECANTO DAS EMAS - DF","EM FRENTE CASA 03/ÁREA ESPECIAL/ATRÁS DA MADEREIRA EFICAS","EM FRENTE CASA 03/ÁREA ESPECIAL/ATRÁS DA MADEREIRA EFICAS",-15.909917,-48.092333,true,"Operante","","","08/06/2026 10:03:00","08/06/2026 10:03:00","","100mm",""
"hid_2031","3661","REC00034","3661","RECANTO DAS EMAS","QR 109 CONJUNTO 10 CASA 1 - RECANTO DAS EMAS-DF","ESQUINA DA CASA 1","ESQUINA DA CASA 1",-15.911472,-48.094778,true,"Operante","","","08/06/2026 10:04:00","08/06/2026 10:04:00","","100mm",""
"hid_2032","3665","REC00035","3665","RECANTO DAS EMAS","QD 109 CONJUNTO 11 CASA 11 - RECANTO DAS EMAS - DF","LATERIAL DA CASA 11/IGREJA ASSEMBLÉIA DE DEUS","LATERIAL DA CASA 11/IGREJA ASSEMBLÉIA DE DEUS",-15.9095,-48.095667,true,"Operante","","","08/06/2026 10:11:00","08/06/2026 10:11:00","","100mm",""
"hid_2033","3669","REC00036","3669","RECANTO DAS EMAS","QD 110 CONJUNTO 01 CASA 19 - RECANTO DAS EMAS - DF","ESQUINA DA CASA 19","ESQUINA DA CASA 19",-15.910639,-48.095778,true,"Operante","","","08/06/2026 10:09:00","08/06/2026 10:09:00","","100mm",""
"hid_2034","3670","REC00037","3670","RECANTO DAS EMAS","QD 110 CONJUNTO 03 CASA 03 - RECANTO DAS EMAS - DF","LATERAL DIREITA DA CASA 03","LATERAL DIREITA DA CASA 03",-15.9115,-48.095389,true,"Operante","","","08/06/2026 10:05:00","08/06/2026 10:05:00","","100mm",""
"hid_2035","3671","REC00038","3671","RECANTO DAS EMAS","QD 110 CONJUNTO 07 CASA 03 - RECANTO DAS EMAS - DF","EM FRENTE CASA 03","EM FRENTE CASA 03",-15.911167,-48.097111,true,"Operante","","","08/06/2026 10:13:00","08/06/2026 10:13:00","","100mm",""
"hid_2036","3672","REC00039","3672","RECANTO DAS EMAS","QD 110 CONJUNTO 09 CASA 15 - RECANTO DAS EMAS - DF","LATERAL DIREITA DA CASA 15","LATERAL DIREITA DA CASA 15",-15.911917,-48.097917,true,"Operante","","","08/06/2026 10:25:00","08/06/2026 10:25:00","","100mm",""
"hid_2037","3673","REC00040","3673","RECANTO DAS EMAS","QUADRA 110 LOTE 9 - RECANTO DAS EMAS - DF","EM FRENTE À IGREJA EVANGELICA MINISTERIO GERAÇÃO APOSTÓLICA.","EM FRENTE À IGREJA EVANGELICA MINISTERIO GERAÇÃO APOSTÓLICA.",-15.912583,-48.096528,true,"Operante","","","08/06/2026 10:16:00","08/06/2026 10:16:00","","100mm",""
"hid_2038","3674","REC00041","3674","RECANTO DAS EMAS","QD 111 ÁREA ESPECIAL LOTE 01 - RECANTO DAS EMAS - DF","EM FRENTE AO CENTRO DE ENSINO MÉDIO 111/ÁREA ESPECIAL LOTE 01","EM FRENTE AO CENTRO DE ENSINO MÉDIO 111/ÁREA ESPECIAL LOTE 01",-15.912417,-48.098917,true,"Operante","","","08/06/2026 10:21:00","08/06/2026 10:21:00","","100mm",""
"hid_2039","3675","REC00042","3675","RECANTO DAS EMAS","QD 111 CONJUNTO 06 CASA 01 - RECANTO DAS EMAS - DF","NA ÁREA VERDE/EM FRENTE A CASA 01","NA ÁREA VERDE/EM FRENTE A CASA 01",-15.912333,-48.100694,true,"Operante","","","08/06/2026 10:29:00","08/06/2026 10:29:00","","100mm",""
"hid_2040","3676","REC00043","3676","RECANTO DAS EMAS","QD 111 CONJUNTO 08 CASA 24 - RECANTO DAS EMAS - DF","LATERAL EQUERDA DA CASA 24","LATERAL EQUERDA DA CASA 24",-15.9125,-48.102306,true,"Operante","","","08/06/2026 10:45:00","08/06/2026 10:45:00","","100mm",""
"hid_2041","3677","REC00044","3677","RECANTO DAS EMAS","QD 111 CONJUNTO 09 CASA 01 - RECANTO DAS EMAS - DF","EM FRENTE A CASA 01/02","EM FRENTE A CASA 01/02",-15.913139,-48.101028,true,"Operante","","","08/06/2026 10:32:00","08/06/2026 10:32:00","","100mm",""
"hid_2042","3678","REC00045","3678","RECANTO DAS EMAS","QD 112 CONJUNTO 08 CASA 01 - RECANTO DAS EMAS - DF","LATERAL EQUERDA DA CASA 01","LATERAL EQUERDA DA CASA 01",-15.915194,-48.103111,true,"Operante","","","08/06/2026 10:37:00","08/06/2026 10:37:00","","100mm",""
"hid_2043","3679","REC00046","3679","RECANTO DAS EMAS","QD 112 ÁREA ESPECIAL Nº 05 - RECANTO DAS EMAS - DF","NA ÁREA VERDE/PRÓXIMO AO GINÁSIO DE ESPORTE/PARADA DE ÔNIBUS","NA ÁREA VERDE/PRÓXIMO AO GINÁSIO DE ESPORTE/PARADA DE ÔNIBUS",-15.914639,-48.101972,true,"Operante","","","08/06/2026 10:35:00","08/06/2026 10:35:00","","100mm",""
"hid_2044","3680","REC00047","3680","RECANTO DAS EMAS","QD 113 CONJUNTO 06 CASA 13 - RECANTO DAS EMAS - DF","EM FRENTE A CASA 13","EM FRENTE A CASA 13",-15.915611,-48.104028,true,"Operante","","","08/06/2026 10:39:00","08/06/2026 10:39:00","","100mm",""
"hid_2045","3681","REC00048","3681","RECANTO DAS EMAS","QUADRA 116 CONJUNTO 6 CASA 2 - RECANTO DAS EMAS - DF","NO CANTEIRO CENTRAL/PISTA PRINCIPAL/ÁREA VERDE/EM FRENTE À IGREJA EVANGÉLICA ABENÇOANDO AS NAÇÕES.","NO CANTEIRO CENTRAL/PISTA PRINCIPAL/ÁREA VERDE/EM FRENTE À IGREJA EVANGÉLICA ABENÇOANDO AS NAÇÕES.",-15.9295,-48.109583,true,"Operante","","","23/06/2026 10:31:00","23/06/2026 10:31:00","","100mm",""
"hid_2046","3682","REC00049","3682","RECANTO DAS EMAS","QD 116 CONJUNTO 09 CASA 03 - RECANTO DAS EMAS - DF","NA ÁREA VERDE/EM FRENTE A CASA 03","NA ÁREA VERDE/EM FRENTE A CASA 03",-15.93,-48.110556,true,"Operante","","","08/06/2026 10:58:00","08/06/2026 10:58:00","","100mm",""
"hid_2047","3683","REC00050","3683","RECANTO DAS EMAS","QUADRA 117 - RECANTO DAS EMAS - DF","NO TERRENO BALDIO","NO TERRENO BALDIO",-15.926694,-48.111972,true,"Operante","","","08/06/2026 10:51:00","08/06/2026 10:51:00","","100mm",""
"hid_2048","3684","REC00051","3684","RECANTO DAS EMAS","QUADRA 201 CONJUNTO 1 CASA 13 - RECANTO DAS EMAS-DF","LATERAL DIREITA DA CASA 13.","LATERAL DIREITA DA CASA 13.",-15.904111,-48.059556,true,"Operante","","","27/05/2026 11:17:00","27/05/2026 11:17:00","","100mm",""
"hid_2049","3685","REC00052","3685","RECANTO DAS EMAS","QUADRA 201 CONJUNTO 3 CASA 10 - RECANTO DAS EMAS-DF","EM FRENTE A CASA 10 / LATERAL ESQUERDA DA CRECHE ABCZINHO.","EM FRENTE A CASA 10 / LATERAL ESQUERDA DA CRECHE ABCZINHO.",-15.9045,-48.057806,true,"Operante","","","27/05/2026 09:49:00","27/05/2026 09:49:00","","100mm",""
"hid_2050","3686","REC00053","3686","RECANTO DAS EMAS","QD 201 CONJ. 08 CASA 12 - RECANTO DAS EMAS-DF","EM FRENTE A CASA 12 LOJA 01/RESTAURANTE ALMOÇO FEITO NA HORA.

 
LOCALIZAÇÃO CORRETA: S15º 54' 09.2"" W48º 03' 30.2""","EM FRENTE A CASA 12 LOJA 01/RESTAURANTE ALMOÇO FEITO NA HORA.

 
LOCALIZAÇÃO CORRETA: S15º 54' 09.2"" W48º 03' 30.2""",-15.902556,-48.058444,true,"Operante","","","27/05/2026 09:26:00","27/05/2026 09:26:00","","100mm",""
"hid_2051","3687","REC00054","3687","RECANTO DAS EMAS","QUADRA 201 CONJUNTO 11 CASA 09 - RECANTO DAS EMAS-DF","NA ÁREA VERDE/PRÓXIMO AO CAMPO DE FUTEBOL E A CASA 09","NA ÁREA VERDE/PRÓXIMO AO CAMPO DE FUTEBOL E A CASA 09",-15.903528,-48.057028,true,"Operante","","","27/05/2026 09:52:00","27/05/2026 09:52:00","","100mm",""
"hid_2052","3691","REC00055","3691","RECANTO DAS EMAS","QUADRA 201 CONJUNTO 16 CASA 11 - RECANTO DAS EMAS-DF","LATERAL ESQUERDA DA CASA 11 / FRENTE A TORNEADORA SILVA.","LATERAL ESQUERDA DA CASA 11 / FRENTE A TORNEADORA SILVA.",-15.902861,-48.055528,true,"Operante","","","27/05/2026 10:33:00","27/05/2026 10:33:00","","100mm",""
"hid_2053","3693","REC00057","3693","RECANTO DAS EMAS","QD 202 CONJ. 01 CASA 15 - RECANTO DAS EMAS","EM FRENTE A CASA 15","EM FRENTE A CASA 15",-15.906306,-48.058806,true,"Operante","","","27/05/2026 11:17:00","27/05/2026 11:17:00","","100mm",""
"hid_2054","3694","REC00058","3694","RECANTO DAS EMAS","QD 202 CONJ. 06 CASA 10 - RECANTO DAS EMAS","LATERAL EQUERDA DA CASA 10","LATERAL EQUERDA DA CASA 10",-15.90675,-48.056472,true,"Operante","","","27/05/2026 11:16:00","27/05/2026 11:16:00","","100mm",""
"hid_2055","3695","REC00059","3695","RECANTO DAS EMAS","QUADRA 202 CONJUNTO 7 CASA 3 - RECANTO DAS EMAS-DF","EM FRENTE A CASA 3","EM FRENTE A CASA 3",-15.905583,-48.057139,true,"Operante","","","27/05/2026 11:04:00","27/05/2026 11:04:00","","100mm",""
"hid_2056","3696","REC00060","3696","RECANTO DAS EMAS","QUADRA 202 CONJUNTO 19 CASA 6 - RECANTO DAS EMAS-DF","EM FRENTE A CASA 6.","EM FRENTE A CASA 6.",-15.904722,-48.054667,false,"Inoperante","CAIXA DE REGISTRO CHEIA DE LIXO; TAMPA DE CONCRETO QUEBRADA OU REMOVIDA","","27/05/2026 10:24:00","27/05/2026 10:24:00","","100mm",""
"hid_2057","3697","REC00061","3697","RECANTO DAS EMAS","QUADRA 202 CONJUNTO 21 CASA 24 - RECANTO DAS EMAS-DF","LATERAL EQUERDA DA CASA 24","LATERAL EQUERDA DA CASA 24",-15.904139,-48.056111,true,"Operante","","","27/05/2026 09:59:00","27/05/2026 09:59:00","","100mm",""
"hid_2058","3699","REC00062","3699","RECANTO DAS EMAS","QD 204 CONJ. 11 CASA 03 - RECANTO DAS EMAS","EM FRENTE A CASA 03","EM FRENTE A CASA 03",-15.907806,-48.062139,true,"Operante","","","02/06/2026 09:45:00","02/06/2026 09:45:00","","100mm",""
"hid_2059","3700","REC00063","3700","RECANTO DAS EMAS","QUADRA 204 CONJUNTO 14 CASA 22 - RECANTO DAS EMAS-DF","LATERAL EQUERDA DA CASA 22","LATERAL EQUERDA DA CASA 22",-15.907056,-48.064306,true,"Operante","","","02/06/2026 09:37:00","02/06/2026 09:37:00","","100mm",""
"hid_2060","3701","REC00064","3701","RECANTO DAS EMAS","QD 204 CONJ. 21 CASA 03 - RECANTO DAS EMAS","LATERAL DIREITA DA CASA 03","LATERAL DIREITA DA CASA 03",-15.908528,-48.064056,true,"Operante","","","02/06/2026 09:42:00","02/06/2026 09:42:00","","100mm",""
"hid_2061","3702","REC00065","3702","RECANTO DAS EMAS","QUADRA 205 CONJUNTO 22 CASA 1 - RECANTO DAS EMAS-DF","EM FRENTE A CASA 1/RESTAURANTE RECANTOS BELLOS","EM FRENTE A CASA 1/RESTAURANTE RECANTOS BELLOS",-15.908528,-48.067778,true,"Operante","","","02/06/2026 09:33:00","02/06/2026 09:33:00","","100mm",""
"hid_2062","3708","PAR00077","3708","PARANOA","QUADRA 03 CONJUNTO 03 LOTE 06","LATERAL ESQUERDA DO BLOCO I","LATERAL ESQUERDA DO BLOCO I",-15.767417,-47.790194,true,"Operante","","","30/05/2025 10:00:00","30/05/2025 10:00:00","","100mm",""
"hid_2063","3709","PAR00078","3709","PARANOA","QUADRA 04 CONJUNTO 5 LOTE 01","EM FRENTE À LATERAL ESQUERDA DO BLOCO C","EM FRENTE À LATERAL ESQUERDA DO BLOCO C",-15.763472,-47.792083,true,"Operante","TAMPA METÁLICA T19 QUEBRADA OU REMOVIDA","","30/05/2025 11:30:00","30/05/2025 11:30:00","","100mm",""
"hid_2064","3722","LAS00001","3722","LAGO SUL","Qi 29 cj 01","Em frente a casa 1","Em frente a casa 1",-15.824806,-47.801,true,"Operante","FALTA CABEÇOTE DA HASTE DO REGISTRO (LUVA)","","17/06/2025 09:40:00","17/06/2025 09:40:00","","100mm","/hidrantes/lago_sul/LAS00001.jpeg"
"hid_2065","3730","REC00066","3730","RECANTO DAS EMAS","QD 300 CONJUNTO 11 CASA 19","EM FRENTE A CASA 19","EM FRENTE A CASA 19",-15.909028,-48.076833,true,"Operante","","","10/06/2026 09:46:00","10/06/2026 09:46:00","","100mm",""
"hid_2066","3731","REC00067","3731","RECANTO DAS EMAS","QD 301 CONJUNTO 03 CASA 01","EM FRENTE A CASA 01","EM FRENTE A CASA 01",-15.907889,-48.083417,true,"Operante","","","10/06/2026 09:56:00","10/06/2026 09:56:00","","100mm",""
"hid_2067","3732","REC00068","3732","RECANTO DAS EMAS","QD 301-ÁREA ESPECIAL","FRENTE A ESCOLA CLASSE 301,PRÓXIMO AO COMÉRCIO.","FRENTE A ESCOLA CLASSE 301,PRÓXIMO AO COMÉRCIO.",-15.90875,-48.084944,true,"Operante","","","10/06/2026 09:57:00","10/06/2026 09:57:00","","100mm",""
"hid_2068","3733","REC00069","3733","RECANTO DAS EMAS","QD 301 CONJUNTO 11 CASA 03","LATERAL DIREITA DA CASA 03","LATERAL DIREITA DA CASA 03",-15.909917,-48.0855,true,"Operante","","","10/06/2026 10:03:00","10/06/2026 10:03:00","","100mm",""
"hid_2069","3734","REC00070","3734","RECANTO DAS EMAS","QD 302 CONJUNTO 03 CASA 03","LATERAL DIREITA DA CASA 03 / SABOR DO LANCHE","LATERAL DIREITA DA CASA 03 / SABOR DO LANCHE",-15.909833,-48.087333,true,"Operante","","","10/06/2026 10:13:00","10/06/2026 10:13:00","","100mm",""
"hid_2070","3735","REC00071","3735","RECANTO DAS EMAS","QUADRA 302 CONJUNTO 8 CASA 1 - RECANTO DAS EMAS-DF","EM FRENTE A PANIFICADORA MASSA FINA.","EM FRENTE A PANIFICADORA MASSA FINA.",-15.910083,-48.088889,true,"Operante","","","10/06/2026 10:18:00","10/06/2026 10:18:00","","100mm",""
"hid_2071","3738","REC00072","3738","RECANTO DAS EMAS","QUADRA 303 CONJUNTO 05 CASA 01 - RECANTO DAS EMAS-DF","EM FRENTE A CASA 01","EM FRENTE A CASA 01",-15.911,-48.091694,true,"Operante","","","10/06/2026 10:49:00","10/06/2026 10:49:00","","100mm",""
"hid_2072","3739","REC00073","3739","RECANTO DAS EMAS","QD 302 CONJUNTO 10 CASA 04.","EM FRENTE A CASA 04","EM FRENTE A CASA 04",-15.911333,-48.088806,true,"Operante","","","10/06/2026 10:38:00","10/06/2026 10:38:00","","100mm",""
"hid_2073","3740","REC00074","3740","RECANTO DAS EMAS","QUADRA 303 CONJUNTO 1 CASA 1 - RECANTO DAS EMAS-DF","LATERAL DIREITA DA CASA 01","LATERAL DIREITA DA CASA 01",-15.910694,-48.089972,true,"Operante","","","10/06/2026 10:25:00","10/06/2026 10:25:00","","100mm",""
"hid_2074","3741","REC00075","3741","RECANTO DAS EMAS","QD 303 CONJUNTO 06 CASA 27","LATERAL DIREITA DA CASA 27","LATERAL DIREITA DA CASA 27",-15.912361,-48.091361,true,"Operante","","","10/06/2026 10:47:00","10/06/2026 10:47:00","","100mm",""
"hid_2075","3746","BSB00820","3746","BRASILIA","SQN 101/SMHN","Via de acesso - SCN/SMHN - Na entrada ao lado esquerdo de acesso ao Pronto Socorro do HRAN","Via de acesso - SCN/SMHN - Na entrada ao lado esquerdo de acesso ao Pronto Socorro do HRAN",-15.785361,-47.884167,true,"Operante","","","19/01/2026 15:24:00","19/01/2026 15:24:00","","100mm",""
"hid_2076","3748","GUA00092","3748","GUARA","QI 31 Bl. 11","QI 31 Bl. 11 - Frente QE 34 Conj. ""T"" Casa 18.","QI 31 Bl. 11 - Frente QE 34 Conj. ""T"" Casa 18.",-15.841639,-47.974778,false,"Inoperante","FALTA TAMPÃO DE 2.1/2""","","28/07/2026 11:21:00","28/07/2026 11:21:00","","100mm",""
"hid_2077","3749","GUA00093","3749","GUARA","QI 31 Ed. CONSEI","QI 31 Ed. CONSEI - Frente QE 34 Conj. ""S"" Casa 19/Área Verde.","QI 31 Ed. CONSEI - Frente QE 34 Conj. ""S"" Casa 19/Área Verde.",-15.841333,-47.972861,false,"Inoperante","FALTA CABEÇOTE DA HASTE DO REGISTRO (LUVA)","Haste do registro redonda incompatível com luva de encaixe quadrado.","28/07/2026 11:29:00","28/07/2026 11:29:00","","100mm",""
"hid_2078","3750","GUA00094","3750","GUARA","QE 13 CONJ. ""K"" CASA 26","QE 13 CONJ. ""K"" CASA 26 - Lateral da Casa 26 / Próximo à Igreja Cristã.","QE 13 CONJ. ""K"" CASA 26 - Lateral da Casa 26 / Próximo à Igreja Cristã.",-15.82675,-47.976333,false,"Inoperante","REGISTRO NÃO FUNCIONA","","22/07/2026 09:39:00","22/07/2026 09:39:00","","100mm",""
"hid_2079","3751","GUA00095","3751","GUARA","QE 15 CONJ. ""J"" CASA 37","QE 15 CONJ. ""J"" CASA 37 - Próximo a Área Verde/Fundos C.E. nº 08.","QE 15 CONJ. ""J"" CASA 37 - Próximo a Área Verde/Fundos C.E. nº 08.",-15.828139,-47.977833,false,"Inoperante","FALTA CABEÇOTE DA HASTE DO REGISTRO (LUVA)","","28/07/2026 10:04:00","28/07/2026 10:04:00","","100mm",""
"hid_2080","3752","GUA00096","3752","GUARA","QE 15 CONJ. ""C"" CASA 01","QE 15 CONJ. ""C"" CASA 01 - Lateral da Casa 01.","QE 15 CONJ. ""C"" CASA 01 - Lateral da Casa 01.",-15.829333,-47.975167,true,"Operante","","","28/07/2026 10:43:00","28/07/2026 10:43:00","","100mm",""
"hid_2081","3753","GUA00097","3753","GUARA","QE 17 CONJ. ""F"" CASA 48","QE 17 CONJ. ""F"" CASA 48 - Frente Casa 48.","QE 17 CONJ. ""F"" CASA 48 - Frente Casa 48.",-15.837,-47.975417,false,"Inoperante","FALTA CABEÇOTE DA HASTE DO REGISTRO (LUVA)","","22/07/2026 10:36:00","22/07/2026 10:36:00","","100mm",""
"hid_2082","3754","GUA00098","3754","GUARA","QE 17 CONJ. ""A"" CASA 02","QE 17 CONJ. ""A"" CASA 02 - Entrada do Conj. A/Esquina da Casa 02.","QE 17 CONJ. ""A"" CASA 02 - Entrada do Conj. A/Esquina da Casa 02.",-15.834639,-47.975167,true,"Operante","","","22/07/2026 10:41:00","22/07/2026 10:41:00","","100mm",""
"hid_2083","3755","GUA00099","3755","GUARA","QE 19 CONJ. ""A"" CASA 02","QE 19 CONJ. ""A"" CASA 02 - Entrada do Conj. A/Esquina da Casa 02.","QE 19 CONJ. ""A"" CASA 02 - Entrada do Conj. A/Esquina da Casa 02.",-15.836583,-47.972278,false,"Inoperante","FALTA CABEÇOTE DA HASTE DO REGISTRO (LUVA); REGISTRO DANIFICADO","Haste do registro redonda, incompatível com formato de luva e chave tipo T. Substituir haste ou registro.","22/07/2026 10:48:00","22/07/2026 10:48:00","","100mm",""
"hid_2084","3756","GUA00100","3756","GUARA","QE 21 CONJ. ""E"" CASA 31","QE 21 CONJ. ""E"" CASA 31 - Lateral da Casa 31.","QE 21 CONJ. ""E"" CASA 31 - Lateral da Casa 31.",-15.837361,-47.968917,false,"Inoperante","FALTA CABEÇOTE DA HASTE DO REGISTRO (LUVA)","","22/07/2026 11:00:00","22/07/2026 11:00:00","","100mm",""
"hid_2085","3757","GUA00101","3757","GUARA","ÁREA ESPECIAL/ Rodoviária do Guará II","ÁREA ESPECIAL - Frente à Rodoviária do Guará II/Canteiro central da via.","ÁREA ESPECIAL - Frente à Rodoviária do Guará II/Canteiro central da via.",-15.840389,-47.966111,false,"Inoperante","FALTA CABEÇOTE DA HASTE DO REGISTRO (LUVA); REGISTRO COM VAZAMENTO","","22/07/2026 11:12:00","22/07/2026 11:12:00","","100mm",""
"hid_2086","3758","GUA00102","3758","GUARA","Área Especial 02 Conj.'A' LOTE 01/02","Á.E. 02 Conj.'A' LOTE 01/02 - FRENTE JAPÃO DA CONSTRUÇÃO.","Á.E. 02 Conj.'A' LOTE 01/02 - FRENTE JAPÃO DA CONSTRUÇÃO.",-15.833778,-47.987278,true,"Operante","","","15/07/2026 09:07:00","15/07/2026 09:07:00","","100mm",""
"hid_2087","3760","GUA00104","3760","GUARA","ÁREA ESPECIAL 02 Conj. ""D"" Lote 0l","ÁREA ESPECIAL 02 Conj. ""D"" Lote 0l - Próximo ao Expresso Acessórios.","ÁREA ESPECIAL 02 Conj. ""D"" Lote 0l - Próximo ao Expresso Acessórios.",-15.835083,-47.986889,true,"Operante","","","15/07/2026 09:12:00","15/07/2026 09:12:00","","100mm",""
"hid_2088","3761","GUA00105","3761","GUARA","ÁREA ESPECIAL 02 Conj. ""F"" Lote 02","ÁREA ESPECIAL 02 Conj. ""F"" Lote 02 - Próximo ao Centro Automotivo Guará II.","ÁREA ESPECIAL 02 Conj. ""F"" Lote 02 - Próximo ao Centro Automotivo Guará II.",-15.836389,-47.986528,false,"Inoperante","TAMPA METÁLICA T19 QUEBRADA OU REMOVIDA","","15/07/2026 09:21:00","15/07/2026 09:21:00","","100mm",""
"hid_2089","3762","GUA00106","3762","GUARA","ÁREA ESPECIAL 02 Conj. ""I"" Lote 01","ÁREA ESPECIAL 02 Conj. ""I"" Lote 01 - FRENTE BAT BRAS BATERIAS.","ÁREA ESPECIAL 02 Conj. ""I"" Lote 01 - FRENTE BAT BRAS BATERIAS.",-15.83775,-47.986111,true,"Operante","","","15/07/2026 09:26:00","15/07/2026 09:26:00","","100mm",""
"hid_2090","3763","GUA00107","3763","GUARA","ÁREA ESPECIAL 04 LOTE ""B""","ÁREA ESPECIAL 04 LOTE ""B"" - Próximo a Lajes Plan/3 Irmãos/ Frente ao BRB.","ÁREA ESPECIAL 04 LOTE ""B"" - Próximo a Lajes Plan/3 Irmãos/ Frente ao BRB.",-15.838667,-47.985056,false,"Inoperante","FALTA TAMPÃO DE 2.1/2""","","28/07/2026 11:10:00","28/07/2026 11:10:00","","100mm",""
"hid_2091","3764","GUA00108","3764","GUARA","QE 40 Rua 05 Lote 01","QE 40 Rua 05 Lote 01/ Dubarcos","QE 40 Rua 05 Lote 01/ Dubarcos",-15.84675,-47.979,false,"Inoperante","REGISTRO COM VAZAMENTO","","15/07/2026 10:24:00","15/07/2026 10:24:00","","100mm",""
"hid_2092","3767","GUA00110","3767","GUARA","Guará II SRIA II (Polo de Moda) Lote 01 - GAEPH","Próximo ao Corpo da Guarda","Próximo ao Corpo da Guarda",-15.847,-47.976472,true,"Operante","","","15/07/2026 10:43:00","15/07/2026 10:43:00","","100mm",""
"hid_2093","3818","BSB00822","3818","BRASILIA","SQN 501 VIA W3 NORTE","NA ESQUINA DA VIA W3 NORTE, APÓS O PONTO DE ONIBUS, EM FRENTE À SECRETARIA DE ESTADO DE SAÚDE.","NA ESQUINA DA VIA W3 NORTE, APÓS O PONTO DE ONIBUS, EM FRENTE À SECRETARIA DE ESTADO DE SAÚDE.",-15.785375,-47.887578,true,"Operante","","","14/01/2025 11:20:00","14/01/2025 11:20:00","","100mm",""
"hid_2094","3821","BSB00825","3821","BRASILIA","SHCGN 703 BLOCO G VIA W4","VIA DE ACESSO W4 EM FRENTE AO LADO ESQUERDO BLOCO G Edificio Berkeley.","VIA DE ACESSO W4 EM FRENTE AO LADO ESQUERDO BLOCO G Edificio Berkeley.",-15.7795,-47.890667,true,"Operante","","","20/01/2026 12:07:00","20/01/2026 12:07:00","","100mm",""
"hid_2095","3840","ITA00007","3840","ITAPOÃ","CONDOMÍNIO ENTRELAGOS ETAPA 3 CONJUNTO G CASA 02","ESQUINA DA CASA 02/ RUA DA ESCOLA CENI
 
BAIXA PRESSÃO DE ÁGUA","ESQUINA DA CASA 02/ RUA DA ESCOLA CENI
 
BAIXA PRESSÃO DE ÁGUA",-15.736853,-47.754614,true,"Operante","","","01/12/2025 10:00:00","01/12/2025 10:00:00","","100mm",""
"hid_2096","3841","ITA00008","3841","ITAPOÃ","CONDOMÍNIO ENTRELAGOS ETAPA 2 CONJUNTO U CASA 15","PRÓXIMO AO INSTITUTO EDUCACIONAL SOARES","PRÓXIMO AO INSTITUTO EDUCACIONAL SOARES",-15.742825,-47.756931,true,"Operante","","","01/12/2025 09:00:00","01/12/2025 09:00:00","","100mm",""
"hid_2097","3843","BSB00829","3843","BRASILIA","SRPN/CPAS/AUTODROMO INTERNACIONAL NELSON PIQUET","VIA DE ACESSO AO AUTÓDROMO - FUNDOS DO LADO DIREITO DA ARQUIBANCADA 03 (PARTE EXTERNA)","VIA DE ACESSO AO AUTÓDROMO - FUNDOS DO LADO DIREITO DA ARQUIBANCADA 03 (PARTE EXTERNA)",-15.772833,-47.901944,true,"Operante","","","20/01/2025 08:35:00","20/01/2025 08:35:00","","100mm",""
"hid_2098","3845","PAR00079","3845","PARANOA","SML - ML 07 CONJUNTO 02 CASA 07 - PENÍNSULA NORTE","PRÓXIMO À ÁREA VERDE DE PROTEÇÃO AMBIENTAL","PRÓXIMO À ÁREA VERDE DE PROTEÇÃO AMBIENTAL",-15.755267,-47.817214,true,"Operante","","","11/11/2025 12:00:00","11/11/2025 12:00:00","","100mm",""
"hid_2099","3846","PAR00080","3846","PARANOA","SML - MI 07 CONJUNTO 03 CASA 19 - PENÍNSULA NORTE","EM FRENTE À CASA 19","EM FRENTE À CASA 19",-15.760414,-47.815931,true,"Operante","","","11/11/2025 11:30:00","11/11/2025 11:30:00","","100mm",""
"hid_2100","3848","PAR00081","3848","PARANOA","SML - MI 09 CONJUNTO 01 CASA 35 - PENÍNSULA NORTE","EM FRENTE À CASA 35","EM FRENTE À CASA 35",-15.767972,-47.814353,true,"Operante","","","11/11/2025 11:00:00","11/11/2025 11:00:00","","100mm",""
"hid_2101","3849","PAR00082","3849","PARANOA","SML - MI 13 CONJUNTO 01 CASA 02/03 - PENÍNSULA NORTE","EM FRENTE À MI 13 CONJUNTO 02 CASA 06","EM FRENTE À MI 13 CONJUNTO 02 CASA 06",-15.785797,-47.792717,true,"Operante","","","04/11/2025 11:00:00","04/11/2025 11:00:00","","100mm",""
"hid_2102","3850","PAR00083","3850","PARANOA","SML - MI 13 CONJUNTO 02 CASA 09 - PENÍNSULA NORTE","ESQUINA DA CASA 09/ NA CURVA DA RUA","ESQUINA DA CASA 09/ NA CURVA DA RUA",-15.786975,-47.794694,true,"Operante","","","04/11/2025 10:06:00","04/11/2025 10:06:00","","100mm",""
"hid_2103","3852","BSB00830","3852","BRASILIA","SQN 102 BLOCO G","VIA DE ACESSO W1 - EM FRENTE AO LADO DIREITO DO BLOCO G","VIA DE ACESSO W1 - EM FRENTE AO LADO DIREITO DO BLOCO G",-15.792028,-47.892058,true,"Operante","","","17/03/2026 19:57:00","17/03/2026 19:57:00","","100mm",""
"hid_2104","3854","REC00076","3854","RECANTO DAS EMAS","QUADRA 403 CONJUNTO 4 CASA 3 - RECANTO DAS EMAS-DF","EM FRENTE A CASA 3 / PISTA DE ACESSO A AVENIDA PONTE ALTA.","EM FRENTE A CASA 3 / PISTA DE ACESSO A AVENIDA PONTE ALTA.",-15.909222,-48.059722,true,"Operante","","","19/05/2026 10:44:00","19/05/2026 10:44:00","","100mm",""
"hid_2105","3855","REC00077","3855","RECANTO DAS EMAS","QUADRA 403 CONJUNTO 9 CASA 10 RECANTO DAS EMAS-DF","ESQUINA DA CASA 10 / PISTA DE ACESSO A AVENIDA PONTE ALTA.","ESQUINA DA CASA 10 / PISTA DE ACESSO A AVENIDA PONTE ALTA.",-15.908917,-48.061167,true,"Operante","","","19/05/2026 10:37:00","19/05/2026 10:37:00","","100mm",""
"hid_2106","3856","REC00078","3856","RECANTO DAS EMAS","QUADRA 403 CONJUNTO 10 CASA 10 RECANTO DAS EMAS-DF","ESQUINA DA CASA 10 / PISTA DE ACESSO A AVENIDA PONTE ALTA.","ESQUINA DA CASA 10 / PISTA DE ACESSO A AVENIDA PONTE ALTA.",-15.91075,-48.0615,true,"Operante","","","19/05/2026 10:33:00","19/05/2026 10:33:00","","100mm",""
"hid_2107","3857","REC00079","3857","RECANTO DAS EMAS","QUADRA 403 CONJUNTO 18 CASA 7 RECANTO DAS EMAS-DF","ESQUINA DA CASA 7 / PISTA DE ACESSO A AVENIDA PONTE ALTA.","ESQUINA DA CASA 7 / PISTA DE ACESSO A AVENIDA PONTE ALTA.",-15.909417,-48.063444,true,"Operante","","","19/05/2026 10:39:00","19/05/2026 10:39:00","","100mm",""
"hid_2108","3858","REC00080","3858","RECANTO DAS EMAS","QUADRA 404 CONJUNTO 02 CASA 11 RECANTO DAS EMAS-DF","ESQUINA DA CASA 11/PISTA DE ACESSO A AVENIDA PONTE ALTA.","ESQUINA DA CASA 11/PISTA DE ACESSO A AVENIDA PONTE ALTA.",-15.910417,-48.058889,true,"Operante","TAMPA DE CONCRETO QUEBRADA OU REMOVIDA","","19/05/2026 10:36:00","19/05/2026 10:36:00","","100mm",""
"hid_2109","3859","REC00081","3859","RECANTO DAS EMAS","QD 404 CONJUNTO 08 CASA 15.","FRNTE DA CASA 15/AV.PONTE ALTA","FRNTE DA CASA 15/AV.PONTE ALTA",-15.913167,-48.060833,true,"Operante","TAMPA DE CONCRETO QUEBRADA OU REMOVIDA","","19/05/2026 10:30:00","19/05/2026 10:30:00","","100mm",""
"hid_2110","3860","REC00082","3860","RECANTO DAS EMAS","QUADRA 405 CONJUNTO 9 CASA 13 - RECANTO DAS EMAS-DF","NA ESQUINA DA QUADRA 13 / EM FRENTE A QUADRA DE ESPORTES / PISTA DE ACESSO A AVENIDA PONTE ALTA.","NA ESQUINA DA QUADRA 13 / EM FRENTE A QUADRA DE ESPORTES / PISTA DE ACESSO A AVENIDA PONTE ALTA.",-15.913722,-48.066306,true,"Operante","","","02/06/2026 09:20:00","02/06/2026 09:20:00","","100mm",""
"hid_2111","3861","REC00083","3861","RECANTO DAS EMAS","QUADRA 405 CONJUNTO 9 CASA 3 RECANTO DAS EMAS-DF","ESQUINA DA CASA 3 / PISTA DE ACESSO A AVENIDA PONTE ALTA.","ESQUINA DA CASA 3 / PISTA DE ACESSO A AVENIDA PONTE ALTA.",-15.914806,-48.065972,true,"Operante","","","02/06/2026 10:17:00","02/06/2026 10:17:00","","100mm",""
"hid_2112","3862","REC00084","3862","RECANTO DAS EMAS","QUADRA 405 CONJUNTO 20 CASA 20 RECANTO DAS EMAS-DF","NA ESQUINA DA CASA 20 / PISTA DE ACESSO A AVENIDA PONTE ALTA.","NA ESQUINA DA CASA 20 / PISTA DE ACESSO A AVENIDA PONTE ALTA.",-15.912278,-48.065806,true,"Operante","","","02/06/2026 09:28:00","02/06/2026 09:28:00","","100mm",""
"hid_2113","3863","LAS00002","3863","LAGO SUL","QI 09 BLOCO D","CANTEIRO DA PISTA CENTRAL, FRENTE À MISSÃO BATISTA","CANTEIRO DA PISTA CENTRAL, FRENTE À MISSÃO BATISTA",-15.835778,-47.880694,true,"Operante","","","12/06/2025 12:30:00","12/06/2025 12:30:00","","100mm","/hidrantes/lago_sul/LAS00002.jpeg"
"hid_2114","3865","LAS00004","3865","LAGO SUL","QI 09 ED. IPANEMA BLOCO I","COMÉRCIO LOCAL ESTACIONAMENTO","COMÉRCIO LOCAL ESTACIONAMENTO",-15.832194,-47.878917,true,"Operante","","","12/06/2025 13:00:00","12/06/2025 13:00:00","","100mm","/hidrantes/lago_sul/LAS00004.jpeg"
"hid_2115","3867","LAS00006","3867","LAGO SUL","QI 11 PENÍNSULA DOS MINISTROS","FRENTE AO POSTO DE GASOLINA DA BR","FRENTE AO POSTO DE GASOLINA DA BR",-15.832167,-47.868778,true,"Operante","","","01/04/2025 09:30:00","01/04/2025 09:30:00","","100mm","/hidrantes/lago_sul/LAS00006.jpeg"
"hid_2116","3868","LAS00007","3868","LAGO SUL","QI 11/13","10ª DP","10ª DP",-15.839417,-47.868167,true,"Operante","","","01/04/2025 10:00:00","01/04/2025 10:00:00","","100mm","/hidrantes/lago_sul/LAS00007.jpeg"
"hid_2117","3870","LAS00008","3870","LAGO SUL","QI 17 CONJUNTO 01","EM FRENTE A CASA 23/24 ATRÁS DO POSTE DE ILUMINAÇÃO","EM FRENTE A CASA 23/24 ATRÁS DO POSTE DE ILUMINAÇÃO",-15.862111,-47.872694,true,"Operante","","","21/01/2025 10:37:00","21/01/2025 10:37:00","","100mm","/hidrantes/lago_sul/LAS00008.jpeg"
"hid_2118","3871","LAS00009","3871","LAGO SUL","QI 17 CONJUNTO 2","LATERAL DIREITA DA CASA 02","LATERAL DIREITA DA CASA 02",-15.862944,-47.874694,true,"Operante","","","21/01/2025 10:36:00","21/01/2025 10:36:00","","100mm","/hidrantes/lago_sul/LAS00009.jpeg"
"hid_2119","3872","LAS00010","3872","LAGO SUL","QI 17 CONJUNTO 4 CASA 1","LATERAL DA CASA 1","LATERAL DA CASA 1",-15.862472,-47.875667,true,"Operante","FALTA CABEÇOTE DA HASTE DO REGISTRO (LUVA)","","21/01/2025 10:30:00","21/01/2025 10:30:00","","100mm","/hidrantes/lago_sul/LAS00010.jpeg"
"hid_2120","3874","LAS00011","3874","LAGO SUL","QI 17 CONJUNTO 6 CASA 2","FRENTE A CASA 2","FRENTE A CASA 2",-15.866583,-47.880056,false,"Inoperante","REGISTRO NÃO FUNCIONA","","21/01/2025 10:20:00","21/01/2025 10:20:00","","100mm","/hidrantes/lago_sul/LAS00011.jpeg"
"hid_2121","3875","LAS00012","3875","LAGO SUL","QI 17 CONJUNTO 07 CASA 01","FRENTE A CASA 01","FRENTE A CASA 01",-15.867611,-47.879417,true,"Operante","FALTA CABEÇOTE DA HASTE DO REGISTRO (LUVA)","","21/01/2025 10:10:00","21/01/2025 10:10:00","","100mm","/hidrantes/lago_sul/LAS00012.jpeg"
"hid_2122","3876","LAS00013","3876","LAGO SUL","QI 17 CONJUNTO 08 CASA 1","LATERAL DA CASA 1","LATERAL DA CASA 1",-15.867833,-47.87675,true,"Operante","","","16/01/2025 11:29:00","16/01/2025 11:29:00","","100mm","/hidrantes/lago_sul/LAS00013.jpeg"
"hid_2123","3877","LAS00014","3877","LAGO SUL","QI 17 CONJUNTO 8 CASA 16","FRENTE A CASA 16","FRENTE A CASA 16",-15.868417,-47.878417,false,"Inoperante","REGISTRO NÃO FUNCIONA","","16/01/2025 11:13:00","16/01/2025 11:13:00","","100mm","/hidrantes/lago_sul/LAS00014.jpeg"
"hid_2124","3878","LAS00015","3878","LAGO SUL","QI 17 CONJUNTO 09 CASA 15","FRENTE A CASA 15","FRENTE A CASA 15",-15.86675,-47.875833,true,"Operante","","","16/01/2025 11:14:00","16/01/2025 11:14:00","","100mm","/hidrantes/lago_sul/LAS00015.jpeg"
"hid_2125","3879","LAS00016","3879","LAGO SUL","QI 17 CONJUNTO 10 CASA 20","FRENTE A CASA 20","FRENTE A CASA 20",-15.868667,-47.875972,false,"Inoperante","HIDRANTE SEM ÁGUA","","01/04/2025 10:30:00","01/04/2025 10:30:00","","100mm","/hidrantes/lago_sul/LAS00016.jpeg"
"hid_2126","3880","LAS00017","3880","LAGO SUL","QI 17 CONJUNTO 11 CASA 25","FRENTE A CASA 25","FRENTE A CASA 25",-15.866556,-47.8725,false,"Inoperante","HIDRANTE SEM ÁGUA","","21/01/2025 10:02:00","21/01/2025 10:02:00","","100mm","/hidrantes/lago_sul/LAS00017.jpeg"
"hid_2127","3882","LAS00018","3882","LAGO SUL","QI 17 CONJUNTO 12 CASA 21/22","FRENTE A CASA 21/22","FRENTE A CASA 21/22",-15.865056,-47.875556,true,"Operante","","","16/01/2025 10:51:00","16/01/2025 10:51:00","","100mm","/hidrantes/lago_sul/LAS00018.jpeg"
"hid_2128","3883","LAS00019","3883","LAGO SUL","QI 17 CONJUNTO 13 CASA 21/22","FRENTE A CASA 21/22","FRENTE A CASA 21/22",-15.864444,-47.8745,true,"Operante","","","16/01/2025 11:01:00","16/01/2025 11:01:00","","100mm","/hidrantes/lago_sul/LAS00019.jpeg"
"hid_2129","3884","LAS00020","3884","LAGO SUL","QI 17 CONJUNTO 15 CASA 02","FRENTE A CASA 2","FRENTE A CASA 2",-15.864028,-47.871278,true,"Operante","","","16/01/2025 10:28:00","16/01/2025 10:28:00","","100mm","/hidrantes/lago_sul/LAS00020.jpeg"
"hid_2130","3885","PAR00085","3885","PARANOA","QUADRA 03 CONJUNTO A LOTE 31 SETOR DE INDÚSTRIA","CALÇADA EM FRENTE AO LOTE 31","CALÇADA EM FRENTE AO LOTE 31",-15.780131,-47.791578,true,"Operante","","","04/11/2025 09:00:00","04/11/2025 09:00:00","","100mm",""
"hid_2131","3886","LAS00021","3886","LAGO SUL","QI 17 CONJUNTO 15 CASA 23","FUNDOS DA CASA 23","FUNDOS DA CASA 23",-15.865722,-47.872722,true,"Operante","","","16/01/2025 10:45:00","16/01/2025 10:45:00","","100mm","/hidrantes/lago_sul/LAS00021.jpeg"
"hid_2132","3887","LAS00022","3887","LAGO SUL","QI 17 CONJUNTO 14 CASA 24","FUNDOS DA CASA 24/26 ENTRADA PELO SMDB Q01 A 03","FUNDOS DA CASA 24/26 ENTRADA PELO SMDB Q01 A 03",-15.86775,-47.871,true,"Operante","","","21/01/2025 09:40:00","21/01/2025 09:40:00","","100mm","/hidrantes/lago_sul/LAS00022.jpeg"
"hid_2133","3889","PAR00086","3889","PARANOA","QUADRA 03 CONJUNTO B LOTE 37 SETOR DE INDÚSTRIA","AO LADO DA CASA DAS PEDRAS/ RUA ATRÁS DO SETOR DE INDÚSTRIA","AO LADO DA CASA DAS PEDRAS/ RUA ATRÁS DO SETOR DE INDÚSTRIA",-15.780525,-47.78955,true,"Operante","","","04/11/2025 08:00:00","04/11/2025 08:00:00","","100mm",""
"hid_2134","3890","LAS00024","3890","LAGO SUL","QI 17 CONJUNTO 16 CASA 02","FRENTE A CASA 02","FRENTE A CASA 02",-15.863056,-47.871944,true,"Operante","","","16/01/2025 10:45:00","16/01/2025 10:45:00","","100mm","/hidrantes/lago_sul/LAS00024.jpeg"
"hid_2135","3891","LAS00025","3891","LAGO SUL","QI 19 FRENTE CHÁCARA 10","NA CALÇADA.","NA CALÇADA.",-15.862139,-47.862111,true,"Operante","FALTA CABEÇOTE DA HASTE DO REGISTRO (LUVA)","","13/06/2025 08:00:00","13/06/2025 08:00:00","","100mm","/hidrantes/lago_sul/LAS00025.jpeg"
"hid_2136","3893","LAS00027","3893","LAGO SUL","QI 19 CONJUNTO 5 CASA 2","VIA PRINCIPAL","VIA PRINCIPAL",-15.860611,-47.861,true,"Operante","FALTA CABEÇOTE DA HASTE DO REGISTRO (LUVA)","","02/01/2025 09:27:00","02/01/2025 09:27:00","","100mm","/hidrantes/lago_sul/LAS00027.jpeg"
"hid_2137","3897","LAS00028","3897","LAGO SUL","QI 21 CONJUNTO 03 CASA 01","EM FRENTE A CASA 01","EM FRENTE A CASA 01",-15.853139,-47.854667,true,"Operante","","","13/06/2025 10:00:00","13/06/2025 10:00:00","","100mm","/hidrantes/lago_sul/LAS00028.jpeg"
"hid_2138","3898","LAS00029","3898","LAGO SUL","QI 21 CONJUNTO 05 CASA 10","FUNDOS DA CASA 10","FUNDOS DA CASA 10",-15.852833,-47.852694,true,"Operante","","","13/06/2025 11:00:00","13/06/2025 11:00:00","","100mm","/hidrantes/lago_sul/LAS00029.jpeg"
"hid_2139","3899","LAS00030","3899","LAGO SUL","QI 21 BLOCO E","COMÉRCIO LOCAL DA QI 21 EM FRENTE A ESCOLA FRANCESA","COMÉRCIO LOCAL DA QI 21 EM FRENTE A ESCOLA FRANCESA",-15.854475,-47.853111,true,"Operante","","","13/06/2025 09:00:00","13/06/2025 09:00:00","","100mm","/hidrantes/lago_sul/LAS00030.jpeg"
"hid_2140","3900","LAS00031","3900","LAGO SUL","QI 21 CONJUNTO 08 CASA 07","FUNDOS DA CASA 07","FUNDOS DA CASA 07",-15.850444,-47.852139,true,"Operante","","","13/06/2025 10:30:00","13/06/2025 10:30:00","","100mm","/hidrantes/lago_sul/LAS00031.jpeg"
"hid_2141","3901","LAS00032","3901","LAGO SUL","QI 23 CONJUNTO 03 CASA 01","LATERAL DA CASA 01 ENTRADA DO CONJUNTO 03","LATERAL DA CASA 01 ENTRADA DO CONJUNTO 03",-15.845278,-47.850028,true,"Operante","","","16/06/2025 07:30:00","16/06/2025 07:30:00","","100mm","/hidrantes/lago_sul/LAS00032.jpeg"
"hid_2142","3902","LAS00033","3902","LAGO SUL","QI 23 CONJUNTO 05 CASA 03","FUNDOS DA CASA 03","FUNDOS DA CASA 03",-15.846806,-47.848083,true,"Operante","","","13/06/2025 13:00:00","13/06/2025 13:00:00","","100mm","/hidrantes/lago_sul/LAS00033.jpeg"
"hid_2143","3903","LAS00034","3903","LAGO SUL","QI 23 CONJUNTO 08 CASA 19","FUNDOS DA CASA 19","FUNDOS DA CASA 19",-15.846,-47.843806,true,"Operante","","","13/06/2025 12:20:00","13/06/2025 12:20:00","","100mm","/hidrantes/lago_sul/LAS00034.jpeg"
"hid_2144","3905","LAS00036","3905","LAGO SUL","QI 23 CONJUNTO 09 CASA 18","FUNDOS DA CASA 18","FUNDOS DA CASA 18",-15.8455,-47.841278,true,"Operante","","","13/06/2025 12:02:00","13/06/2025 12:02:00","","100mm","/hidrantes/lago_sul/LAS00036.jpeg"
"hid_2145","3906","LAS00037","3906","LAGO SUL","QI 23 CONJUNTO 15 CASA 02","FRENTE A CASA 02","FRENTE A CASA 02",-15.845139,-47.839444,true,"Operante","FALTA TAMPÃO DE 2.1/2""","","13/06/2025 11:33:00","13/06/2025 11:33:00","","100mm","/hidrantes/lago_sul/LAS00037.jpeg"
"hid_2146","3907","LAS00038","3907","LAGO SUL","QI 23 CONJUNTO 17 LATERAL DA CASA 01.","LOTE 01","LOTE 01",-15.848972,-47.840083,true,"Operante","","","13/06/2025 11:15:00","13/06/2025 11:15:00","","100mm","/hidrantes/lago_sul/LAS00038.jpeg"
"hid_2147","3909","LAS00040","3909","LAGO SUL","QI 25 CONJUNTO 07 CASA 07. (FEITO DOC. P/CAESB. SEI 00053-00177090/2022-89)","FUNDOS DO LOTE 07","FUNDOS DO LOTE 07",-15.838833,-47.832889,true,"Operante","","","16/06/2025 09:00:00","16/06/2025 09:00:00","","100mm","/hidrantes/lago_sul/LAS00040.jpeg"
"hid_2148","3910","LAS00041","3910","LAGO SUL","QI 27 CONJUNTO 01 CASA 02","FRENTE A CASA 02","FRENTE A CASA 02",-15.840944,-47.818028,true,"Operante","","","16/06/2025 10:20:00","16/06/2025 10:20:00","","100mm","/hidrantes/lago_sul/LAS00041.jpeg"
"hid_2149","3911","LAS00042","3911","LAGO SUL","QI 27 CONJUNTO 02 CASA 02","FRENTE A CASA 02","FRENTE A CASA 02",-15.840111,-47.817111,true,"Operante","","","16/06/2025 10:30:00","16/06/2025 10:30:00","","100mm","/hidrantes/lago_sul/LAS00042.jpeg"
"hid_2150","3912","LAS00043","3912","LAGO SUL","QI 27 CONJUNTO 04 CASA 01","FRENTE A CASA 01","FRENTE A CASA 01",-15.837917,-47.81475,false,"Inoperante","REGISTRO SOTERRADO","","16/06/2025 10:40:00","16/06/2025 10:40:00","","100mm","/hidrantes/lago_sul/LAS00043.jpeg"
"hid_2151","3913","LAS00044","3913","LAGO SUL","QI 27 CONJUNTO 06 CASA 01","FRENTE A CASA 01","FRENTE A CASA 01",-15.835528,-47.812972,true,"Operante","","","16/06/2025 10:45:00","16/06/2025 10:45:00","","100mm","/hidrantes/lago_sul/LAS00044.jpeg"
"hid_2152","3914","LAS00045","3914","LAGO SUL","QI 27 CONJUNTO 08 CASA 20","FUNDA DA CASA 20","FUNDA DA CASA 20",-15.833556,-47.811694,false,"Inoperante","FALTAM BUJÕES E TAMPÕES ; FALTA TAMPÃO DE 2.1/2""; FALTA TAMPÃO DE 4""","","18/06/2025 11:40:00","18/06/2025 11:40:00","","100mm","/hidrantes/lago_sul/LAS00045.jpeg"
"hid_2153","3916","LAS00047","3916","LAGO SUL","QI 27 CONJUNTO 09 CASA 02","FRENTE A CASA 02","FRENTE A CASA 02",-15.8325,-47.812972,true,"Operante","","","18/06/2025 12:00:00","18/06/2025 12:00:00","","100mm","/hidrantes/lago_sul/LAS00047.jpeg"
"hid_2154","3917","LAS00048","3917","LAGO SUL","QI 27 CONJUNTO 11 CASA 02","EM FRENTE A CASA 02","EM FRENTE A CASA 02",-15.832333,-47.809278,true,"Operante","","","18/06/2025 11:00:00","18/06/2025 11:00:00","","100mm","/hidrantes/lago_sul/LAS00048.jpeg"
"hid_2155","3918","LAS00049","3918","LAGO SUL","QI 27 CONJUNTO 13 CASA 02. (FEITO DOC. P/CAESB. SEI 00053-00177090/2022-89)","EM FRENTE A CASA 02","EM FRENTE A CASA 02",-15.829139,-47.809278,true,"Operante","","","18/06/2025 10:30:00","18/06/2025 10:30:00","","100mm","/hidrantes/lago_sul/LAS00049.jpeg"
"hid_2156","3919","LAS00050","3919","LAGO SUL","QI 27 CONJUNTO 14 CASA 02","FRENTE A CASA 02","FRENTE A CASA 02",-15.829889,-47.8085,true,"Operante","","","18/06/2025 10:00:00","18/06/2025 10:00:00","","100mm","/hidrantes/lago_sul/LAS00050.jpeg"
"hid_2157","3920","LAS00051","3920","LAGO SUL","QI 27 CONJUNTO 15 CASA 01","FRENTE A CASA 01","FRENTE A CASA 01",-15.830556,-47.806694,true,"Operante","","","16/06/2025 13:00:00","16/06/2025 13:00:00","","100mm","/hidrantes/lago_sul/LAS00051.jpeg"
"hid_2158","3921","LAS00052","3921","LAGO SUL","QI 27 CONJUNTO 16 CASA 01","FRENTE A CASA 01","FRENTE A CASA 01",-15.829722,-47.805778,true,"Operante","","","16/06/2025 12:00:00","16/06/2025 12:00:00","","100mm","/hidrantes/lago_sul/LAS00052.jpeg"
"hid_2159","3922","LAS00053","3922","LAGO SUL","QI 27 CONJUNTO 17 CASA 01","FRENTE A CASA 01","FRENTE A CASA 01",-15.82825,-47.804194,true,"Operante","","","16/06/2025 11:00:00","16/06/2025 11:00:00","","100mm","/hidrantes/lago_sul/LAS00053.jpeg"
"hid_2160","3923","LAS00054","3923","LAGO SUL","QI 27 CONJUNTO 18 CASA 01","EM FRENTE A CASA 01","EM FRENTE A CASA 01",-15.827444,-47.803306,true,"Operante","FALTA CABEÇOTE DA HASTE DO REGISTRO (LUVA)","","17/06/2025 09:37:00","17/06/2025 09:37:00","","100mm","/hidrantes/lago_sul/LAS00054.jpeg"
"hid_2161","3924","LAS00055","3924","LAGO SUL","QI 29 CONJUNTO 18 CASA 08. (FEITO DOC. P/CAESB. SEI 00053-00177090/2022-89)","FUNDO DA CASA 08","FUNDO DA CASA 08",-15.826417,-47.803417,true,"Operante","FALTA CABEÇOTE DA HASTE DO REGISTRO (LUVA)","","17/06/2025 09:36:00","17/06/2025 09:36:00","","100mm","/hidrantes/lago_sul/LAS00055.jpeg"
"hid_2162","3925","LAS00056","3925","LAGO SUL","QI 29 CONJUNTO 18 CASA 20","FUNDOS DA CASA 20","FUNDOS DA CASA 20",-15.825556,-47.804222,true,"Operante","FALTA CABEÇOTE DA HASTE DO REGISTRO (LUVA); TAMPA METÁLICA T19 QUEBRADA OU REMOVIDA","","17/06/2025 08:30:00","17/06/2025 08:30:00","","100mm","/hidrantes/lago_sul/LAS00056.jpeg"
"hid_2163","3926","LAS00057","3926","LAGO SUL","QI 27 CONJUNTO 20 CASA 01","LATERAL DA CASA 01","LATERAL DA CASA 01",-15.826556,-47.807306,true,"Operante","","","17/06/2025 09:36:00","17/06/2025 09:36:00","","100mm","/hidrantes/lago_sul/LAS00057.jpeg"
"hid_2164","3927","BSB00832","3927","BRASILIA","SHIGS 703, BLOCO ""F"" CASA 04. Brasília - DF","EM FRENTE BLOCO ""F"" CASA 04","EM FRENTE BLOCO ""F"" CASA 04",-15.8,-47.89675,true,"Operante","","","14/05/2025 09:00:00","14/05/2025 09:00:00","","100mm",""
"hid_2165","3929","BSB00834","3929","BRASILIA","Setor Comercial Norte Quadra 03.","Via de acesso à N2 lado esquerdo do edifício Vitória. Em frente ao quiosque.","Via de acesso à N2 lado esquerdo do edifício Vitória. Em frente ao quiosque.",-15.786889,-47.886444,true,"Operante","","","22/01/2025 09:20:00","22/01/2025 09:20:00","","100mm",""
"hid_2166","3939","LAS00058","3939","LAGO SUL","QI 29 CONJUNTO 06","EM FRENTE A CASA 1","EM FRENTE A CASA 1",-15.820694,-47.799972,true,"Operante","FALTA CABEÇOTE DA HASTE DO REGISTRO (LUVA)","","17/06/2025 10:00:00","17/06/2025 10:00:00","","100mm","/hidrantes/lago_sul/LAS00058.jpeg"
"hid_2167","3940","LAS00059","3940","LAGO SUL","QI 29 CONJUNTO 07","EM FRENTE A CASA 01","EM FRENTE A CASA 01",-15.8195,-47.799778,false,"Inoperante","REGISTRO SOTERRADO","","17/06/2025 10:30:00","17/06/2025 10:30:00","","100mm","/hidrantes/lago_sul/LAS00059.jpeg"
"hid_2168","3941","LAS00060","3941","LAGO SUL","QI 29 CONJUNTO 10 CASA 01","LATERAL DA CASA 01","LATERAL DA CASA 01",-15.818083,-47.799444,true,"Operante","","","17/06/2025 10:20:00","17/06/2025 10:20:00","","100mm","/hidrantes/lago_sul/LAS00060.jpeg"
"hid_2169","3942","LAS00061","3942","LAGO SUL","QI 29 CONJUNTO 09","FUNDO DO CONJUNTO 10, FUNDO DA CASA 29","FUNDO DO CONJUNTO 10, FUNDO DA CASA 29",-15.817667,-47.802389,true,"Operante","FALTA CABEÇOTE DA HASTE DO REGISTRO (LUVA); TAMPA DE CONCRETO QUEBRADA OU REMOVIDA","","17/06/2025 10:10:00","17/06/2025 10:10:00","","100mm","/hidrantes/lago_sul/LAS00061.jpeg"
"hid_2170","3943","LAS00062","3943","LAGO SUL","QI 29 CONJUNTO 12 CASA 02","EM FRENTE A CASA 02","EM FRENTE A CASA 02",-15.813778,-47.801694,true,"Operante","","","17/06/2025 10:30:00","17/06/2025 10:30:00","","100mm","/hidrantes/lago_sul/LAS00062.jpeg"
"hid_2171","3944","LAS00063","3944","LAGO SUL","QI 29 CONJUNTO 11 CASA 02","EM FRENTE A CASA 02","EM FRENTE A CASA 02",-15.813556,-47.802861,false,"Inoperante","REGISTRO SOTERRADO","","17/06/2025 10:30:00","17/06/2025 10:30:00","","100mm","/hidrantes/lago_sul/LAS00063.jpeg"
"hid_2172","3945","LAS00064","3945","LAGO SUL","QI 29 CONJUNTO 14 CASA 02","FRENTE A CASA 02","FRENTE A CASA 02",-15.81425,-47.799222,true,"Operante","","","17/06/2025 11:00:00","17/06/2025 11:00:00","","100mm","/hidrantes/lago_sul/LAS00064.jpeg"
"hid_2173","3946","LAS00065","3946","LAGO SUL","QI 29 CONJUNTO 13 CASA 02","FRENTE A CASA 02","FRENTE A CASA 02",-15.814028,-47.800444,true,"Operante","","","17/06/2025 10:40:00","17/06/2025 10:40:00","","100mm","/hidrantes/lago_sul/LAS00065.jpeg"
"hid_2174","3947","LAS00066","3947","LAGO SUL","QI 29 CONJUNTO 15 CASA 01","FRENTE A CASA 01","FRENTE A CASA 01",-15.813667,-47.798556,true,"Operante","","","17/06/2025 11:20:00","17/06/2025 11:20:00","","100mm","/hidrantes/lago_sul/LAS00066.jpeg"
"hid_2175","3948","LAS00067","3948","LAGO SUL","QI 29 CONJUNTO 16 CASA 01","FRENTE A CASA 01","FRENTE A CASA 01",-15.812528,-47.798361,true,"Operante","","","17/06/2025 11:14:00","17/06/2025 11:14:00","","100mm","/hidrantes/lago_sul/LAS00067.jpeg"
"hid_2176","3949","LAS00068","3949","LAGO SUL","QL 08 CONJUNTO 04 CASA 01","FRENTE AO POSTO BR LAGO AZUL","FRENTE AO POSTO BR LAGO AZUL",-15.843241,-47.889982,true,"Operante","","","12/06/2025 12:15:00","12/06/2025 12:15:00","","100mm","/hidrantes/lago_sul/LAS00068.jpeg"
"hid_2177","3950","LAS00069","3950","LAGO SUL","QL 04 CONJUNTO 03 CASA 01","LATERAL ESQUERDA DA CASA 01","LATERAL ESQUERDA DA CASA 01",-15.85275,-47.912944,true,"Operante","","","18/06/2025 12:20:00","18/06/2025 12:20:00","","100mm","/hidrantes/lago_sul/LAS00069.jpeg"
"hid_2178","3951","LAS00070","3951","LAGO SUL","QL 10 CONJUNTO 09 CASA 01","CANTEIRO DA PISTA CENTRAL / POSTO DE GASOLINA SHELL","CANTEIRO DA PISTA CENTRAL / POSTO DE GASOLINA SHELL",-15.83025,-47.876389,true,"Operante","","","01/04/2025 12:00:00","01/04/2025 12:00:00","","100mm","/hidrantes/lago_sul/LAS00070.jpeg"
"hid_2179","3952","LAS00071","3952","LAGO SUL","QL 12 CONJUNTO 14 CASA 12/14","FRENTE A CASA 12 / PENÍNSULA DOS MINISTROS","FRENTE A CASA 12 / PENÍNSULA DOS MINISTROS",-15.830778,-47.858,true,"Operante","","","01/04/2025 11:00:00","01/04/2025 11:00:00","","100mm","/hidrantes/lago_sul/LAS00071.jpeg"
"hid_2180","3953","LAS00072","3953","LAGO SUL","QL 32 PARQUE ECOLÓGICO ERMIDA DOM BOSCO","ERMIDA DOM BOSCO","ERMIDA DOM BOSCO",-15.798389,-47.808444,true,"Operante","","","18/06/2025 12:30:00","18/06/2025 12:30:00","","100mm","/hidrantes/lago_sul/LAS00072.jpeg"
"hid_2181","3954","LAS00073","3954","LAGO SUL","QL 32 CONDOMÍNIO VILLAGES ALVORADA","HIDRANTE PRÓXIMO A ENTRADA DO CONDOMÍNIO","HIDRANTE PRÓXIMO A ENTRADA DO CONDOMÍNIO",-15.803583,-47.806111,true,"Operante","","","18/06/2025 12:35:00","18/06/2025 12:35:00","","100mm","/hidrantes/lago_sul/LAS00073.jpeg"
"hid_2182","3962","LAS00079","3962","LAGO SUL","CPBV VI COMAR . (FEITO DOC. P/CAESB. SEI 00053-00177090/2022-89)","POR DENTRO DA GRADE","POR DENTRO DA GRADE",-15.860417,-47.905833,false,"Inoperante","FALTA CABEÇOTE DA HASTE DO REGISTRO (LUVA); HIDRANTE SEM ÁGUA","","12/06/2025 09:53:00","12/06/2025 09:53:00","","100mm",""
"hid_2183","3966","LAS00083","3966","LAGO SUL","AEROPORTO INTERNACIONAL DE BSB","FRENTE AO TERMINAL 02","FRENTE AO TERMINAL 02",-15.870333,-47.930647,true,"Operante","FALTA CABEÇOTE DA HASTE DO REGISTRO (LUVA)","","02/01/2025 10:38:00","02/01/2025 10:38:00","","100mm","/hidrantes/lago_sul/LAS00083.jpeg"
"hid_2184","3967","LAS00084","3967","LAGO SUL","AEROPORTO INTERNACIONAL DE BSB","FRENTE À R.A CATERING","FRENTE À R.A CATERING",-15.86825,-47.922722,true,"Operante","","","02/01/2025 10:39:00","02/01/2025 10:39:00","","100mm","/hidrantes/lago_sul/LAS00084.jpeg"
"hid_2185","3968","LAS00085","3968","LAGO SUL","AEROPORTO INTERNACIONAL DE BSB","FACULDADE ICESP","FACULDADE ICESP",-15.869944,-47.92875,true,"Operante","","","02/01/2025 10:43:00","02/01/2025 10:43:00","","100mm","/hidrantes/lago_sul/LAS00085.jpeg"
"hid_2186","3969","LAS00086","3969","LAGO SUL","AEROPORTO INTERNACIONAL DE BSB","LADO DIREITO DA INFRAERO / CORREIOS","LADO DIREITO DA INFRAERO / CORREIOS",-15.869833,-47.926944,true,"Operante","","","02/01/2025 10:39:00","02/01/2025 10:39:00","","100mm","/hidrantes/lago_sul/LAS00086.jpeg"
"hid_2187","3970","LAS00087","3970","LAGO SUL","AEROPORTO INTERNACIONAL DE BSB","TERMINAL DE CARGAS / ESTACIONAMENTO PRIVATIVO 02","TERMINAL DE CARGAS / ESTACIONAMENTO PRIVATIVO 02",-15.871806,-47.922611,true,"Operante","","","12/06/2025 08:00:00","12/06/2025 08:00:00","","100mm","/hidrantes/lago_sul/LAS00087.jpeg"
"hid_2188","3972","LAS00089","3972","LAGO SUL","BASE AÉREA","PRÓXIMO AO RANCHO / 6º ETA","PRÓXIMO AO RANCHO / 6º ETA",-15.868944,-47.908417,true,"Operante","","","13/06/2025 08:00:00","13/06/2025 08:00:00","","100mm",""
"hid_2189","3973","LAS00090","3973","LAGO SUL","ADM DO VI COMAR","PRÓXIMA À SERRALHERIA","PRÓXIMA À SERRALHERIA",-15.855917,-47.908806,true,"Operante","","","12/06/2025 10:00:00","12/06/2025 10:00:00","","100mm","/hidrantes/lago_sul/LAS00090.jpeg"
"hid_2190","3975","LAS00092","3975","LAGO SUL","VI COMAR","FRENTE AO CORPO DA GUARDA DO VI COMAR (ENTRADA PRINCIPAL)","FRENTE AO CORPO DA GUARDA DO VI COMAR (ENTRADA PRINCIPAL)",-15.856,-47.906306,true,"Operante","","","12/06/2025 10:30:00","12/06/2025 10:30:00","","100mm",""
"hid_2191","3976","LAS00093","3976","LAGO SUL","QI 03 CONJUNTO 05","EM FRENTE AO Z8 IMPORTS / POSTO SHELL","EM FRENTE AO Z8 IMPORTS / POSTO SHELL",-15.858389,-47.912194,true,"Operante","","","12/06/2025 09:31:00","12/06/2025 09:31:00","","100mm","/hidrantes/lago_sul/LAS00093.jpeg"
"hid_2192","3979","LAS00096","3979","LAGO SUL","AEROPORTO INTERNACIONAL DE BSB","FUNDOS DA LÍDER TAXI AEREO","FUNDOS DA LÍDER TAXI AEREO",-15.866639,-47.92725,true,"Operante","","","12/06/2025 09:00:00","12/06/2025 09:00:00","","100mm",""
"hid_2193","3982","LAS00099","3982","LAGO SUL","QI 11 COMÉRCIO LOCAL. (FEITO DOC. P/CAESB. SEI 00053-00177090/2022-89)","ATRÁS DA ADM","ATRÁS DA ADM",-15.840222,-47.870611,true,"Operante","FALTA CABEÇOTE DA HASTE DO REGISTRO (LUVA)","","12/06/2025 10:47:00","12/06/2025 10:47:00","","100mm","/hidrantes/lago_sul/LAS00099.jpeg"
"hid_2194","3983","LAS00100","3983","LAGO SUL","QI 15 CONJUNTO 08","ESQUINA DA ESCOLA CRIARTE,
Á DIREITA SAÍDA DO ESTACIONAMENTO.","ESQUINA DA ESCOLA CRIARTE,
Á DIREITA SAÍDA DO ESTACIONAMENTO.",-15.846917,-47.884861,true,"Operante","","","12/06/2025 13:10:00","12/06/2025 13:10:00","","100mm","/hidrantes/lago_sul/LAS00100.jpeg"
"hid_2195","3984","LAS00101","3984","LAGO SUL","QI 13 CONJUNT J. (FEITO DOC. P/CAESB. SEI 00053-00177090/2022-89)","SUPERMERCADO CARREFOUR / LATERAL DIREITA","SUPERMERCADO CARREFOUR / LATERAL DIREITA",-15.843194,-47.876028,true,"Operante","","","12/06/2025 11:40:00","12/06/2025 11:40:00","","100mm","/hidrantes/lago_sul/LAS00101.jpeg"
"hid_2196","3985","LAS00102","3985","LAGO SUL","QI 15 BLOCO C","COMÉRCIO LOCAL - IRIS MATERIAIS DE CONSTRUÇÃO","COMÉRCIO LOCAL - IRIS MATERIAIS DE CONSTRUÇÃO",-15.851556,-47.877111,true,"Operante","","","12/06/2025 11:30:00","12/06/2025 11:30:00","","100mm","/hidrantes/lago_sul/LAS00102.jpeg"
"hid_2197","3989","LAS00106","3989","LAGO SUL","QI 11/13 - 11º GBM/CBMDF","ÁREA DO 11º GBM/CBMDF","ÁREA DO 11º GBM/CBMDF",-15.83975,-47.868639,true,"Operante","","","12/06/2025 12:00:00","12/06/2025 12:00:00","","100mm",""
"hid_2198","4000","ITA00009","4000","ITAPOÃ","QUADRA 2 CONJUNTO A CASA 23","VIA MARGINAL À DF 250/ PRÓXIMO À ESQUINA DO MURÃO","VIA MARGINAL À DF 250/ PRÓXIMO À ESQUINA DO MURÃO",-15.753039,-47.764492,true,"Operante","","","26/11/2025 10:00:00","26/11/2025 10:00:00","","100mm",""
"hid_2199","4001","LAS00107","4001","LAGO SUL","QI 15 CHÁCARA 07","VIA PRINCIPAL","VIA PRINCIPAL",-15.852611,-47.879861,true,"Operante","","","12/06/2025 11:00:00","12/06/2025 11:00:00","","100mm","/hidrantes/lago_sul/LAS00107.jpeg"
"hid_2200","4004","LAS00110","4004","LAGO SUL","QI 29 CONJUNTO 02 CASA 02","ESQUINA DA CASA 02","ESQUINA DA CASA 02",-15.821667,-47.80075,true,"Operante","","","17/06/2025 09:47:00","17/06/2025 09:47:00","","100mm","/hidrantes/lago_sul/LAS00110.jpeg"
"hid_2201","4005","LAS00111","4005","LAGO SUL","QI 29 CONJUNTO 03 CASA 02","ESQUINA DA CASA 02","ESQUINA DA CASA 02",-15.821389,-47.801944,true,"Operante","","","17/06/2025 09:30:00","17/06/2025 09:30:00","","100mm","/hidrantes/lago_sul/LAS00111.jpeg"
"hid_2202","4006","LAS00112","4006","LAGO SUL","QI 29 CONJUNTO 04 CASA 02","FRENTE A CASA 02","FRENTE A CASA 02",-15.821167,-47.803222,true,"Operante","","","17/06/2025 09:44:00","17/06/2025 09:44:00","","100mm","/hidrantes/lago_sul/LAS00112.jpeg"
"hid_2203","4007","ITA00010","4007","ITAPOÃ","QUADRA 311CASA 70","RUA DA PANIFICADORA IZADORA","RUA DA PANIFICADORA IZADORA",-15.744339,-47.76235,false,"Inoperante","FALTA TAMPÃO DE 2.1/2""; FALTA TAMPÃO DE 4""","","27/11/2025 10:00:00","27/11/2025 10:00:00","","100mm",""
"hid_2204","4019","BSB00842","4019","BRASILIA","SGAS 912 - VIA W5 - BRASÍLIA - DF","EM FRENTE AO COLÉGIO SIGMA","EM FRENTE AO COLÉGIO SIGMA",-15.814694,-47.916639,true,"Operante","","","18/07/2025 10:30:00","18/07/2025 10:30:00","","100mm",""
"hid_2205","4021","BSB00843","4021","BRASILIA","SQN 404 BLOCO L","VIA DE ACESSO L 1 - LADO ESQUERDO DO BLOCO L","VIA DE ACESSO L 1 - LADO ESQUERDO DO BLOCO L",-15.774692,-47.877411,true,"Operante","","","23/06/2025 08:30:00","23/06/2025 08:30:00","","100mm",""
"hid_2206","4024","BSB00846","4024","BRASILIA","SQN 605 - VIA L 2","MATERNIDADE - PRÓXIMO À GUARITA","MATERNIDADE - PRÓXIMO À GUARITA",-15.772583,-47.874472,true,"Operante","","","08/01/2025 13:30:00","08/01/2025 13:30:00","","100mm",""
"hid_2207","4025","BSB00847","4025","BRASILIA","SQN 605 - HUB","AO LADO DA INTERNAÇÃO DO HUB","AO LADO DA INTERNAÇÃO DO HUB",-15.771417,-47.873056,true,"Operante","","","08/01/2025 13:50:00","08/01/2025 13:50:00","","100mm",""
"hid_2208","4026","BSB00848","4026","BRASILIA","SQN 605 - HUB","EM FRENTE AO PRONTO SOCORRO DO HUB","EM FRENTE AO PRONTO SOCORRO DO HUB",-15.77225,-47.872917,true,"Operante","","","08/01/2025 14:00:00","08/01/2025 14:00:00","","100mm",""
"hid_2209","4027","SOB00038","4027","SOBRADINHO","Quadra 09, COMÉRCIO lOCAL 12, Loja 3 - SOBRADINHO - DF","ESTACIONAMENTO DO COMÉRCIO","ESTACIONAMENTO DO COMÉRCIO",-15.642417,-47.805528,true,"Operante","FALTA CABEÇOTE DA HASTE DO REGISTRO (LUVA)","","14/07/2025 10:25:00","14/07/2025 10:25:00","","100mm",""
"hid_2210","4031","SOB00039","4031","SOBRADINHO","Q. CENTRAL - FÓRUM","FUNDOS DO FÓRUM BLOCO ""B""/PRÓX. AO MPDFT PROCURADORIA DE JUSTIÇA/BANCO DO BRASIL","FUNDOS DO FÓRUM BLOCO ""B""/PRÓX. AO MPDFT PROCURADORIA DE JUSTIÇA/BANCO DO BRASIL",-15.650778,-47.792639,true,"Operante","FALTA CABEÇOTE DA HASTE DO REGISTRO (LUVA)","","11/07/2025 10:00:00","11/07/2025 10:00:00","","100mm",""
"hid_2211","4032","SOB00040","4032","SOBRADINHO","Q. CENTRAL - FEIRA PERMANENTE","EM FRENTE AO ESTACIONAMENTO DA FEIRA PERMANENTE/PRÓX. À PARADA DE ÔNIBUS","EM FRENTE AO ESTACIONAMENTO DA FEIRA PERMANENTE/PRÓX. À PARADA DE ÔNIBUS",-15.6505,-47.788639,true,"Operante","","","11/07/2025 09:50:00","11/07/2025 09:50:00","","100mm",""
"hid_2212","4033","SOB00041","4033","SOBRADINHO","SETOR DE EXPANSÃO ECONÔMICA (S.E.E) - Q. 14 LOTE 14/15 - BR 020","EM FRENTE AO LOTE 14/PRÓX. À BR 020","EM FRENTE AO LOTE 14/PRÓX. À BR 020",-15.658361,-47.786556,true,"Operante","","","10/07/2025 08:30:00","10/07/2025 08:30:00","","100mm",""
"hid_2213","4047","BSB00850","4047","BRASILIA","SAFN - SETOR LESTE / 1º GBM -CBMDF","VIA DE ACESSO EIXO MONUMENTAL /N1 EM FRENTE AO LADO ESQUERDO DO PRÉDIO PRINCIPAL (VISTO DE FRENTE)","VIA DE ACESSO EIXO MONUMENTAL /N1 EM FRENTE AO LADO ESQUERDO DO PRÉDIO PRINCIPAL (VISTO DE FRENTE)",-15.801011,-47.853249,true,"Operante","","","21/01/2026 14:30:00","21/01/2026 14:30:00","","100mm",""
"hid_2214","4048","BSB00851","4048","BRASILIA","SAFN - SETOR LESTE / 1º GBM -CBMDF","VIA DE ACESSO EIXO MONUMENTAL /N1 EM FRENTE AO LADO ESQUERDO DO PRÉDIO PRINCIPAL (VISTA PARA A N1)","VIA DE ACESSO EIXO MONUMENTAL /N1 EM FRENTE AO LADO ESQUERDO DO PRÉDIO PRINCIPAL (VISTA PARA A N1)",-15.800686,-47.853104,true,"Operante","","","15/05/2025 08:00:00","15/05/2025 08:00:00","","100mm",""
"hid_2215","4049","BSB00852","4049","BRASILIA","SAFN - SETOR LESTE / 1º GBM -CBMDF","VIA DE ACESSO EIXO MONUMENTAL /N1 EM FRENTE AO LADO DIREITO DO PRÉDIO PRINCIPAL (VISTA PARA A N1) AO LADO DOS ANTIGOS TANQUES DE COMBUSTIVÉIS","VIA DE ACESSO EIXO MONUMENTAL /N1 EM FRENTE AO LADO DIREITO DO PRÉDIO PRINCIPAL (VISTA PARA A N1) AO LADO DOS ANTIGOS TANQUES DE COMBUSTIVÉIS",-15.800833,-47.852222,true,"Operante","","","19/01/2026 15:17:00","19/01/2026 15:17:00","","100mm",""
"hid_2216","4050","BSB00853","4050","BRASILIA","SCS QDUADRA 08 BLOCO A DO EDIFICIO VENÂNCIO 2000 - BRASILIA-DF","VIA DE ACESSO W3/SRTUS - EM FRENTE A ENTRADA SUL DO BL A DO ED. VENÂNCIO 2000.","VIA DE ACESSO W3/SRTUS - EM FRENTE A ENTRADA SUL DO BL A DO ED. VENÂNCIO 2000.",-15.796389,-47.893056,true,"Operante","","","06/08/2025 10:00:00","06/08/2025 10:00:00","","100mm",""
"hid_2217","4054","PAW00001","4054","PARK WAY","SMPW - QUADRA 8 CONJUNTO 1 LOTE 6 - PARK WAY-DF","EM FRENTE AO CONDOMINIO SOL E VIDA","EM FRENTE AO CONDOMINIO SOL E VIDA",-15.907361,-47.965778,false,"Inoperante","REGISTRO EMPERRADO","","24/06/2026 10:29:00","24/06/2026 10:29:00","","100mm",""
"hid_2218","4055","PAW00002","4055","PARK WAY","SMPW - QUADRA 8 CONJUNTO 2 CASA 1 - PARK WAY-DF","EM FRENTE A CASA 1 / ATRÁS DA FRUTARIA E PASTELARIA PERNAMBUCANA / PROXIMO A PASSARELA DF-001","EM FRENTE A CASA 1 / ATRÁS DA FRUTARIA E PASTELARIA PERNAMBUCANA / PROXIMO A PASSARELA DF-001",-15.920361,-47.974444,true,"Operante","","","24/06/2026 10:35:00","24/06/2026 10:35:00","","100mm",""
"hid_2219","4056","PAW00003","4056","PARK WAY","SMPW - QUADRA 8 CONJUNTO 3/4 CASA 1 - PARK WAY-DF","ENTRE O CONJUNTO 3 E O CONJUNTO 4 / EM FRENTE A CASA 1 / PROXIMO A DF-001

LOCALIZAÇÃO CORRETA: S15º 55' 47.9"" W47º 58' 50.3""","ENTRE O CONJUNTO 3 E O CONJUNTO 4 / EM FRENTE A CASA 1 / PROXIMO A DF-001

LOCALIZAÇÃO CORRETA: S15º 55' 47.9"" W47º 58' 50.3""",-15.929444,-47.980806,true,"Operante","","","24/06/2026 10:41:00","24/06/2026 10:41:00","","100mm",""
"hid_2220","4057","PAW00004","4057","PARK WAY","SMPW - QUADRA 10 CONJUNTO 1 CASA 4 - PARK WAY-DF","EM FRENTE A MANSÃO CRISTAL PLACE","EM FRENTE A MANSÃO CRISTAL PLACE",-15.905806,-47.973667,true,"Operante","","","24/06/2026 10:06:00","24/06/2026 10:06:00","","100mm",""
"hid_2221","4058","PAW00005","4058","PARK WAY","SMPW - QUADRA 12 CONJUNTO 2 CASA 2 - PARK WAY-DF","EM FRENTE A CASA 2 / AREA VERDE","EM FRENTE A CASA 2 / AREA VERDE",-15.9065,-47.978944,false,"Inoperante","FALTA CABEÇOTE DA HASTE DO REGISTRO (LUVA)","","24/06/2026 10:17:00","24/06/2026 10:17:00","","100mm",""
"hid_2222","4059","PAW00006","4059","PARK WAY","SMPW - QUADRA 12 CONJUNTO 4 CASA 1 - PARK WAY-DF","A ESQUERDA DA CASA MARIA ROSA.","A ESQUERDA DA CASA MARIA ROSA.",-15.913361,-47.975139,false,"Inoperante","REGISTRO SOTERRADO","","24/06/2026 10:21:00","24/06/2026 10:21:00","","100mm",""
"hid_2223","4060","PAW00007","4060","PARK WAY","SMPW - QUADRA 13 CONJUNTO 3 CASA 5 - PARK WAY-DF","EM FRENTE AO CONDOMINIO VIA SOL PARQUE","EM FRENTE AO CONDOMINIO VIA SOL PARQUE",-15.891889,-47.982889,true,"Operante","","","24/06/2026 09:59:00","24/06/2026 09:59:00","","100mm",""
"hid_2224","4063","JAR00036","4063","JARDIM BOTANICO","Cond. Residencial Jardin do Lago Quadra 1- Rua Flamboyant, Casa 02","Na Avenida das Palmeiras/Área Verde","Na Avenida das Palmeiras/Área Verde",-15.868694,-47.816222,true,"Operante","","","18/11/2025 10:00:00","18/11/2025 10:00:00","","100mm",""
"hid_2225","4064","JAR00037","4064","JARDIM BOTANICO","Cond. Residencial Jardin do Lago Quadra 1- Rua Jacarandás, Casa 01","Na Avenida das Palmeiras/Área Verde","Na Avenida das Palmeiras/Área Verde",-15.869917,-47.817417,true,"Operante","","","18/11/2025 09:00:00","18/11/2025 09:00:00","","100mm",""
"hid_2226","4066","CAN00027","4066","CANDANGOLANDIA","QRO CONJUNTO F LOTE 1 - CANDANGOLÂNDIA - DF","Rua dos Transportes/Em frente ao Conj. 01/Próx. à Igreja Presbiteriana","Rua dos Transportes/Em frente ao Conj. 01/Próx. à Igreja Presbiteriana",-15.851944,-47.94625,true,"Operante","FALTA CABEÇOTE DA HASTE DO REGISTRO (LUVA)","","01/07/2026 09:49:00","01/07/2026 09:49:00","","100mm",""
"hid_2227","4067","CAN00028","4067","CANDANGOLANDIA","QR 5 CONJUNTO A LOTE 2 LOJA 2 - CANDANGOLÂNDIA - DF","Lateral Direita do Lote 02/Em frente ao Salão & Glamour/Entrada da QR 5","Lateral Direita do Lote 02/Em frente ao Salão & Glamour/Entrada da QR 5",-15.849528,-47.952111,true,"Operante","FALTA CABEÇOTE DA HASTE DO REGISTRO (LUVA)","","02/07/2026 11:37:00","02/07/2026 11:37:00","","100mm",""
"hid_2228","4068","CAN00029","4068","CANDANGOLANDIA","QR 7 CONJ. A LOTE 18 - CANDANGOLÂNDIA - DF","Em frente ao Lote 18","Em frente ao Lote 18",-15.848361,-47.949694,true,"Operante","FALTA CABEÇOTE DA HASTE DO REGISTRO (LUVA)","","02/07/2026 11:20:00","02/07/2026 11:20:00","","100mm",""
"hid_2229","4069","CAN00030","4069","CANDANGOLANDIA","QR 7 CONJUNTO A LOTE 46 - CANDANGOLÂNDIA - DF","Em frente ao Lote 46","Em frente ao Lote 46",-15.847778,-47.950556,true,"Operante","FALTA CABEÇOTE DA HASTE DO REGISTRO (LUVA); TAMPA METÁLICA T19 QUEBRADA OU REMOVIDA","","02/07/2026 11:24:00","02/07/2026 11:24:00","","100mm",""
"hid_2230","4073","REC00085","4073","RECANTO DAS EMAS","QUADRA 101 CONJUNTO 9 CASA 7 - RECANTO DAS EMAS-DF","FUNDOS DO COLÉGIO CEF 1/ EM FRENTE AO PARQUINHO DE DIVERSÕES.","FUNDOS DO COLÉGIO CEF 1/ EM FRENTE AO PARQUINHO DE DIVERSÕES.",-15.899639,-48.057528,true,"Operante","","","26/05/2026 09:34:00","26/05/2026 09:34:00","","100mm",""
"hid_2231","4074","REC00086","4074","RECANTO DAS EMAS","QUADRA 101 CONJUNTO 10A CASA 12 LOJA 1 - RECANTO DAS EMAS-DF","FRENTE A CASA 12 / PISTA DE ACESSO A AVENIDA RECANTO DAS EMAS


LOCALIZAÇÃO CORRETA: S15º 54' 04.0"" W48º 03' 28.2""","FRENTE A CASA 12 / PISTA DE ACESSO A AVENIDA RECANTO DAS EMAS


LOCALIZAÇÃO CORRETA: S15º 54' 04.0"" W48º 03' 28.2""",-15.901056,-48.057833,true,"Operante","","","26/05/2026 09:23:00","26/05/2026 09:23:00","","100mm",""
"hid_2232","4075","REC00087","4075","RECANTO DAS EMAS","QUADRA 101 CONJUNTO 12 AREA ESPECIAL 101 AVENIDA RECANTO DAS EMAS - RECANTO DAS EMAS-DF","AOS FUNDOS DO LOTE 18 DA AREA ESPECIAL 101 / EM FRENTE A CASA 3 / PISTA DE ACESSO A AVENIDA RECANTO DAS EMAS.

LOCALIZAÇÃO CORRETA: S15º 54' 05.3"" W48º 03' 31.5""","AOS FUNDOS DO LOTE 18 DA AREA ESPECIAL 101 / EM FRENTE A CASA 3 / PISTA DE ACESSO A AVENIDA RECANTO DAS EMAS.

LOCALIZAÇÃO CORRETA: S15º 54' 05.3"" W48º 03' 31.5""",-15.901583,-48.059111,true,"Operante","","","26/05/2026 10:02:00","26/05/2026 10:02:00","","100mm",""
"hid_2233","4076","REC00088","4076","RECANTO DAS EMAS","QUADRA 101 CONJUNTO 16 CASA 16 - RECANTO DAS EMAS-DF","LATERAL DA CASA 16 / PISTA DE ACESSO A AVENIDA RECANTO DAS EMAS","LATERAL DA CASA 16 / PISTA DE ACESSO A AVENIDA RECANTO DAS EMAS",-15.899861,-48.06,true,"Operante","","","26/05/2026 09:41:00","26/05/2026 09:41:00","","100mm",""
"hid_2234","4078","REC00089","4078","RECANTO DAS EMAS","QD. 102 Conj. 02 Casa 01","Fundos do C.I.T.I./Pista de acesso á Av. Recanto das Emas","Fundos do C.I.T.I./Pista de acesso á Av. Recanto das Emas",-15.902056,-48.060667,true,"Operante","","","26/05/2026 10:02:00","26/05/2026 10:02:00","","100mm",""
"hid_2235","4079","REC00090","4079","RECANTO DAS EMAS","QUADRA 102 ÁREA ESPECIAL 3 RECANTO DAS EMAS-DF","LATERAL ESQUERDA DA DROGARIA DEDICAR / NA PISTA DA AVENIDA RECANTO DAS EMAS.

LOCALIZAÇÃO CORRETA: S15º 54' 09.7"" W48º 03' 41.2""","LATERAL ESQUERDA DA DROGARIA DEDICAR / NA PISTA DA AVENIDA RECANTO DAS EMAS.

LOCALIZAÇÃO CORRETA: S15º 54' 09.7"" W48º 03' 41.2""",-15.902667,-48.061389,true,"Operante","","","26/05/2026 09:57:00","26/05/2026 09:57:00","","100mm",""
"hid_2236","4080","REC00091","4080","RECANTO DAS EMAS","QD. 102 Conj. 04 Casa 03","Esquina casa 03/Pista de acesso á Av. Recanto das Emas.","Esquina casa 03/Pista de acesso á Av. Recanto das Emas.",-15.900472,-48.060417,true,"Operante","FALTA TAMPÃO DE 2.1/2""","","26/05/2026 09:43:00","26/05/2026 09:43:00","","100mm",""
"hid_2237","4081","BSB00857","4081","BRASILIA","SQS 304 BLOCO 'H' BRASÍLIA-DF","LADO ESQUERDO DO BLOCO 'H'","LADO ESQUERDO DO BLOCO 'H'",-15.807056,-47.896278,true,"Operante","","","16/05/2025 11:30:00","16/05/2025 11:30:00","","100mm",""
"hid_2238","4082","BSB00858","4082","BRASILIA","SQN 307 BLOCO ""D""","VIA DE ACESSO W1 - NA LATERAL ESQUERDA DO BLOCO ""D""","VIA DE ACESSO W1 - NA LATERAL ESQUERDA DO BLOCO ""D""",-15.768056,-47.887,true,"Operante","","","02/06/2025 08:00:00","02/06/2025 08:00:00","","100mm",""
"hid_2239","4084","REC00093","4084","RECANTO DAS EMAS","QD. 304 CONJ. 01 CASA 05","EM FRENTE A CASA 05","EM FRENTE A CASA 05",-15.911722,-48.092806,true,"Operante","","","10/06/2026 10:53:00","10/06/2026 10:53:00","","100mm",""
"hid_2240","4085","REC00094","4085","RECANTO DAS EMAS","QD. 304 CONJ. 04 CASA 10","LATERAL DIREITA DA CASA 10","LATERAL DIREITA DA CASA 10",-15.913139,-48.093083,true,"Operante","","","10/06/2026 11:03:00","10/06/2026 11:03:00","","100mm",""
"hid_2241","4086","REC00095","4086","RECANTO DAS EMAS","QD. 304 CONJ. 11 CASA 07","LATERAL ESQUERDA DA CASA 07","LATERAL ESQUERDA DA CASA 07",-15.912778,-48.094972,true,"Operante","","","17/06/2026 09:28:00","17/06/2026 09:28:00","","100mm",""
"hid_2242","4087","REC00096","4087","RECANTO DAS EMAS","QUADRA 305 CONJUNTO 02 LOTE 1C RECANTO DAS EMAS-DF","LATERAL ESQUERDA DA CRECHE SABIÁ DO CAMPO","LATERAL ESQUERDA DA CRECHE SABIÁ DO CAMPO",-15.91425,-48.096028,true,"Operante","TAMPA DE CONCRETO QUEBRADA OU REMOVIDA","","17/06/2026 09:37:00","17/06/2026 09:37:00","","100mm",""
"hid_2243","4088","VIC00001","4088","VICENTE PIRES","SHVP RUA 1 CHACARA 13A CASA 2A RESIDENCIAL FÊNIX VICENTE PIRES-DF","EM FRENTE A CASA 2-A / EM FRENTE AO RESIDENCIAL FÊNIX.

LOCALIZAÇÃO CORRETA: S15º 48' 10.7"" W48º 00'05.8""","EM FRENTE A CASA 2-A / EM FRENTE AO RESIDENCIAL FÊNIX.

LOCALIZAÇÃO CORRETA: S15º 48' 10.7"" W48º 00'05.8""",-15.802917,-48.001528,true,"Operante","","","02/04/2025 10:19:00","02/04/2025 10:19:00","","100mm",""
"hid_2244","4089","VIC00002","4089","VICENTE PIRES","SHVP RUA 1 CHÁCARA 25/4 LOTE 19 VICENTE PIRES-DF","EM FRENTE AO LOTE 19.

LOCALIZAÇÃO CORRETA: S15º 47' 32.0"" W48º 00' 05.7""","EM FRENTE AO LOTE 19.

LOCALIZAÇÃO CORRETA: S15º 47' 32.0"" W48º 00' 05.7""",-15.792222,-48.001611,true,"Operante","","","02/04/2025 09:56:00","02/04/2025 09:56:00","","100mm",""
"hid_2245","4098","VIC00003","4098","VICENTE PIRES","SHVP RUA 1 CHÁCARA 25/27 LOTE 25/26 VICENTE PIRES-DF","EM FRENTE AO LOTE 25/26.

LOCALIZAÇÃO CORRETA: S15º 47' 51.3"" W48º 00' 05.4""","EM FRENTE AO LOTE 25/26.

LOCALIZAÇÃO CORRETA: S15º 47' 51.3"" W48º 00' 05.4""",-15.797556,-48.001528,true,"Operante","REGISTRO DANIFICADO","","02/04/2025 10:07:00","02/04/2025 10:07:00","","100mm",""
"hid_2246","4099","VIC00004","4099","VICENTE PIRES","SHVP RUA 1 CONDOMÍNIO 6 RESIDENCIAL RECANTO VERDE VICENTE PIRES-DF","EM FRENTE AO RESIDENCIAL RECANTO VERDE.


LOCALIZAÇÃO CORRETA: S15º 48' 30.9"" W48º 00' 04.8""","EM FRENTE AO RESIDENCIAL RECANTO VERDE.


LOCALIZAÇÃO CORRETA: S15º 48' 30.9"" W48º 00' 04.8""",-15.808583,-48.001333,true,"Operante","","","02/04/2025 10:23:00","02/04/2025 10:23:00","","100mm",""
"hid_2247","4100","VIC00005","4100","VICENTE PIRES","SHVP RUA 3 CHÁCARA 81 LOTE 1B LOJA 4 - VICENTE PIRES-DF","FRENTE A CHEZ CHARMONIE CLÍNICA DE ESTÉTICA","FRENTE A CHEZ CHARMONIE CLÍNICA DE ESTÉTICA",-15.814889,-48.012111,true,"Operante","","","02/04/2025 11:13:00","02/04/2025 11:13:00","","100mm",""
"hid_2248","4101","VIC00006","4101","VICENTE PIRES","SHVP RUA 1 AO LADO DA PASSARELA DE LIGAÇÃO - VICENTE PIRES-DF","PRÓXIMO A VIA ESTRUTURAL DF 095 AO LADO DA PASSARELA.

LOCALIZAÇÃO CORRETA: S15º 47' 11.4"" W48º 00' 01.5""","PRÓXIMO A VIA ESTRUTURAL DF 095 AO LADO DA PASSARELA.

LOCALIZAÇÃO CORRETA: S15º 47' 11.4"" W48º 00' 01.5""",-15.786472,-48.000444,false,"Inoperante","FALTA FLANGE","","02/04/2025 09:39:00","02/04/2025 09:39:00","","100mm",""
"hid_2249","4104","NBA00029","4104","NUCLEO BANDEIRANTE","AVENIDA CONTORNO BLOCO 965 CASA 12 - NÚCLEO BANDEIRANTE - DF","LATERAL ESQUERDA DA CASA 1.","LATERAL ESQUERDA DA CASA 1.",-15.872917,-47.9685,true,"Operante","","","09/07/2026 13:58:00","09/07/2026 13:58:00","","100mm",""
"hid_2250","4105","NBA00030","4105","NUCLEO BANDEIRANTE","3ª AVENIDA BLOCO 1226A LOJA 1 - NÚCLEO BANDEIRANTE - DF","EM FRENTE A ACQUA BRASILIA PISCINAS.","EM FRENTE A ACQUA BRASILIA PISCINAS.",-15.873222,-47.972306,true,"Operante","","","09/07/2026 10:18:00","09/07/2026 10:18:00","","100mm",""
"hid_2251","4106","BSB00859","4106","BRASILIA","SGAS 703/903","VIA W5 - EM FRENTE AO INSTITUTO HISTORICO GEO DE BSB","VIA W5 - EM FRENTE AO INSTITUTO HISTORICO GEO DE BSB",-15.800694,-47.899111,true,"Operante","","","19/01/2026 15:05:00","19/01/2026 15:05:00","","100mm",""
"hid_2252","4107","BSB00860","4107","BRASILIA","SHCGN 706 BLOCO 'O' CASA 22","NA VIA W4 - EM FRENTE AO BL.'O' CASA 22","NA VIA W4 - EM FRENTE AO BL.'O' CASA 22",-15.771056,-47.891917,true,"Operante","","","22/01/2025 13:00:00","22/01/2025 13:00:00","","100mm",""
"hid_2253","4108","VIC00007","4108","VICENTE PIRES","SHVP RUA 3 CHÁCARA 45 - VICENTE PIRES-DF","EM FRENTE AO RESIDENCIAL PALMARES","EM FRENTE AO RESIDENCIAL PALMARES",-15.804222,-48.011861,true,"Operante","","","02/04/2025 10:40:00","02/04/2025 10:40:00","","100mm",""
"hid_2254","4109","VIC00008","4109","VICENTE PIRES","SHVP RUA 3 CHÁCARA 93 LOTE 7 LOJA 5 - VICENTE PIRES-DF","EM FRENTE AO LOTE 7","EM FRENTE AO LOTE 7",-15.792667,-48.012,true,"Operante","","","02/04/2025 11:03:00","02/04/2025 11:03:00","","100mm",""
"hid_2255","4110","VIC00009","4110","VICENTE PIRES","SHVP RUA 3 CHÁCARA 48 LOTE 3 - VICENTE PIRES-DF","FRENTE AO ARMAZEM DA CERVEJA / LATERAL DIREITA DO CONDOMÍNIO VILLA LOBOS","FRENTE AO ARMAZEM DA CERVEJA / LATERAL DIREITA DO CONDOMÍNIO VILLA LOBOS",-15.808056,-48.011889,true,"Operante","","","02/04/2025 10:36:00","02/04/2025 10:36:00","","100mm",""
"hid_2256","4111","VIC00010","4111","VICENTE PIRES","SHVP RUA 3 CHÁCARA 41 LOTE 13A - VICENTE PIRES-DF","FRENTE AO LOTE 13A","FRENTE AO LOTE 13A",-15.798139,-48.011833,true,"Operante","","","02/04/2025 10:47:00","02/04/2025 10:47:00","","100mm",""
"hid_2257","4112","VIC00011","4112","VICENTE PIRES","SHVP RUA 4 CHÁCARA 19 LOTE 64 - VICENTE PIRES-DF","EM FRENTE A CHACARA 293.

LOCALIZAÇÃO CORRETA: S15º 48' 52.4"" W48º 01' 42.9""","EM FRENTE A CHACARA 293.

LOCALIZAÇÃO CORRETA: S15º 48' 52.4"" W48º 01' 42.9""",-15.814528,-48.028528,true,"Operante","","","25/02/2026 14:29:00","25/02/2026 14:29:00","","100mm",""
"hid_2258","4113","VIC00012","4113","VICENTE PIRES","SHVP RUA 4A CONJUNTO 1 CHÁCARA 111 - VICENTE PIRES-DF","PROXIMO A CHACARA 108","PROXIMO A CHACARA 108",-15.811833,-48.016028,true,"Operante","","","02/04/2025 11:21:00","02/04/2025 11:21:00","","100mm",""
"hid_2259","4114","VIC00013","4114","VICENTE PIRES","SHVP RUA 4C CHÁCARA 5 - VICENTE PIRES-DF","PROXIMO AO CONDOMÍNIO MIRANTE DA LUA.

LOCALIZAÇÃO CORRETA: S15º 49' 03.1"" W48º 01' 26.4""","PROXIMO AO CONDOMÍNIO MIRANTE DA LUA.

LOCALIZAÇÃO CORRETA: S15º 49' 03.1"" W48º 01' 26.4""",-15.817528,-48.024,true,"Operante","","","25/02/2026 14:44:00","25/02/2026 14:44:00","","100mm",""
"hid_2260","4115","VIC00014","4115","VICENTE PIRES","SHVP RUA 5 CHÁCARA 116 LOTE 1B - VICENTE PIRES-DF","FRENTE AO LOTE 1B.

LOCALIZAÇÃO CORRETA: S15º 48' 29.8"" W48º 01' 09.5""","FRENTE AO LOTE 1B.

LOCALIZAÇÃO CORRETA: S15º 48' 29.8"" W48º 01' 09.5""",-15.808278,-48.019361,true,"Operante","","","02/04/2025 11:59:00","02/04/2025 11:59:00","","100mm",""
"hid_2261","4116","VIC00015","4116","VICENTE PIRES","SHVP CHÁCARA 122 MARGINAL DA DF 095 - VICENTE PIRES-DF","FRENTE A CHÁCARA 122 / AO LADO DA IGREJA RENASCER HALL.

LOCALIZAÇÃO CORRETA: S15º 47' 21.8"" W48º 01' 01.7""","FRENTE A CHÁCARA 122 / AO LADO DA IGREJA RENASCER HALL.

LOCALIZAÇÃO CORRETA: S15º 47' 21.8"" W48º 01' 01.7""",-15.789389,-48.017167,true,"Operante","","","02/04/2025 11:47:00","02/04/2025 11:47:00","","100mm",""
"hid_2262","4117","VIC00016","4117","VICENTE PIRES","SHVP RUA 5 CHÁCARA 279 LOTE 1-D - VICENTE PIRES-DF","FRENTE A CHÁCARA 279","FRENTE A CHÁCARA 279",-15.812028,-48.023528,true,"Operante","CAIXA DE REGISTRO CHEIA DE LIXO","","25/02/2026 14:33:00","25/02/2026 14:33:00","","100mm",""
"hid_2263","4118","REC00097","4118","RECANTO DAS EMAS","QD. 305 Conj. 04 Casa 03","Lateral direita da casa 03.","Lateral direita da casa 03.",-15.915306,-48.095167,true,"Operante","TAMPA DA CAIXA LACRADA (CONCRETADA)","","17/06/2026 09:51:00","17/06/2026 09:51:00","","100mm",""
"hid_2264","4119","REC00098","4119","RECANTO DAS EMAS","QUADRA 305 CONJUNTO 6 CASA 12 - RECANTO DAS EMAS-DF","LATERAL DIREITA DA CASA 12.

LOCALIZAÇÃO CORRETA: S15º 55' 00.8"" W48º 05' 44.4""","LATERAL DIREITA DA CASA 12.

LOCALIZAÇÃO CORRETA: S15º 55' 00.8"" W48º 05' 44.4""",-15.916889,-48.095722,true,"Operante","","","17/06/2026 09:53:00","17/06/2026 09:53:00","","100mm",""
"hid_2265","4120","REC00099","4120","RECANTO DAS EMAS","QUADRA 305 CONJUNTO 8B CASA 9 - RECANTO DAS EMAS-DF","EM FRENTE A CASA 9.","EM FRENTE A CASA 9.",-15.915028,-48.097639,true,"Operante","","","17/06/2026 10:11:00","17/06/2026 10:11:00","","100mm",""
"hid_2266","4121","REC00100","4121","RECANTO DAS EMAS","QUADRA 306 CONJUNTO 1 CASA 5 - RECANTO DAS EMAS-DF","EM FRENTE A CASA 5.","EM FRENTE A CASA 5.",-15.916556,-48.097306,true,"Operante","","","17/06/2026 10:17:00","17/06/2026 10:17:00","","100mm",""
"hid_2267","4123","REC00102","4123","RECANTO DAS EMAS","QD. 306 Conj. 09 Casa 01","Em frente a casa 01.","Em frente a casa 01.",-15.917556,-48.098083,true,"Operante","","","17/06/2026 10:28:00","17/06/2026 10:28:00","","100mm",""
"hid_2268","4124","REC00103","4124","RECANTO DAS EMAS","QD. 306 Conj. 12 Casa 01","Lateral esquerda da casa 01.","Lateral esquerda da casa 01.",-15.918667,-48.098056,true,"Operante","","","23/06/2026 10:05:00","23/06/2026 10:05:00","","100mm",""
"hid_2269","4125","REC00104","4125","RECANTO DAS EMAS","QUADRA 307 CONJUNTO 2 CASA 3 RECANTO DAS EMAS-DF","EM FRENTE A CASA 3/ATRAS DO QUARTEL DO CBMDF .

LOCALIZAÇÃO CORRETA: S15º 55' 04.4"" W48º 06' 01.7""","EM FRENTE A CASA 3/ATRAS DO QUARTEL DO CBMDF .

LOCALIZAÇÃO CORRETA: S15º 55' 04.4"" W48º 06' 01.7""",-15.917944,-48.100472,true,"Operante","REGISTRO COM VAZAMENTO","","23/06/2026 09:49:00","23/06/2026 09:49:00","","100mm",""
"hid_2270","4126","REC00105","4126","RECANTO DAS EMAS","QUADRA 307 CONJUNTO 3 CASA 13 RECANTO DAS EMAS-DF","LATERAL DA CASA 13.

LOCALIZAÇÃO CORRETA: S15º 55' 08.2"" W48º 05' 55.9""","LATERAL DA CASA 13.

LOCALIZAÇÃO CORRETA: S15º 55' 08.2"" W48º 05' 55.9""",-15.919028,-48.098833,true,"Operante","","","23/06/2026 10:01:00","23/06/2026 10:01:00","","100mm",""
"hid_2271","4127","REC00106","4127","RECANTO DAS EMAS","QUADRA 307 CONJUNTO 8A CASA 13 - RECANTO DAS EMAS-DF","EM FRENTE A CASA 13. LOCALIZAÇÃO CORRETA: 15º 55' 08.2"" W48º 06' 05.5""","EM FRENTE A CASA 13. LOCALIZAÇÃO CORRETA: 15º 55' 08.2"" W48º 06' 05.5""",-15.919,-48.101472,true,"Operante","TAMPA METÁLICA T19 QUEBRADA OU REMOVIDA","","23/06/2026 09:53:00","23/06/2026 09:53:00","","100mm",""
"hid_2272","4128","REC00107","4128","RECANTO DAS EMAS","QUADRA 307 CONJUNTO 10 CASA 13 - RECANTO DAS EMAS-DF","LATERAL ESQUERDA DA CASA 13. LOCALIZAÇÃO CORRETA: S15º 55' 13.8"" W48º 06' 00.7""","LATERAL ESQUERDA DA CASA 13. LOCALIZAÇÃO CORRETA: S15º 55' 13.8"" W48º 06' 00.7""",-15.9205,-48.100139,true,"Operante","","","23/06/2026 09:56:00","23/06/2026 09:56:00","","100mm",""
"hid_2273","4129","REC00108","4129","RECANTO DAS EMAS","QDUADRA 307 AREA ESPECIAL - CANTEIRO CENTRAL - RECANTO DAS EMAS-DF","EM FRENTE AO DEPOSITO DO CESMA/CBMDF. LOCALIZAÇÃO CORRETA: S15º 55' 00.7"" W48º 06' 01.7""","EM FRENTE AO DEPOSITO DO CESMA/CBMDF. LOCALIZAÇÃO CORRETA: S15º 55' 00.7"" W48º 06' 01.7""",-15.916889,-48.1005,true,"Operante","","","23/06/2026 09:29:00","23/06/2026 09:29:00","","100mm",""
"hid_2274","4130","REC00109","4130","RECANTO DAS EMAS","QUADRA 307 - AREA ESPECIAL - NO ESTACIONAMENTO DO DEPOSITO DO CESMA/CBMDF - RECANTO DAS EMAS-DF","NO ESTACIONAMENTO DO DEPOSITO DO CESMA/CBMDF. LOCALIZAÇÃO CORRETA: S15º 55' 02.2"" W48º 06' 00.4""","NO ESTACIONAMENTO DO DEPOSITO DO CESMA/CBMDF. LOCALIZAÇÃO CORRETA: S15º 55' 02.2"" W48º 06' 00.4""",-15.91725,-48.100167,true,"Operante","FALTA CABEÇOTE DA HASTE DO REGISTRO (LUVA); REGISTRO COM VAZAMENTO","","23/06/2026 09:42:00","23/06/2026 09:42:00","","100mm",""
"hid_2275","4131","REC00110","4131","RECANTO DAS EMAS","QD. 309 Conj. 09 Casa 01","Na Área Verde/Em frente a casa 01.","Na Área Verde/Em frente a casa 01.",-15.924583,-48.104389,true,"Operante","FALTA CABEÇOTE DA HASTE DO REGISTRO (LUVA)","","23/06/2026 10:15:00","23/06/2026 10:15:00","","100mm",""
"hid_2276","4132","REC00111","4132","RECANTO DAS EMAS","QD. 310 Conj. 8 A Casa 22","Em frente a casa 22/Quadra de Futsal Sintético.","Em frente a casa 22/Quadra de Futsal Sintético.",-15.927083,-48.106667,false,"Inoperante","FALTA CABEÇOTE DA HASTE DO REGISTRO (LUVA); REGISTRO EMPERRADO","","23/06/2026 10:22:00","23/06/2026 10:22:00","","100mm",""
"hid_2277","4133","REC00112","4133","RECANTO DAS EMAS","QUADRA 508 CONJUNTO 5 CASA 14 RECANTO DAS EMAS-DF","EM FRENTE A CASA 14 / EM FRENTE A IGREJA PENTECOSTAL MISSÃO DA FÉ / PADARIA VENEZA.

LOCALIZAÇÃO CORRETA: S15º 55' 29.5 W48º 06' 00.9""","EM FRENTE A CASA 14 / EM FRENTE A IGREJA PENTECOSTAL MISSÃO DA FÉ / PADARIA VENEZA.

LOCALIZAÇÃO CORRETA: S15º 55' 29.5 W48º 06' 00.9""",-15.924861,-48.10025,true,"Operante","FALTA CABEÇOTE DA HASTE DO REGISTRO (LUVA)","","23/06/2026 11:25:00","23/06/2026 11:25:00","","100mm",""
"hid_2278","4134","REC00113","4134","RECANTO DAS EMAS","QUADRA 509 CONJUNTO 9 CASA 5 - RECANTO DAS EMAS-DF","EM FRENTE A CASA 5/AREA VERDE/EM FRENTE A ACADEMIA COMUNITARIA AO AR LIVRE.","EM FRENTE A CASA 5/AREA VERDE/EM FRENTE A ACADEMIA COMUNITARIA AO AR LIVRE.",-15.926389,-48.1,true,"Operante","","","23/06/2026 11:15:00","23/06/2026 11:15:00","","100mm",""
"hid_2279","4136","REC00114","4136","RECANTO DAS EMAS","QUADRA 510 CONJUNTO 1 CASA 1 - RECANTO DAS EMAS-DF","EM FRENTE A CASA 1.","EM FRENTE A CASA 1.",-15.929944,-48.105028,true,"Operante","","","23/06/2026 10:44:00","23/06/2026 10:44:00","","100mm",""
"hid_2280","4137","REC00115","4137","RECANTO DAS EMAS","QD. 510 Conj. 13 Lote 15","Em frente ao Lote 15.","Em frente ao Lote 15.",-15.928,-48.102778,true,"Operante","","","23/06/2026 10:52:00","23/06/2026 10:52:00","","100mm",""
"hid_2281","4138","REC00116","4138","RECANTO DAS EMAS","QD. 510 Conj. 19 / Praça","Na Praça/Ponto de Encontro comunitário/Em frente ao antigo C.E.F. 510.","Na Praça/Ponto de Encontro comunitário/Em frente ao antigo C.E.F. 510.",-15.930083,-48.102944,true,"Operante","","","23/06/2026 11:00:00","23/06/2026 11:00:00","","100mm",""
"hid_2282","4139","REC00117","4139","RECANTO DAS EMAS","QUADRA 511 CONJUNTO 1 CASA 12 - RECANTO DAS EMAS-DF","EM FRENTE AO LOTE 12.","EM FRENTE AO LOTE 12.",-15.931972,-48.107972,true,"Operante","","","23/06/2026 10:31:00","23/06/2026 10:31:00","","100mm",""
"hid_2283","4140","REC00118","4140","RECANTO DAS EMAS","QUADRA 511 CONJUNTO 9 CASA 16 - RECANTO DAS EMAS-DF","EM FRENTE AO LOTE 16.","EM FRENTE AO LOTE 16.",-15.932972,-48.106361,true,"Operante","","","23/06/2026 11:00:00","23/06/2026 11:00:00","","100mm",""
"hid_2284","4141","REC00119","4141","RECANTO DAS EMAS","QD. 511 Conj. 12 Casa 13","Na Área Verde/Em frente a casa 13.","Na Área Verde/Em frente a casa 13.",-15.930833,-48.106278,false,"Inoperante","REGISTRO COM VAZAMENTO","","23/06/2026 10:35:00","23/06/2026 10:35:00","","100mm",""
"hid_2285","4151","REC00129","4151","RECANTO DAS EMAS","QD. 405 Conj. 24 Casa 25","Em frente a casa 25/Pista de acesso Av. Ponte Alta","Em frente a casa 25/Pista de acesso Av. Ponte Alta",-15.910389,-48.06625,true,"Operante","","","02/06/2026 09:30:00","02/06/2026 09:30:00","","100mm",""
"hid_2286","4152","REC00130","4152","RECANTO DAS EMAS","QD. 406 Conj. ""D"" Casa 12","Lateral direita da Casa 12/Pista de acesso Av. Ponte Alta","Lateral direita da Casa 12/Pista de acesso Av. Ponte Alta",-15.916,-48.068194,true,"Operante","","","02/06/2026 09:18:00","02/06/2026 09:18:00","","100mm",""
"hid_2287","4153","REC00131","4153","RECANTO DAS EMAS","QD. 406 Conj. ""F"" Casa 14","Lateral direita da casa 14.","Lateral direita da casa 14.",-15.915444,-48.069556,true,"Operante","","","02/06/2026 09:59:00","02/06/2026 09:59:00","","100mm",""
"hid_2288","4154","REC00132","4154","RECANTO DAS EMAS","QD. 406 Conj. ""L"" Lote 14","Em frente ao do Mercado RENDE MAIS.","Em frente ao do Mercado RENDE MAIS.",-15.913972,-48.068111,true,"Operante","","","02/06/2026 09:24:00","02/06/2026 09:24:00","","100mm",""
"hid_2289","4155","REC00133","4155","RECANTO DAS EMAS","QUADRA 406 CONJUNTO""U"" CASA 10 RECANTO DAS EMAS-DF","EM FRENTE A CASA 10 / PISTA DE ACESSO AVENIDA PONTE ALTA","EM FRENTE A CASA 10 / PISTA DE ACESSO AVENIDA PONTE ALTA",-15.913111,-48.070556,false,"Inoperante","REGISTRO SOTERRADO","","02/06/2026 09:57:00","02/06/2026 09:57:00","","100mm",""
"hid_2290","4156","REC00134","4156","RECANTO DAS EMAS","QD. 406 Conj. ""S"" Casa 29","Lateral esuqerda da casa 29/Pista de acesso Av. Ponte Alta","Lateral esuqerda da casa 29/Pista de acesso Av. Ponte Alta",-15.912278,-48.067694,true,"Operante","","","02/06/2026 09:26:00","02/06/2026 09:26:00","","100mm",""
"hid_2291","4157","REC00135","4157","RECANTO DAS EMAS","QUADRA 406 CONJUNTO 21 LOTE 01 RECANTO DAS EMAS-DF","NOS FUNDOS DA CRECHE QUERO QUERO.","NOS FUNDOS DA CRECHE QUERO QUERO.",-15.911889,-48.070833,true,"Operante","","","02/06/2026 09:50:00","02/06/2026 09:50:00","","100mm",""
"hid_2292","4163","LAN00001","4163","LAGO NORTE","SHIN - QI 01 CONJUNTO 10 CASA 01","Lateral da casa 01","Lateral da casa 01",-15.72175,-47.872139,true,"Operante","","","31/12/2025 10:25:00","31/12/2025 10:25:00","","100mm",""
"hid_2293","4164","LAN00002","4164","LAGO NORTE","SHIN QI 01 CONJUNTO 02 CASA 19","FUNDOS DA CASA 19","FUNDOS DA CASA 19",-15.720611,-47.873611,true,"Operante","","","31/12/2025 10:12:00","31/12/2025 10:12:00","","100mm",""
"hid_2294","4167","LAN00004","4167","LAGO NORTE","SHIN QI 02 CONJUNTO 01 CASA 02","LATERAL DA CASA 2","LATERAL DA CASA 2",-15.723778,-47.892972,true,"Operante","","","19/12/2025 12:38:00","19/12/2025 12:38:00","","100mm",""
"hid_2295","4168","LAN00005","4168","LAGO NORTE","SHIN QI 02 CONJUNTO 02 CASA 01","PROXIMO AO BALÃO DE ACESSO ÀS QLs","PROXIMO AO BALÃO DE ACESSO ÀS QLs",-15.726583,-47.890972,true,"Operante","","","02/12/2025 08:00:00","02/12/2025 08:00:00","","100mm",""
"hid_2296","4173","REC00136","4173","RECANTO DAS EMAS","QD. 601 Conj. 03 Casa 14 B","Lateral direita da casa 14 B/Pista de acesso Av. Ponte Alta","Lateral direita da casa 14 B/Pista de acesso Av. Ponte Alta",-15.913472,-48.053028,true,"Operante","","","12/05/2026 10:24:00","12/05/2026 10:24:00","","100mm",""
"hid_2297","4174","REC00137","4174","RECANTO DAS EMAS","QD. 601 Conj. 06 Casa 21 B","Em frente a casa 21 B/Na área verde/Fundos do muro da CAESB","Em frente a casa 21 B/Na área verde/Fundos do muro da CAESB",-15.913528,-48.052361,true,"Operante","","","12/05/2026 10:23:00","12/05/2026 10:23:00","","100mm",""
"hid_2298","4175","REC00138","4175","RECANTO DAS EMAS","QD. 601 Conj. 13 Casa 12 B","Lateral direita da casa 14 B/Pista de acesso Av. Ponte Alta","Lateral direita da casa 14 B/Pista de acesso Av. Ponte Alta",-15.916111,-48.051417,true,"Operante","FALTA CABEÇOTE DA HASTE DO REGISTRO (LUVA)","","12/05/2026 09:57:00","12/05/2026 09:57:00","","100mm",""
"hid_2299","4178","REC00139","4178","RECANTO DAS EMAS","QD 602 Conj. 08 Casa 10","Em frente ao LAVA JATO","Em frente ao LAVA JATO",-15.916167,-48.053306,true,"Operante","","","19/05/2026 09:58:00","19/05/2026 09:58:00","","100mm",""
"hid_2300","4179","REC00140","4179","RECANTO DAS EMAS","QD 602 Conj. 09 Casa 18","Em frente a casa 18","Em frente a casa 18",-15.916889,-48.055222,true,"Operante","","","19/05/2026 10:05:00","19/05/2026 10:05:00","","100mm",""
"hid_2301","4180","REC00141","4180","RECANTO DAS EMAS","QD. 603 Conj. 13 Casa 08","Na Área Verde/ Em frente a casa 08","Na Área Verde/ Em frente a casa 08",-15.918806,-48.056944,true,"Operante","","","19/05/2026 10:09:00","19/05/2026 10:09:00","","100mm",""
"hid_2302","4181","REC00142","4181","RECANTO DAS EMAS","QD. 604 Conj. 01 Casa 10","Em frente a casa 10/Pista de acesso Av. Ponte Alta","Em frente a casa 10/Pista de acesso Av. Ponte Alta",-15.915222,-48.060972,true,"Operante","","","19/05/2026 10:24:00","19/05/2026 10:24:00","","100mm",""
"hid_2303","4182","REC00143","4182","RECANTO DAS EMAS","QUADRA 604 CONJUNTO 03 CASA 13","EM FRENTE A CASA 13/EM FRENTE AO GOOD AÇAÍ/PISTA DE ACESSO A AVENIDA PONTE ALTA.","EM FRENTE A CASA 13/EM FRENTE AO GOOD AÇAÍ/PISTA DE ACESSO A AVENIDA PONTE ALTA.",-15.916083,-48.062472,true,"Operante","","","19/05/2026 10:22:00","19/05/2026 10:22:00","","100mm",""
"hid_2304","4183","REC00144","4183","RECANTO DAS EMAS","QD. 604 Conj. 16 Casa 03","Na Área verde/Lateral direita da casa 03/Pista de acesso Av. Monjolo","Na Área verde/Lateral direita da casa 03/Pista de acesso Av. Monjolo",-15.918139,-48.060528,true,"Operante","","","19/05/2026 10:13:00","19/05/2026 10:13:00","","100mm",""
"hid_2305","4184","REC00145","4184","RECANTO DAS EMAS","QUADRA 604 CONJUNTO 21 CASA 1 - RECANTO DAS EMAS-DF","LATERAL DIREITA DA CASA 1/PISTA DE ACESSO AVENIDA MONJOLO.","LATERAL DIREITA DA CASA 1/PISTA DE ACESSO AVENIDA MONJOLO.",-15.9195,-48.059222,true,"Operante","","","19/05/2026 10:10:00","19/05/2026 10:10:00","","100mm",""
"hid_2306","4185","REC00146","4185","RECANTO DAS EMAS","QUADRA 605 CONJUNTO 2 CASA1 - RECANTO DAS EMAS-DF","LATERAL ESQUERDA DA CASA 1 / PISTA DE ACESSO A AVENIDA MONJOLO.

LOCALIZAÇÃO CORRETA: S15º55'02.6""W48º03'46.3""","LATERAL ESQUERDA DA CASA 1 / PISTA DE ACESSO A AVENIDA MONJOLO.

LOCALIZAÇÃO CORRETA: S15º55'02.6""W48º03'46.3""",-15.917361,-48.062944,true,"Operante","","","19/05/2026 10:15:00","19/05/2026 10:15:00","","100mm",""
"hid_2307","4186","REC00147","4186","RECANTO DAS EMAS","QUADRA 605 CONJUNTO 10 CASA 3 - RECANTO DAS EMAS-DF","EM FRENTE A CASA 10 / ACESSO A AVENIDA MONJOLO.","EM FRENTE A CASA 10 / ACESSO A AVENIDA MONJOLO.",-15.920389,-48.062083,true,"Operante","","","02/06/2026 10:21:00","02/06/2026 10:21:00","","100mm",""
"hid_2308","4187","REC00148","4187","RECANTO DAS EMAS","QD. 605 Conj. 18 Casa 11","Lateral direita da cada 11/Pista de acesso Av. Ponte Alta","Lateral direita da cada 11/Pista de acesso Av. Ponte Alta",-15.916222,-48.064889,true,"Operante","","","19/05/2026 10:20:00","19/05/2026 10:20:00","","100mm",""
"hid_2309","4188","REC00149","4188","RECANTO DAS EMAS","QD. 605 Conj. 24 Casa 01","Lateral esquerda da casa 01/Pista de acesso Av. Ponte Alta","Lateral esquerda da casa 01/Pista de acesso Av. Ponte Alta",-15.917722,-48.065861,true,"Operante","","","19/05/2026 10:18:00","19/05/2026 10:18:00","","100mm",""
"hid_2310","4189","REC00150","4189","RECANTO DAS EMAS","QD. 601 Conj. 14 Casa 11","Na Área Verde/Em frente a casa 11","Na Área Verde/Em frente a casa 11",-15.917472,-48.052444,true,"Operante","","","19/05/2026 09:55:00","19/05/2026 09:55:00","","100mm",""
"hid_2311","4190","REC00151","4190","RECANTO DAS EMAS","QD 602 Conj. 02 Casa 08","Lateral esquerda da casa 08","Lateral esquerda da casa 08",-15.914861,-48.054583,true,"Operante","","","19/05/2026 10:00:00","19/05/2026 10:00:00","","100mm",""
"hid_2312","4191","REC00152","4191","RECANTO DAS EMAS","QD. 801 Conj. 06 Casa 11","Lateral esquerda da casa 11/Pista de acesso Av. Ponte Alta","Lateral esquerda da casa 11/Pista de acesso Av. Ponte Alta",-15.918139,-48.051667,true,"Operante","","","19/05/2026 09:53:00","19/05/2026 09:53:00","","100mm",""
"hid_2313","4193","REC00153","4193","RECANTO DAS EMAS","QD. 801 Conj. 20 Casa 01","Em frente ao Sacolão e Lanche MOURA/Pista de acesso Av. Monjolo","Em frente ao Sacolão e Lanche MOURA/Pista de acesso Av. Monjolo",-15.920528,-48.052028,true,"Operante","","","19/05/2026 09:34:00","19/05/2026 09:34:00","","100mm",""
"hid_2314","4194","REC00154","4194","RECANTO DAS EMAS","QD. 802 Conj. 11 Casa 02","Em frente a casa 02/Pista de acesso Av. Monjolo","Em frente a casa 02/Pista de acesso Av. Monjolo",-15.922056,-48.050389,true,"Operante","","","19/05/2026 09:49:00","19/05/2026 09:49:00","","100mm",""
"hid_2315","4196","REC00155","4196","RECANTO DAS EMAS","QUADRA 803 CONJUNTO 5 CASA 22 - RECANTO DAS EMAS-DF","LATERAL DIREITA DA CASA 22/ PISTA DE ACESSO A AVENIDA MONJOLO.","LATERAL DIREITA DA CASA 22/ PISTA DE ACESSO A AVENIDA MONJOLO.",-15.922028,-48.055222,true,"Operante","","","19/05/2026 09:36:00","19/05/2026 09:36:00","","100mm",""
"hid_2316","4197","REC00156","4197","RECANTO DAS EMAS","QD. 803 Conj. 19 Casa 04","Em frente a casa 04/Pista de acesso Av. Monjolo","Em frente a casa 04/Pista de acesso Av. Monjolo",-15.923944,-48.0545,true,"Operante","","","19/05/2026 09:39:00","19/05/2026 09:39:00","","100mm",""
"hid_2317","4198","REC00157","4198","RECANTO DAS EMAS","QD. 803 Conj. 21 Casa 01","Lateral esquerda da casa 01/Pista de acesso Av. Monjolo","Lateral esquerda da casa 01/Pista de acesso Av. Monjolo",-15.923861,-48.051972,true,"Operante","","","19/05/2026 09:42:00","19/05/2026 09:42:00","","100mm",""
"hid_2318","4199","REC00158","4199","RECANTO DAS EMAS","QD. 804 Conj. 12 Casa 09","Na Área Verde - Pracinha/Em frente a casa 09/Pista de acesso Av. Monjolo","Na Área Verde - Pracinha/Em frente a casa 09/Pista de acesso Av. Monjolo",-15.92125,-48.058222,true,"Operante","","","02/06/2026 10:24:00","02/06/2026 10:24:00","","100mm",""
"hid_2319","4203","REC00160","4203","RECANTO DAS EMAS","ADE QUADRA 200 CONJUNTO 4 LOTE 13 - RECANTO DAS EMAS-DF","EM FRENTE AO LOTE 13 / VIA DE ACESSO A DF-001","EM FRENTE AO LOTE 13 / VIA DE ACESSO A DF-001",-15.903667,-48.054972,false,"Inoperante","REGISTRO EMPERRADO","","27/05/2026 10:15:00","27/05/2026 10:15:00","","100mm",""
"hid_2320","4204","REC00161","4204","RECANTO DAS EMAS","ADE QUADRA 200 CONJUNTO 5 LOTE 41 - RECANTO DAS EMAS-DF","EM FRENTE AO RUBÃO DA CONSTRUÇÃO / PISTA DE ACESSO A DF-001.","EM FRENTE AO RUBÃO DA CONSTRUÇÃO / PISTA DE ACESSO A DF-001.",-15.904167,-48.054111,false,"Inoperante","TAMPA DA CAIXA LACRADA (CONCRETADA)","","12/05/2026 09:26:00","12/05/2026 09:26:00","","100mm",""
"hid_2321","4205","REC00162","4205","RECANTO DAS EMAS","ADE QUADRA 400 CONJUNTO 1 LOTE 32 LOJA 2 - RECANTO DAS EMAS-DF","EM FRENTE A LOJA 2 / LATERAL DIREITA DA PRIMA ATACADÃO DA CONSTRUÇÃO / VIA DE ACESSO DF-001.","EM FRENTE A LOJA 2 / LATERAL DIREITA DA PRIMA ATACADÃO DA CONSTRUÇÃO / VIA DE ACESSO DF-001.",-15.906111,-48.0535,true,"Operante","","","12/05/2026 09:30:00","12/05/2026 09:30:00","","100mm",""
"hid_2322","4206","REC00163","4206","RECANTO DAS EMAS","ADE QUADRA 400 CONJUNTO 4 LOTE 28 - RECANTO DAS EMAS-DF","EM FRENTE C & L PAPELARIA E COSMETICOS-CONVENIENCIA BRB /AGROPECUARIA AGROMINAS /PISTA DE ACESSO A DF-001.","EM FRENTE C & L PAPELARIA E COSMETICOS-CONVENIENCIA BRB /AGROPECUARIA AGROMINAS /PISTA DE ACESSO A DF-001.",-15.908028,-48.052861,true,"Operante","FALTA CABEÇOTE DA HASTE DO REGISTRO (LUVA)","","12/05/2026 09:39:00","12/05/2026 09:39:00","","100mm",""
"hid_2323","4208","REC00164","4208","RECANTO DAS EMAS","QD. 402 Conj. 03 Lote 15","Em frente ao Lote 15/Pista de acesso Av. Ponte Alta","Em frente ao Lote 15/Pista de acesso Av. Ponte Alta",-15.911111,-48.053139,true,"Operante","","","12/05/2026 11:03:00","12/05/2026 11:03:00","","100mm",""
"hid_2324","4209","REC00165","4209","RECANTO DAS EMAS","QD. 402 Conj. 04 Lote 14","Em frente ao Lote 14/Pista de acesso Av. Ponte Alta","Em frente ao Lote 14/Pista de acesso Av. Ponte Alta",-15.910972,-48.054667,true,"Operante","","","12/05/2026 10:51:00","12/05/2026 10:51:00","","100mm",""
"hid_2325","4210","REC00166","4210","RECANTO DAS EMAS","QUADRA 402 CONJUNTO 5 LOTE 2 - RECANTO DAS EMAS-DF","EM FRENTE AO LOTE 2 / PISTA DE ACESSO A AVENIDA PONTE ALTA / LADO DIREITO DA SERRALHERIA AO LADO DA GRADE.","EM FRENTE AO LOTE 2 / PISTA DE ACESSO A AVENIDA PONTE ALTA / LADO DIREITO DA SERRALHERIA AO LADO DA GRADE.",-15.911694,-48.053417,true,"Operante","","","19/05/2026 10:02:00","19/05/2026 10:02:00","","100mm",""
"hid_2326","4211","REC00167","4211","RECANTO DAS EMAS","ADE QUADRA 600 CONJUNTO 1 LOTE 1 - RECANTO DAS EMAS-DF","EM FRENTE AO LOTE 1 / ENTRE O SHOW DE BEBIDAS-ATACADO E VAREJO E O POSTO IPIRANGA / VIA DE ACESSO A DF-001.

 
LOCALIZAÇÃO CORRETA: S15º 54' 43.1"" W48º 03' 05.8""","EM FRENTE AO LOTE 1 / ENTRE O SHOW DE BEBIDAS-ATACADO E VAREJO E O POSTO IPIRANGA / VIA DE ACESSO A DF-001.

 
LOCALIZAÇÃO CORRETA: S15º 54' 43.1"" W48º 03' 05.8""",-15.911889,-48.051639,true,"Operante","","","12/05/2026 09:40:00","12/05/2026 09:40:00","","100mm",""
"hid_2327","4212","REC00168","4212","RECANTO DAS EMAS","ADE QUADRA 600 CONJUNTO 01 LOTE 06 RECANTO DAS EMAS-DF","EM FRENTE A CLIMATICA ENGENHARIA/PISTA DE ACESSO A DF-001


LOCALIZAÇÃO CORRETA: S15º 54' 45.0"" W48º 03' 07.1""","EM FRENTE A CLIMATICA ENGENHARIA/PISTA DE ACESSO A DF-001


LOCALIZAÇÃO CORRETA: S15º 54' 45.0"" W48º 03' 07.1""",-15.9125,-48.052111,true,"Operante","","","12/05/2026 10:47:00","12/05/2026 10:47:00","","100mm",""
"hid_2328","4213","REC00169","4213","RECANTO DAS EMAS","ADE QUADRA 600 CONJUNTO 2 LOTE 36 - RECANTO DAS EMAS-DF","NA AREA VERDE/EM FRENTE AO LOTE 36 / PISTA ACESSO AVENIDA PONTE ALTA.","NA AREA VERDE/EM FRENTE AO LOTE 36 / PISTA ACESSO AVENIDA PONTE ALTA.",-15.912167,-48.053111,true,"Operante","","","12/05/2026 10:43:00","12/05/2026 10:43:00","","100mm",""
"hid_2329","4214","REC00170","4214","RECANTO DAS EMAS","QD. 600 Conj. 03 Lote 18","Lateral esquerda da casa 18/Pista de acesso Av. Ponte Alta","Lateral esquerda da casa 18/Pista de acesso Av. Ponte Alta",-15.912917,-48.053306,true,"Operante","","","12/05/2026 10:30:00","12/05/2026 10:30:00","","100mm",""
"hid_2330","4215","REC00171","4215","RECANTO DAS EMAS","ADE QUADRA 600 CONJUNTO 5 LOTE 44 - RECANTO DAS EMAS-DF","EM FRENTE AO LOTE 44 / PISTA DE ACESSO DF001.


LOCALIZAÇÃO CORRETA: S15º 54' 50.1"" W48º 03' 03.1""","EM FRENTE AO LOTE 44 / PISTA DE ACESSO DF001.


LOCALIZAÇÃO CORRETA: S15º 54' 50.1"" W48º 03' 03.1""",-15.914139,-48.050889,true,"Operante","FALTA CABEÇOTE DA HASTE DO REGISTRO (LUVA)","","12/05/2026 09:56:00","12/05/2026 09:56:00","","100mm",""
"hid_2331","4216","REC00172","4216","RECANTO DAS EMAS","ADE QUADRA 600 CONJUNTO 5 CASA 51 - RECANTO DAS EMAS-DF","EM FRENTE A CASA 51 / PISTA DE ACESSO A DF-001","EM FRENTE A CASA 51 / PISTA DE ACESSO A DF-001",-15.914444,-48.051806,true,"Operante","FALTA CABEÇOTE DA HASTE DO REGISTRO (LUVA)","","12/05/2026 10:15:00","12/05/2026 10:15:00","","100mm",""
"hid_2332","4217","REC00173","4217","RECANTO DAS EMAS","ADE QUADRA 402 CONJUNTO 1 LOTE 26 RECANTO DAS EMAS-DF","EM FRENTE AO LOTE 26-HULK REBOQUES/HINODE CENTER/PISTA DE ACESSO A DF-001.

LOCALIZAÇÃO CORRETA: S15º 54' 36.8"" W48º 03' 07.9""","EM FRENTE AO LOTE 26-HULK REBOQUES/HINODE CENTER/PISTA DE ACESSO A DF-001.

LOCALIZAÇÃO CORRETA: S15º 54' 36.8"" W48º 03' 07.9""",-15.910167,-48.052194,true,"Operante","","","12/05/2026 09:36:00","12/05/2026 09:36:00","","100mm",""
"hid_2333","4218","BSB00861","4218","BRASILIA","SCLRN 707 BLOCO D LOJA 17","NA VIA W3 EM FRENTE A PIZZARIA PRIMO PIATO","NA VIA W3 EM FRENTE A PIZZARIA PRIMO PIATO",-15.767556,-47.889944,true,"Operante","","","13/01/2025 10:12:00","13/01/2025 10:12:00","","100mm",""
"hid_2334","4219","REC00174","4219","RECANTO DAS EMAS","QD 802 CONJ. 16 CASA 09","Em frente a casa 09/Próx. ao portão da Escola Classe 802/Pista de acesso Av. Monjolo","Em frente a casa 09/Próx. ao portão da Escola Classe 802/Pista de acesso Av. Monjolo",-15.923222,-48.050889,true,"Operante","","","19/05/2026 09:46:00","19/05/2026 09:46:00","","100mm",""
"hid_2335","4220","PAW00009","4220","PARK WAY","SMPW QUADRA 14 CONJUNTO 5 LOTE 9 - PARK WAY-DF","EM FRENTE AO LOTE 5/ NA ÁREA VERDE","EM FRENTE AO LOTE 5/ NA ÁREA VERDE",-15.893778,-47.949806,true,"Operante","","","24/06/2026 09:41:00","24/06/2026 09:41:00","","100mm",""
"hid_2336","4221","PAW00010","4221","PARK WAY","SMPW QUADRA 18 CONJUNTO 2 LOTE 1 - PARK WAY-DF","PRÓXIMO AO BALÃO DE ACESSO NA ENTRADA DA QUADRA 18 / NA ÁREA VERDE","PRÓXIMO AO BALÃO DE ACESSO NA ENTRADA DA QUADRA 18 / NA ÁREA VERDE",-15.897,-47.937778,true,"Operante","","","24/06/2026 09:22:00","24/06/2026 09:22:00","","100mm",""
"hid_2337","4222","PAW00011","4222","PARK WAY","SMPW QUADRA 20 CONJUNTO 2 LOTE 1 - PARK WAY-DF","PRÓXIMO AO BALÃO DE ACESSO NA ENTRADA DA QUADRA 20 / NA ÁREA VERDE","PRÓXIMO AO BALÃO DE ACESSO NA ENTRADA DA QUADRA 20 / NA ÁREA VERDE",-15.898194,-47.931889,true,"Operante","","","24/06/2026 09:30:00","24/06/2026 09:30:00","","100mm",""
"hid_2338","4223","PAW00012","4223","PARK WAY","SMPW QUADRA 22 CONUNTO 1 LOTE 1 - PARK WAY-DF","PRÓXIMO AO BALÃO DE ACESSO DA ENTRADA DA QUADRA 22 / NA ÁREA VERDE","PRÓXIMO AO BALÃO DE ACESSO DA ENTRADA DA QUADRA 22 / NA ÁREA VERDE",-15.899222,-47.926833,true,"Operante","","","24/06/2026 09:33:00","24/06/2026 09:33:00","","100mm",""
"hid_2339","4224","VIC00017","4224","VICENTE PIRES","SHVP RUA 6 CHÁCARA 237 - VICENTE PIRES-DF","LATERAL DA CHÁCARAS 237 / RESIDENCIAL BELÉM-CHACARA 275","LATERAL DA CHÁCARAS 237 / RESIDENCIAL BELÉM-CHACARA 275",-15.808778,-48.025,true,"Operante","","","02/04/2025 20:31:00","02/04/2025 20:31:00","","100mm",""
"hid_2340","4225","VIC00018","4225","VICENTE PIRES","SHVP RUA 6 CHÁCARA 243/244 - VICENTE PIRES-DF","PRÓXIMO A GUARITA DA CHÁCARA 244 / RESIDENCIAL AQUARELA","PRÓXIMO A GUARITA DA CHÁCARA 244 / RESIDENCIAL AQUARELA",-15.80875,-48.030972,true,"Operante","","","02/04/2025 20:30:00","02/04/2025 20:30:00","","100mm",""
"hid_2341","4226","VIC00019","4226","VICENTE PIRES","SHVP RUA 6 CHÁCARA 250 LOTE 6 - VICENTE PIRES-DF","FRENTE A CHÁCARA 250 / LATERAL DO RESIDENCIAL FÊNIX","FRENTE A CHÁCARA 250 / LATERAL DO RESIDENCIAL FÊNIX",-15.808722,-48.037222,true,"Operante","","","02/04/2025 20:30:00","02/04/2025 20:30:00","","100mm",""
"hid_2342","4227","VIC00020","4227","VICENTE PIRES","SHVP RUA 6 CHÁCARA 255 LOTE 1 - VICENTE PIRES-DF","FRENTE AO INSTITUTO DE EDUCAÇÃO SAGARANA","FRENTE AO INSTITUTO DE EDUCAÇÃO SAGARANA",-15.808861,-48.041806,true,"Operante","","","04/03/2026 17:36:00","04/03/2026 17:36:00","","100mm",""
"hid_2343","4228","VIC00021","4228","VICENTE PIRES","SHVP RUA 7 CHÁCARA 207 - VICENTE PIRES-DF","FRENTE A CHÁCARA 327","FRENTE A CHÁCARA 327",-15.798806,-48.042583,true,"Operante","","","02/04/2025 20:31:00","02/04/2025 20:31:00","","100mm",""
"hid_2344","4229","VIC00022","4229","VICENTE PIRES","SHVP RUA 8 CHÁCARA 104 - VICENTE PIRES-DF","LATERAL DA CHACARA 104","LATERAL DA CHACARA 104",-15.803306,-48.014389,true,"Operante","","","02/04/2025 20:31:00","02/04/2025 20:31:00","","100mm",""
"hid_2345","4230","VIC00023","4230","VICENTE PIRES","RUA 08 CHÁCARA 185 RESIDENCIAL FÉNIX","EM FRENTE AO RESIDENCIAL FÉNIX","EM FRENTE AO RESIDENCIAL FÉNIX",-15.803167,-48.022861,true,"Operante","","","02/04/2025 20:34:00","02/04/2025 20:34:00","","100mm",""
"hid_2346","4231","VIC00024","4231","VICENTE PIRES","RUA 08 CHÁCARA 209","FRENTE A CHÁCARA 209","FRENTE A CHÁCARA 209",-15.803222,-48.040167,true,"Operante","CAIXA DE REGISTRO QUEBRADA; HIDRANTE SOTERRADO","","02/04/2025 20:33:00","02/04/2025 20:33:00","","100mm",""
"hid_2347","4232","VIC00025","4232","VICENTE PIRES","RUA 08 CHÁCARA 216","PROX. AO DEPOSITO DE GÁS","PROX. AO DEPOSITO DE GÁS",-15.803222,-48.033972,true,"Operante","","","04/03/2026 17:07:00","04/03/2026 17:07:00","","100mm",""
"hid_2348","4233","VIC00026","4233","VICENTE PIRES","RUA 08 CHÁCARA 221 LOTE 01/03","FRENTE CH. 221","FRENTE CH. 221",-15.803222,-48.028528,true,"Operante","","","04/03/2026 17:03:00","04/03/2026 17:03:00","","100mm",""
"hid_2349","4234","VIC00027","4234","VICENTE PIRES","RUA 8 CHÁCARA 294A LOTE 2 - VICENTE PIRES-DF","PROXIMO AO COMÉRCIO LOCAL","PROXIMO AO COMÉRCIO LOCAL",-15.803028,-48.045083,false,"Inoperante","TAMPA DA CAIXA LACRADA (CONCRETADA)","","04/03/2026 17:17:00","04/03/2026 17:17:00","","100mm",""
"hid_2350","4235","VIC00028","4235","VICENTE PIRES","RUA 10 CHÁCARA 136","FRENTE A CHÁCARA 136","FRENTE A CHÁCARA 136",-15.7975,-48.023889,true,"Operante","FALTA CABEÇOTE DA HASTE DO REGISTRO (LUVA)","","04/03/2026 16:41:00","04/03/2026 16:41:00","","100mm",""
"hid_2351","4236","VIC00029","4236","VICENTE PIRES","RUA 10 CHÁCARA 157","A ESQUERDA DA OFICINA MECÂNICA","A ESQUERDA DA OFICINA MECÂNICA",-15.797528,-48.039778,true,"Operante","","","04/03/2026 16:26:00","04/03/2026 16:26:00","","100mm",""
"hid_2352","4237","VIC00030","4237","VICENTE PIRES","RUA 10 CHÁCARA 162 LOTE 01","FRENTE LOTE 01","FRENTE LOTE 01",-15.797583,-48.035306,true,"Operante","","","04/03/2026 16:29:00","04/03/2026 16:29:00","","100mm",""
"hid_2353","4238","VIC00031","4238","VICENTE PIRES","RUA 10 CHÁCARA 169","RESIDENCIAL PORTO NOBRE","RESIDENCIAL PORTO NOBRE",-15.797639,-48.029361,true,"Operante","","","04/03/2026 16:34:00","04/03/2026 16:34:00","","100mm",""
"hid_2354","4240","VIC00033","4240","VICENTE PIRES","RUA 10B CHÁCARA 134 BLOCO B","EM FRENTE A VIA ESTRUTURAL DF 095","EM FRENTE A VIA ESTRUTURAL DF 095",-15.790528,-48.022194,true,"Operante","","","04/03/2026 15:55:00","04/03/2026 15:55:00","","100mm",""
"hid_2355","4242","BSB00863","4242","BRASILIA","SES QD 807 EMBAIXADA DA ALEMANHA","NA VIA L3 - LATERAL DIREITA DA EMBAIXADA DA ALEMANHA","NA VIA L3 - LATERAL DIREITA DA EMBAIXADA DA ALEMANHA",-15.821044,-47.885789,true,"Operante","","","24/12/2024 10:58:00","24/12/2024 10:58:00","","100mm",""
"hid_2356","4245","BSB00866","4245","BRASILIA","SES QD 813 EMBAIXADA DA CHINA","NA L4/L3 - EM FRENTE À EMBAIXADA DA CHINA","NA L4/L3 - EM FRENTE À EMBAIXADA DA CHINA",-15.838011,-47.905811,true,"Operante","","","25/01/2026 22:07:00","25/01/2026 22:07:00","","100mm",""
"hid_2357","4246","SCI00001","4246","SCIA (SETOR COMPLEMENTAR DE INDUSTRIA E ABASTAMENTO) E ESTRUTURAL","SCIA QUADRA 14 CONJUNTO 08 LOTE 04 (CIDADE DO AUTOMÓVEL)","EM FRENTE AO GRUPO MOVIMINAS","EM FRENTE AO GRUPO MOVIMINAS",-15.789861,-47.972806,true,"Operante","","","20/10/2025 08:00:00","20/10/2025 08:00:00","","100mm",""
"hid_2358","4247","SCI00002","4247","SCIA (SETOR COMPLEMENTAR DE INDUSTRIA E ABASTAMENTO) E ESTRUTURAL","SCIA QUADRA 14/12 CONJUNTO 1/2 (CIDADE DO AUTOMÓVEL)","PRÓXIMO A FÁBRICA SOCIAL 2 E A ENGEMAXI ENGENHARIA","PRÓXIMO A FÁBRICA SOCIAL 2 E A ENGEMAXI ENGENHARIA",-15.785806,-47.97625,false,"Inoperante","CAIXA DE REGISTRO CHEIA DE LIXO; CAIXA DE REGISTRO QUEBRADA","","20/10/2025 09:00:00","20/10/2025 09:00:00","","100mm",""
"hid_2359","4251","SCI00005","4251","SCIA (SETOR COMPLEMENTAR DE INDUSTRIA E ABASTAMENTO) E ESTRUTURAL","SCIA SUL QUADRA 10 CONJUNTO 01 (CIDADE DO AUTOMÓVEL)","EM FRENTE A USATEC BSB - (CANTEIRO CENTRAL)","EM FRENTE A USATEC BSB - (CANTEIRO CENTRAL)",-15.785611,-47.988333,true,"Operante","","","21/10/2025 09:02:00","21/10/2025 09:02:00","","100mm",""
"hid_2360","4253","SCI00007","4253","SCIA (SETOR COMPLEMENTAR DE INDUSTRIA E ABASTAMENTO) E ESTRUTURAL","SCIA SUL QUADRA 10 CONJUNTO 02 (MARGINAL DA VIA ESTRUTURAL)","ENTRADA DO POSTO BR","ENTRADA DO POSTO BR",-15.787778,-47.985667,true,"Operante","","","21/10/2025 08:00:00","21/10/2025 08:00:00","","100mm",""
"hid_2361","4255","SCI00008","4255","SCIA (SETOR COMPLEMENTAR DE INDUSTRIA E ABASTAMENTO) E ESTRUTURAL","SCIA QUADRA 1 CONJUNTO 1 LOTE 4 - SETOR NORTE - CIDADE ESTRUTURAL-DF","PRÓXIMO A PANIFICADORA LOS MANOS E AO MERCADO VENDE MAIS.


LOCALIZAÇÃO CORRETA: S15º 46' 50.8"" W48º 00' 00.7""","PRÓXIMO A PANIFICADORA LOS MANOS E AO MERCADO VENDE MAIS.


LOCALIZAÇÃO CORRETA: S15º 46' 50.8"" W48º 00' 00.7""",-15.780528,-48.000083,true,"Operante","TAMPA METÁLICA T19 QUEBRADA OU REMOVIDA","","21/10/2025 09:27:00","21/10/2025 09:27:00","","100mm",""
"hid_2362","4256","SCI00009","4256","SCIA (SETOR COMPLEMENTAR DE INDUSTRIA E ABASTAMENTO) E ESTRUTURAL","SCIA QUADRA 5 CONJUNTO 5 - SETOR NORTE - CIDADE ESTRUTURAL-DF","PRÓXIMO AO BAR E LANCHONETE ÁGUIA BRANCA","PRÓXIMO AO BAR E LANCHONETE ÁGUIA BRANCA",-15.779472,-47.999083,true,"Operante","","","21/10/2025 12:30:00","21/10/2025 12:30:00","","100mm",""
"hid_2363","4258","SCI00011","4258","SCIA (SETOR COMPLEMENTAR DE INDUSTRIA E ABASTAMENTO) E ESTRUTURAL","SCIA QUADRA 1 CONJUNTO 2 IGREJA CONGREGAÇÃO CRISTÃ NO BRASIL - SETOR DE OFICINAS LESTE - CIDADE ESTRUTURAL-DF","EM FRENTE A IGREJA EVANGELICA CONGREGAÇÃO CRISTÃ NO BRASIL.","EM FRENTE A IGREJA EVANGELICA CONGREGAÇÃO CRISTÃ NO BRASIL.",-15.780667,-47.987833,true,"Operante","","","20/10/2025 10:30:00","20/10/2025 10:30:00","","100mm",""
"hid_2364","4259","SCI00012","4259","SCIA (SETOR COMPLEMENTAR DE INDUSTRIA E ABASTAMENTO) E ESTRUTURAL","SCIA QUADRA 2 RODOVIA-DF 87 EPVL - PAROQUIA NOSSA SENHORA DO ENCONTRO COM DEUS - CIDADE ESTRUTURAL-DF","EM FRENTE A PARÓQUIA NOSSA SENHORA DO ENCONTRO COM DEUS/ ESCOLA CLASSE 2.","EM FRENTE A PARÓQUIA NOSSA SENHORA DO ENCONTRO COM DEUS/ ESCOLA CLASSE 2.",-15.783361,-47.998111,true,"Operante","","","21/10/2025 12:00:00","21/10/2025 12:00:00","","100mm",""
"hid_2365","4260","SCI00013","4260","SCIA (SETOR COMPLEMENTAR DE INDUSTRIA E ABASTAMENTO) E ESTRUTURAL","SCIA QUADRA 4 CONJUNTO 2 - SETOR LESTE - CIDADE ESTRUTURAL-DF","PRÓXIMO A DISTRIBUIDORA RAPASO","PRÓXIMO A DISTRIBUIDORA RAPASO",-15.783194,-47.991028,true,"Operante","","","21/10/2025 09:10:00","21/10/2025 09:10:00","","100mm",""
"hid_2366","4261","SCI00014","4261","SCIA (SETOR COMPLEMENTAR DE INDUSTRIA E ABASTAMENTO) E ESTRUTURAL","SCIA QUADRA 1 CONJUNTO 10 LOJA 2 - SETOR LESTE - CIDADE ESTRUTURAL-DF","EM FRENTE O HORTIFRUTI PARAÍBA.","EM FRENTE O HORTIFRUTI PARAÍBA.",-15.782972,-47.992806,true,"Operante","","","21/10/2025 09:14:00","21/10/2025 09:14:00","","100mm",""
"hid_2367","4262","SCI00015","4262","SCIA (SETOR COMPLEMENTAR DE INDUSTRIA E ABASTAMENTO) E ESTRUTURAL","SCIA QUADRA 1 CONJUNTO 5 LOTE 2 - SETOR LESTE - CIDADE ESTRUTURAL-DF","EM FRENTE A DROGARIA POPULAR.

LOCALIZAÇÃO CORRETA: S15º 46' 57.5"" W47º 59' 41.7""","EM FRENTE A DROGARIA POPULAR.

LOCALIZAÇÃO CORRETA: S15º 46' 57.5"" W47º 59' 41.7""",-15.782778,-47.994556,true,"Operante","","","21/10/2025 09:30:00","21/10/2025 09:30:00","","100mm",""
"hid_2368","4263","SCI00016","4263","SCIA (SETOR COMPLEMENTAR DE INDUSTRIA E ABASTAMENTO) E ESTRUTURAL","SCIA QUADRA 2 CONJUNTO 1 LOJA 1 - SETOR LESTE - CIDADE ESTRUTURAL-DF","EM FRENTE A DROGARIA ESTRUTURAL.

LOCALIZAÇÃO CORRETA: S15º 46' 57.1"" W47º 59' 45.7""","EM FRENTE A DROGARIA ESTRUTURAL.

LOCALIZAÇÃO CORRETA: S15º 46' 57.1"" W47º 59' 45.7""",-15.782667,-47.995417,true,"Operante","","","21/10/2025 10:30:00","21/10/2025 10:30:00","","100mm",""
"hid_2369","4266","VIC00036","4266","VICENTE PIRES","RUA 12 CHÁCARA 149 LOTE 05","EM FRENTE ESCOLA FLOR DO CERRADO","EM FRENTE ESCOLA FLOR DO CERRADO",-15.794611,-48.03625,true,"Operante","","","04/03/2026 16:13:00","04/03/2026 16:13:00","","100mm",""
"hid_2370","4267","VIC00037","4267","VICENTE PIRES","RUA 12 CHÁCARA 154","EM FRENTE AO DEPÓSITO DE GÁS, SÓ QUE, DO OUTRO LADO DA RUA.","EM FRENTE AO DEPÓSITO DE GÁS, SÓ QUE, DO OUTRO LADO DA RUA.",-15.794583,-48.041472,true,"Operante","","","04/03/2026 16:19:00","04/03/2026 16:19:00","","100mm",""
"hid_2371","4268","VIC00038","4268","VICENTE PIRES","CHÁCARA 137/1 LOTE 21","FRENTE AO LOTE 21 /VIA ESTRUTURAL (DF095) HML MAQ.","FRENTE AO LOTE 21 /VIA ESTRUTURAL (DF095) HML MAQ.",-15.791,-48.025556,true,"Operante","","","04/03/2026 15:49:00","04/03/2026 15:49:00","","100mm",""
"hid_2372","4269","VIC00039","4269","VICENTE PIRES","CHÁCARA 153/1","FRENTE A DF 095 ESTRUTURAL","FRENTE A DF 095 ESTRUTURAL",-15.791444,-48.04,true,"Operante","","","04/03/2026 15:27:00","04/03/2026 15:27:00","","100mm",""
"hid_2373","4270","VIC00040","4270","VICENTE PIRES","CHÁCARA 141/1 DF 095 VIA ESTRUTURAL","FRENTE À TURBO PNEUS E RODAS","FRENTE À TURBO PNEUS E RODAS",-15.791333,-48.028556,true,"Operante","","","04/03/2026 15:35:00","04/03/2026 15:35:00","","100mm",""
"hid_2374","4271","VIC00041","4271","VICENTE PIRES","CONDOMÍNIO 307 DF 095 VIA ESTRUTURAL","FRENTE A VIA ESTRUTURAL / CENTRO DE VISTORIA VEICULAR CREDENCIADO AO DETRAN-DF.","FRENTE A VIA ESTRUTURAL / CENTRO DE VISTORIA VEICULAR CREDENCIADO AO DETRAN-DF.",-15.791556,-48.045194,true,"Operante","","","04/03/2026 15:19:00","04/03/2026 15:19:00","","100mm",""
"hid_2375","4274","BSB00869","4274","BRASILIA","SCES TRECHO 02 QD 05 CLUBE DA AABB","VIA DE ACESSO L4 - LATERAL DO CLUBE DA AABB","VIA DE ACESSO L4 - LATERAL DO CLUBE DA AABB",-15.817856,-47.859406,true,"Operante","","","21/08/2025 11:00:00","21/08/2025 11:00:00","","100mm",""
"hid_2376","4276","CAN00031","4276","CANDANGOLANDIA","SPMS - SETOR DE POSTOS E MOTÉIS SUL - EPIA - LOTE 4A - CANDANGOLÂNDIA - DF","LADO ESQUERDO DO MOTEL A2 / SENTIDO NUCLEO BANDEIRANTE/PARK SHOPPING.","LADO ESQUERDO DO MOTEL A2 / SENTIDO NUCLEO BANDEIRANTE/PARK SHOPPING.",-15.854833,-47.95525,true,"Operante","","","01/07/2026 10:27:00","01/07/2026 10:27:00","","100mm",""
"hid_2377","4279","GAM00127","4279","GAMA","SETOR NORTE QD. 02 CONJUNTO B CASA 302 - GAMA - DF.","Na Área Verde/Em frente à Casa 302.","Na Área Verde/Em frente à Casa 302.",-16.000167,-48.060528,true,"Operante","","","23/04/2026 14:06:00","23/04/2026 14:06:00","","100mm",""
"hid_2378","4280","GAM00128","4280","GAMA","SETOR CENTRAL QD. 06 CONJUNTO A CASA 04 - GAMA - DF","Em frente à Casa 04.","Em frente à Casa 04.",-16.015278,-48.068222,true,"Operante","FALTA CABEÇOTE DA HASTE DO REGISTRO (LUVA)","","16/04/2026 10:57:00","16/04/2026 10:57:00","","100mm",""
"hid_2379","4281","GAM00129","4281","GAMA","SETOR LESTE QUADRA 26 CASA 9 - GAMA - DF","EM FRENTE AO LOTE 9A.","EM FRENTE AO LOTE 9A.",-16.023167,-48.058389,true,"Operante","FALTA CABEÇOTE DA HASTE DO REGISTRO (LUVA)","","06/04/2026 14:34:00","06/04/2026 14:34:00","","100mm",""
"hid_2380","4329","CRU00032","4329","CRUZEIRO","SHCES 1209 BLOCOS C/D","ENTRE BLOCOS C/D","ENTRE BLOCOS C/D",-15.792556,-47.935806,true,"Operante","","","29/07/2026 11:01:00","29/07/2026 11:01:00","","100mm",""
"hid_2381","4331","CRU00033","4331","CRUZEIRO","SRES 6 BLOCO T, CASA 65","CASA 65","CASA 65",-15.788681,-47.933517,false,"Inoperante","HIDRANTE CERCADO/BLOQUEADO","","26/06/2025 09:48:00","26/06/2025 09:48:00","","100mm",""
"hid_2382","4397","SAM00136","4397","SAMAMBAIA","QR 219 QUADRA INABITADA","HIDRANTE 01 DA QR - 219","HIDRANTE 01 DA QR - 219",-15.887583,-48.118278,false,"Inoperante","FALTA FLANGE; FALTAM BUJÕES E TAMPÕES","","25/04/2025 11:30:00","25/04/2025 11:30:00","","100mm",""
"hid_2383","4398","SAM00137","4398","SAMAMBAIA","QR 219 QUADRA INABITADA","HIDRANTE 2 DA QR 219","HIDRANTE 2 DA QR 219",-15.88675,-48.117722,false,"Inoperante","FALTA FLANGE; FALTAM BUJÕES E TAMPÕES","","07/05/2025 08:30:00","07/05/2025 08:30:00","","100mm",""
"hid_2384","4402","SAM00138","4402","SAMAMBAIA","QR 219 QUADRA INABITADA","HIDRANTE 3 DA QR 219/ÁREAVERDE/PRÓXIMO A QR 221 CONJ. A CASA 31.","HIDRANTE 3 DA QR 219/ÁREAVERDE/PRÓXIMO A QR 221 CONJ. A CASA 31.",-15.887194,-48.119306,false,"Inoperante","FALTA FLANGE; FALTA TAMPÃO DE 2.1/2""","","25/04/2025 10:30:00","25/04/2025 10:30:00","","100mm",""
"hid_2385","4403","SAM00139","4403","SAMAMBAIA","QR 219 QUADRA INABITADA","HIDRANTE 4 DA QR 219/1º AV. NORTE/PRÓXIMO A PARADA DE ÔNIBUS/ ÁREA VERDE.","HIDRANTE 4 DA QR 219/1º AV. NORTE/PRÓXIMO A PARADA DE ÔNIBUS/ ÁREA VERDE.",-15.886278,-48.118944,true,"Operante","","","25/04/2025 10:00:00","25/04/2025 10:00:00","","100mm",""
"hid_2386","4404","SAM00140","4404","SAMAMBAIA","QR 427 CONJUNTO 12","FUNDOS DA ESCOLA CLASSE 427","FUNDOS DA ESCOLA CLASSE 427",-15.892139,-48.139028,true,"Operante","","","07/05/2025 09:00:00","07/05/2025 09:00:00","","100mm",""
"hid_2387","4414","SEB00075","4414","SAO SEBASTIAO","SHJM QUADRA 15 RUA I","EM FRENTE A TORRE I-2","EM FRENTE A TORRE I-2",-15.893886,-47.795736,true,"Operante","","","10/09/2025 09:57:00","10/09/2025 09:57:00","","100mm",""
"hid_2388","4418","SAM00141","4418","SAMAMBAIA","QR 313 CONJ. 1 CASA 03","ÀREA VERDE/EM FRENTE À CASA 03","ÀREA VERDE/EM FRENTE À CASA 03",-15.889194,-48.107944,true,"Operante","","","15/04/2025 13:22:00","15/04/2025 13:22:00","","100mm",""
"hid_2389","4419","SAM00142","4419","SAMAMBAIA","QR 425 CONJUNTO 22 CASA 08","FRENTE CASA 08","FRENTE CASA 08",-15.884361,-48.127722,true,"Operante","PINTAR HIDRANTE DE AMARELO","","07/05/2025 09:30:00","07/05/2025 09:30:00","","100mm",""
"hid_2390","4420","SAM00143","4420","SAMAMBAIA","QR 421 CONJ. 14 CASA 29","EM FRENTE CASA 29","EM FRENTE CASA 29",-15.883306,-48.122,true,"Operante","PINTAR HIDRANTE DE AMARELO","","07/05/2025 10:00:00","07/05/2025 10:00:00","","100mm",""
"hid_2391","4421","SAM00144","4421","SAMAMBAIA","QR 421 CONJ. 06 CASA 01","FRENTE CASA 01","FRENTE CASA 01",-15.884778,-48.121278,true,"Operante","","","25/04/2025 08:00:00","25/04/2025 08:00:00","","100mm",""
"hid_2392","4422","SEB00076","4422","SAO SEBASTIAO","SHJM QUADRA 10 RUA G CASA 17","EM FRENTE A CASA 17","EM FRENTE A CASA 17",-15.896336,-47.802189,true,"Operante","","","10/09/2025 09:12:00","10/09/2025 09:12:00","","100mm",""
"hid_2393","4423","CRU00034","4423","CRUZEIRO","SHCES 609, BLOCOS C/D","ENTRE BLOCOS C/D","ENTRE BLOCOS C/D",-15.794175,-47.939178,true,"Operante","","","04/08/2026 11:28:00","04/08/2026 11:28:00","","100mm",""
"hid_2394","4425","CRU00035","4425","CRUZEIRO","SHCES 601 ENTRE BLOCOS A/B","ENTRE BLOCOS A/B","ENTRE BLOCOS A/B",-15.800222,-47.941225,true,"Operante","","","04/08/2026 10:36:00","04/08/2026 10:36:00","","100mm",""
"hid_2395","4426","CRU00036","4426","CRUZEIRO","SHCES 401, BLOCO A","LATERAL","LATERAL",-15.800264,-47.943072,true,"Operante","","","27/06/2025 12:40:00","27/06/2025 12:40:00","","100mm",""
"hid_2396","4429","CRU00037","4429","CRUZEIRO","SHCES 401, BLOCO B","LADO ESQUERDO BLOCO B","LADO ESQUERDO BLOCO B",-15.800703,-47.942833,true,"Operante","","","02/07/2025 10:20:00","02/07/2025 10:20:00","","100mm",""
"hid_2397","4430","CRU00038","4430","CRUZEIRO","SHCES 301, BLOCO A","LATERAL","LATERAL",-15.800025,-47.943819,true,"Operante","","","02/07/2025 11:00:00","02/07/2025 11:00:00","","100mm",""
"hid_2398","4442","CRU00039","4442","CRUZEIRO","SHCES 201 BLOCO A","FRENTE AO BLOCO A","FRENTE AO BLOCO A",-15.800206,-47.944414,true,"Operante","","","02/07/2025 10:40:00","02/07/2025 10:40:00","","100mm",""
"hid_2399","4445","SAM00145","4445","SAMAMBAIA","QR 311 CONJUNTO 01 CASA 11","ÁREA VERDE/EM FRENTE À CASA 11","ÁREA VERDE/EM FRENTE À CASA 11",-15.886972,-48.1035,false,"Inoperante","REGISTRO EMPERRADO","","15/04/2025 13:22:00","15/04/2025 13:22:00","","100mm",""
"hid_2400","4446","SAM00146","4446","SAMAMBAIA","QR 311 CONJUNTO 07 CASA 1/32","ÁREA VERDE/PRÓXIMO À PAPELARIA 311","ÁREA VERDE/PRÓXIMO À PAPELARIA 311",-15.889778,-48.103861,true,"Operante","FALTA FLANGE; FALTA TAMPÃO DE 2.1/2""","","14/04/2025 11:00:00","14/04/2025 11:00:00","","100mm",""
"hid_2401","4447","SAM00147","4447","SAMAMBAIA","QR 325 CONJ. 6 CASA 07","EM FRENTE À CASA 07","EM FRENTE À CASA 07",-15.899139,-48.123111,true,"Operante","","","02/06/2026 06:56:00","02/06/2026 06:56:00","","100mm",""
"hid_2402","4454","OCT00006","4454","SUDOESTE E OCTOGONAL","AOS 4, BLOCO F","PRÓXIMO A PORTRIA","PRÓXIMO A PORTRIA",-15.80875,-47.94125,true,"Operante","","","30/07/2025 14:25:00","30/07/2025 14:25:00","","100mm",""
"hid_2403","4455","OCT00007","4455","SUDOESTE E OCTOGONAL","AOS O5 BL 'C'","PROXIMO ALAMBRADO","PROXIMO ALAMBRADO",-15.80913,-47.943719,true,"Operante","","","25/07/2025 11:05:00","25/07/2025 11:05:00","","100mm",""
"hid_2404","4462","AEM00001","4462","PLANALTINA","ESECAE (ESTAÇÃO ECOLÓGICA DE ÁGUAS EMENDADAS)","BR 020 KM 23 AO LONGO DA CERCA","BR 020 KM 23 AO LONGO DA CERCA",-15.594056,-47.6635,true,"Operante","","","09/02/2026 09:44:00","09/02/2026 09:44:00","","100mm",""
"hid_2405","4465","BSB00875","4465","BRASILIA","SCS, QD 06 BLOCO A, ED. CARIOCA/CORREIOS.","VIA DE ACESSO W3/S2.","VIA DE ACESSO W3/S2.",-15.795944,-47.890528,true,"Operante","","","05/08/2025 11:00:00","05/08/2025 11:00:00","","100mm",""
"hid_2406","4466","JAR00038","4466","JARDIM BOTANICO","CONDOMINIO VILLE DE MONTAGNE QUADRA 09 LOTE 24","FINAL DA RUA","FINAL DA RUA",-15.84415,-47.794636,true,"Operante","","","25/11/2025 12:00:00","25/11/2025 12:00:00","","100mm",""
"hid_2407","4467","JAR00039","4467","JARDIM BOTANICO","CONDOMINIO MAXIMO GARDEN AVENIDA SERRA VERDE","FRENTE LOTE 16","FRENTE LOTE 16",-15.868758,-47.760119,true,"Operante","","","17/11/2025 11:40:00","17/11/2025 11:40:00","","100mm",""
"hid_2408","4468","JAR00040","4468","JARDIM BOTANICO","CONDOMINIO MAXIMO GARDEN AVENIDA SERRA VERDE","LADO DIREITO DO BALÃO DA RUA SERRA VERDE COM A RUA SAMARANDUVA","LADO DIREITO DO BALÃO DA RUA SERRA VERDE COM A RUA SAMARANDUVA",-15.861039,-47.756786,true,"Operante","","","18/11/2025 08:00:00","18/11/2025 08:00:00","","100mm",""
"hid_2409","4471","AEM00002","4471","PLANALTINA","ESECAE (ESTAÇÃO ECOLÓGICA DE ÁGUAS EMENDADAS)","EM FRENTE AO VIADUTO QUE DA ACESSO A PLANALTINA/BR020","EM FRENTE AO VIADUTO QUE DA ACESSO A PLANALTINA/BR020",-15.594528,-47.6535,true,"Operante","","","09/02/2026 09:39:00","09/02/2026 09:39:00","","100mm",""
"hid_2410","4472","AEM00003","4472","PLANALTINA","ESECAE (ESTAÇÃO ECOLÓGICA DE ÁGUAS EMENDADAS)","BR 020 KM 25, DO LADO DE DENTRO DA CERCA DA ESECAE.","BR 020 KM 25, DO LADO DE DENTRO DA CERCA DA ESECAE.",-15.595889,-47.638972,true,"Operante","","","09/02/2026 09:30:00","09/02/2026 09:30:00","","100mm",""
"hid_2411","4473","AEM00004","4473","PLANALTINA","ESECAE (ESTAÇÃO ECOLÓGICA DE ÁGUAS EMENDADAS)","AO LADO DA BARRAGEM DA CASCARRA","AO LADO DA BARRAGEM DA CASCARRA",-15.591083,-47.640111,true,"Operante","","","09/02/2026 09:45:00","09/02/2026 09:45:00","","100mm",""
"hid_2412","4475","BSB00876","4475","BRASILIA","SDC Centro de Convenções","Via de acesso Eixo Monumental/S1/N1- frente ao estacionamento do Centro de Convenções","Via de acesso Eixo Monumental/S1/N1- frente ao estacionamento do Centro de Convenções",-15.787972,-47.900944,true,"Operante","","","19/01/2026 15:16:00","19/01/2026 15:16:00","","100mm",""
"hid_2413","4476","BSB00877","4476","BRASILIA","SQN 210 BLOCO 'F'","VIA DE ACESSO L1- LATERAL ESQUERDA DO BLOCO 'F'","VIA DE ACESSO L1- LATERAL ESQUERDA DO BLOCO 'F'",-15.756806,-47.883833,true,"Operante","","","27/05/2025 09:00:00","27/05/2025 09:00:00","","100mm",""
"hid_2414","4478","BSB00878","4478","BRASILIA","SAFS Quadra 08 Lote 01","Em frente a guarita de saída do TST (Área verde)","Em frente a guarita de saída do TST (Área verde)",-15.811028,-47.866639,true,"Operante","","","11/08/2025 11:00:00","11/08/2025 11:00:00","","100mm",""
"hid_2415","4479","BSB00879","4479","BRASILIA","SAFS Quadra 05 Lote 03","Próximo a rotatória (Área verde)","Próximo a rotatória (Área verde)",-15.808444,-47.871778,true,"Operante","","","05/11/2025 11:00:00","05/11/2025 11:00:00","","100mm",""
"hid_2416","4480","BSB00880","4480","BRASILIA","SAFS Quadra 02 Bloco ""G""","Lateral direita do bloco ""G""","Lateral direita do bloco ""G""",-15.802917,-47.87,true,"Operante","","","05/11/2025 12:00:00","05/11/2025 12:00:00","","100mm",""
"hid_2417","4485","JAR00041","4485","JARDIM BOTANICO","AV. BELA VISTA QD. 12 LOTE L/M - SETOR HABITACIONAL JARDIM BOTÂNICO III","FUNDOS DA SUPER ADEGA ATACADISTA/ PRÓX. À QUADRA 12 LOTE A","FUNDOS DA SUPER ADEGA ATACADISTA/ PRÓX. À QUADRA 12 LOTE A",-15.888389,-47.797639,true,"Operante","","","12/11/2025 08:00:00","12/11/2025 08:00:00","","100mm",""
"hid_2418","4487","SAM00148","4487","SAMAMBAIA","QR 501 CONJ. 24 CASA 21","FRENTE A BR 060","FRENTE A BR 060",-15.888833,-48.087611,true,"Operante","","","14/04/2025 09:00:00","14/04/2025 09:00:00","","100mm",""
"hid_2419","4488","SUD00001","4488","SUDOESTE E OCTOGONAL","SQSW 303 BLOCO A","FRENTE ACESSO AO BLOCO 'A'","FRENTE ACESSO AO BLOCO 'A'",-15.80095,-47.927267,true,"Operante","","","28/07/2025 09:58:00","28/07/2025 09:58:00","","100mm",""
"hid_2420","4489","SUD00002","4489","SUDOESTE E OCTOGONAL","SQSW 303 BLOCO B","FUNDOS BL B","FUNDOS BL B",-15.799397,-47.927444,true,"Operante","","","28/07/2025 10:03:00","28/07/2025 10:03:00","","100mm",""
"hid_2421","4490","SUD00003","4490","SUDOESTE E OCTOGONAL","SQSW 302, BLOCOS D","ENTRE AO BLOCO D","ENTRE AO BLOCO D",-15.796942,-47.924031,false,"Inoperante","REGISTRO SOTERRADO","","29/07/2025 10:39:00","29/07/2025 10:39:00","","100mm",""
"hid_2422","4491","SUD00004","4491","SUDOESTE E OCTOGONAL","SQSW 303, BLOCO G","FRENTE AO BLOCO G","FRENTE AO BLOCO G",-15.798964,-47.925667,true,"Operante","","","29/07/2025 11:06:00","29/07/2025 11:06:00","","100mm",""
"hid_2423","4493","SUD00006","4493","SUDOESTE E OCTOGONAL","CCSW 5, BLOCO A","LATERAL BLOCO A","LATERAL BLOCO A",-15.794642,-47.927942,true,"Operante","","","07/08/2025 09:00:00","07/08/2025 09:00:00","","100mm",""
"hid_2424","4495","SAM00149","4495","SAMAMBAIA","QS 111 CONJUNTO 1 LOTE 1 LOJA 1","EM FRETE A DISTRIBUIDORA DE BEBIDAS PEDRA 90/NA VIA DE ACESSO PISTA 100/300","EM FRETE A DISTRIBUIDORA DE BEBIDAS PEDRA 90/NA VIA DE ACESSO PISTA 100/300",-15.885667,-48.103694,false,"Inoperante","","","02/06/2026 07:22:00","02/06/2026 07:22:00","","100mm",""
"hid_2425","4496","SAM00150","4496","SAMAMBAIA","QS 111","LATERIAL DIREITA DA ESCOLA CLASSE 111","LATERIAL DIREITA DA ESCOLA CLASSE 111",-15.885278,-48.106167,false,"Inoperante","FALTAM BUJÕES E TAMPÕES","","25/04/2025 08:30:00","25/04/2025 08:30:00","","100mm",""
"hid_2426","4497","SAM00151","4497","SAMAMBAIA","QS 115 CONJUNTO 2/CONJ. A","NA VIA DE ACESSO PISTA 100/300/ÁREA VERDE/PRÓX. À COMUNIDADE EVANG. JESUS É A VIDEIRA","NA VIA DE ACESSO PISTA 100/300/ÁREA VERDE/PRÓX. À COMUNIDADE EVANG. JESUS É A VIDEIRA",-15.889056,-48.109778,false,"Inoperante","","","02/06/2026 07:23:00","02/06/2026 07:23:00","","100mm",""
"hid_2427","4498","SAM00152","4498","SAMAMBAIA","QR 115 CONJUNTO 03 CASA 17","ESQUINA DA CASA 17","ESQUINA DA CASA 17",-15.8875,-48.110333,true,"Operante","","","15/04/2025 13:21:00","15/04/2025 13:21:00","","100mm",""
"hid_2428","4499","SAM00153","4499","SAMAMBAIA","QR 115 CONJUNTO 10","LATERAL ESQUERDA DO CAIC AYRTON SENNA / PISTA 100/300/ PARADA DE ÔNIBUS","LATERAL ESQUERDA DO CAIC AYRTON SENNA / PISTA 100/300/ PARADA DE ÔNIBUS",-15.8895,-48.1115,true,"Operante","","","15/04/2025 13:23:00","15/04/2025 13:23:00","","100mm",""
"hid_2429","4500","SAM00154","4500","SAMAMBAIA","QR 115 CONJUNTO 12 CASA 29","EM FRETE A CASA 29/ESQUINA","EM FRETE A CASA 29/ESQUINA",-15.887944,-48.112083,true,"Operante","","","15/04/2025 13:21:00","15/04/2025 13:21:00","","100mm",""
"hid_2430","4501","SAM00155","4501","SAMAMBAIA","QN 309","NO ESTACIONAMENTO/LATERAL DA CRECHE/ PRÓX. CEI 307","NO ESTACIONAMENTO/LATERAL DA CRECHE/ PRÓX. CEI 307",-15.885139,-48.099778,true,"Operante","FALTA TAMPÃO DE 2.1/2""; FALTA TAMPÃO DE 4""","","02/06/2026 06:54:00","02/06/2026 06:54:00","","100mm",""
"hid_2431","4502","SAM00156","4502","SAMAMBAIA","QR 309 CONJUNTO 07 CASA 12","ÁREA VERDE/EM FRENTE À CASA 12","ÁREA VERDE/EM FRENTE À CASA 12",-15.888389,-48.100611,false,"Inoperante","FALTA TAMPÃO DE 2.1/2""; FALTA TAMPÃO DE 4""; TAMPA DA CAIXA LACRADA (CONCRETADA)","","02/06/2026 06:53:00","02/06/2026 06:53:00","","100mm",""
"hid_2432","4511","SAM00157","4511","SAMAMBAIA","QN - 313 CONJUNTO E LOTE 01","LATERAL DIREITA DA IGREJA ASSEMBLÉIA DE DEUS","LATERAL DIREITA DA IGREJA ASSEMBLÉIA DE DEUS",-15.88775,-48.106722,false,"Inoperante","FALTA TAMPÃO DE 2.1/2""; FALTA TAMPÃO DE 4""","","02/06/2026 06:55:00","02/06/2026 06:55:00","","100mm",""
"hid_2433","4512","SAM00158","4512","SAMAMBAIA","QR 109 CONJUNTO 01 CASA 07","NO PARQUINHO/EM FRENTE À CASA 7","NO PARQUINHO/EM FRENTE À CASA 7",-15.883,-48.102583,true,"Operante","","","27/02/2025 10:30:00","27/02/2025 10:30:00","","100mm",""
"hid_2434","4513","SAM00159","4513","SAMAMBAIA","QR 127 CONJUNTO 05 CASA 26","EM FRENTE À CASA 26","EM FRENTE À CASA 26",-15.895472,-48.128111,true,"Operante","","","02/06/2026 07:26:00","02/06/2026 07:26:00","","100mm",""
"hid_2435","4515","SAM00160","4515","SAMAMBAIA","QR 127 CONJUNTO 01/QS 127 CONJ. D","ÁREA VERDE/ PRÓXIMO À PISTA 100/300","ÁREA VERDE/ PRÓXIMO À PISTA 100/300",-15.897333,-48.128167,true,"Operante","","","02/06/2026 07:26:00","02/06/2026 07:26:00","","100mm",""
"hid_2436","4516","SAM00161","4516","SAMAMBAIA","QR 213 CONJUNTO 04 CASA 11","EM FRENTE À CASA 11","EM FRENTE À CASA 11",-15.883167,-48.108667,false,"Inoperante","FALTA FLANGE; FALTA TAMPÃO DE 2.1/2""","","12/04/2025 10:19:00","12/04/2025 10:19:00","","100mm",""
"hid_2437","4517","SAM00162","4517","SAMAMBAIA","QR 413 CONJUNTO 01 CASA 12","ÁREA VERDE/ EM FRENTE À CASA 12","ÁREA VERDE/ EM FRENTE À CASA 12",-15.880611,-48.110833,false,"Inoperante","FALTAM BUJÕES E TAMPÕES","","28/02/2025 09:00:00","28/02/2025 09:00:00","","100mm",""
"hid_2438","4518","SAM00163","4518","SAMAMBAIA","QR 429 CONJUNTO 21 CASA 07","ÁREA VERDE/ EM FRENTE À CASA 07","ÁREA VERDE/ EM FRENTE À CASA 07",-15.890833,-48.140306,true,"Operante","","","23/04/2025 08:00:00","23/04/2025 08:00:00","","100mm",""
"hid_2439","4519","SAM00164","4519","SAMAMBAIA","QR 433 CONJUNTO 20 CASA 12","LATERAL ESQUERDA DA CASA 12","LATERAL ESQUERDA DA CASA 12",-15.894333,-48.148139,true,"Operante","","","23/04/2025 08:30:00","23/04/2025 08:30:00","","100mm",""
"hid_2440","4520","BSB00881","4520","BRASILIA","ARE ESPECIAL LOTE 6 ACAMPAMENTO DFL - VILA PLANALTO - BRASILIA-DF","LATERAL DIREITA DA PAROQUIA NOSSA SENHORA DO ROSARIO DE POMPÉIA","LATERAL DIREITA DA PAROQUIA NOSSA SENHORA DO ROSARIO DE POMPÉIA",-15.79,-47.855361,true,"Operante","","","08/01/2025 14:40:00","08/01/2025 14:40:00","","100mm",""
"hid_2441","4522","VIC00042","4522","VICENTE PIRES","Rua 04, Chácara 25, Lote 05","Em frente ao Lote 05","Em frente ao Lote 05",-15.8145,-48.034361,true,"Operante","","","25/02/2026 14:23:00","25/02/2026 14:23:00","","100mm",""
"hid_2442","4524","VIC00043","4524","VICENTE PIRES","SHVP Rua 10 Chácara 179","FRENTE Chácara 179","FRENTE Chácara 179",-15.797722,-48.018028,true,"Operante","","","02/04/2025 11:37:00","02/04/2025 11:37:00","","100mm",""
"hid_2443","4529","SAM00165","4529","SAMAMBAIA","QR 211 CONJUNTO 05 CASA 11","EM FRENTE À CASA 11","EM FRENTE À CASA 11",-15.88175,-48.1055,true,"Operante","","","11/04/2025 07:40:00","11/04/2025 07:40:00","","100mm",""
"hid_2444","4531","JAR00042","4531","JARDIM BOTANICO","CONDOMÍNIO MAXXIMO GARDEN AVENIDA SERRA VERDE","FRENTE AO LOTE 70","FRENTE AO LOTE 70",-15.864361,-47.757972,true,"Operante","","","17/11/2025 12:00:00","17/11/2025 12:00:00","","100mm",""
"hid_2445","4532","SAM00167","4532","SAMAMBAIA","QR 313 CONJUNTO 12 CASA 24","EM FRENTE A CASA 24","EM FRENTE A CASA 24",-15.890472,-48.105083,true,"Operante","","","02/06/2026 06:54:00","02/06/2026 06:54:00","","100mm",""
"hid_2446","4533","SAM00168","4533","SAMAMBAIA","QN 325 CONJ. A LOTES 4/5","ÁREA VERDE/EQ 325/327/PRÓXIMO À PANIFICADORA NOSSO PÃO","ÁREA VERDE/EQ 325/327/PRÓXIMO À PANIFICADORA NOSSO PÃO",-15.897472,-48.125389,true,"Operante","","","16/04/2025 08:40:00","16/04/2025 08:40:00","","100mm",""
"hid_2447","4534","SAM00169","4534","SAMAMBAIA","QR 213 CONJUNTO 01 CASA 33","LATERAL ESQUERDA DA CASA 33","LATERAL ESQUERDA DA CASA 33",-15.882917,-48.110889,true,"Operante","","","11/04/2025 10:15:00","11/04/2025 10:15:00","","100mm",""
"hid_2448","4535","SAM00170","4535","SAMAMBAIA","Qr 417 conjunto 05 casa 12","Em frente a casa 12","Em frente a casa 12",-15.880528,-48.117444,true,"Operante","","","11/04/2025 12:10:00","11/04/2025 12:10:00","","100mm",""
"hid_2449","4560","GAM00132","4560","GAMA","SETOR INDUSTRIAL ÁREA ESPECIAL PARA INDUSTRIA LOTES 2/3 - GAMA - DF","NA DF 483 SENTIDO PENITENCIÁRIA FEMININA/UNICEPLAC/ÁREA VERDE/PRÓX. LATERAL DIREITA DA UNICEPLAC","NA DF 483 SENTIDO PENITENCIÁRIA FEMININA/UNICEPLAC/ÁREA VERDE/PRÓX. LATERAL DIREITA DA UNICEPLAC",-16.003583,-48.050083,false,"Inoperante","HIDRANTE SEM ÁGUA","","27/04/2026 11:13:00","27/04/2026 11:13:00","","100mm",""
"hid_2450","4561","GAM00133","4561","GAMA","SETOR LESTE QD. 45 LOTE 02 - GAMA - DF","COMERCIAL - EM FRENTE AO LOTE 02","COMERCIAL - EM FRENTE AO LOTE 02",-16.000528,-48.054694,false,"Inoperante","HIDRANTE REMOVIDO OU NÃO ENCONTRADO","","27/04/2026 11:15:00","27/04/2026 11:15:00","","100mm",""
"hid_2451","4562","ITA00011","4562","ITAPOÃ","QUADRA 320 CASA 02 - DEL LAGO","ESQUINA - NA LATERAL DA CASA 02","ESQUINA - NA LATERAL DA CASA 02",-15.745361,-47.767778,false,"Inoperante","FALTA TAMPÃO DE 2.1/2""; FALTA TAMPÃO DE 4""","","27/11/2025 09:00:00","27/11/2025 09:00:00","","100mm",""
"hid_2452","4563","ITA00012","4563","ITAPOÃ","QUADRA 342 LOTE 68 - DEL LAGO","FRENTE A DISTRIBUIDORA DO PEDRO/ SUPER MERCADO SILVA","FRENTE A DISTRIBUIDORA DO PEDRO/ SUPER MERCADO SILVA",-15.740889,-47.764306,false,"Inoperante","FALTA TAMPÃO DE 2.1/2""; FALTA TAMPÃO DE 4""","","27/11/2025 11:00:00","27/11/2025 11:00:00","","100mm",""
"hid_2453","4564","ITA00013","4564","ITAPOÃ","QUADRA 352 LOTE 22 - DEL LAGO","LATERAL DIREITA DA CASA 22","LATERAL DIREITA DA CASA 22",-15.740722,-47.769556,false,"Inoperante","FALTA TAMPÃO DE 2.1/2""; FALTA TAMPÃO DE 4""","","27/11/2025 12:00:00","27/11/2025 12:00:00","","100mm",""
"hid_2454","4565","SAM00171","4565","SAMAMBAIA","QR 415 CONJUNTO 12 CASA 12","FRENTE A CASA 12","FRENTE A CASA 12",-15.879194,-48.114333,true,"Operante","","","28/02/2025 10:00:00","28/02/2025 10:00:00","","100mm",""
"hid_2455","4566","SAM00172","4566","SAMAMBAIA","QR 103 CONJUNTOS 6/7","FRENTE A CASA 01 DO CONUNTO 06","FRENTE A CASA 01 DO CONUNTO 06",-15.87925,-48.093167,false,"Inoperante","","","02/06/2026 07:23:00","02/06/2026 07:23:00","","100mm",""
"hid_2456","4567","SAM00173","4567","SAMAMBAIA","QR 503 CONJUNTO 11 CASA 11","ÁREA VERDE, LADO DIREITO DA CASA 11, PROX. POSTE DE ILUMINACAO PUBLICA.","ÁREA VERDE, LADO DIREITO DA CASA 11, PROX. POSTE DE ILUMINACAO PUBLICA.",-15.889444,-48.090972,true,"Operante","","","14/04/2025 10:00:00","14/04/2025 10:00:00","","100mm",""
"hid_2457","4568","SAM00174","4568","SAMAMBAIA","QR 202 CONJUNTO 01","PROXIMO A FEIRA","PROXIMO A FEIRA",-15.8715,-48.08725,true,"Operante","","","10/04/2025 17:20:00","10/04/2025 17:20:00","","100mm",""
"hid_2458","4569","SAM00175","4569","SAMAMBAIA","QR 204 CONJUNTO 10 CASA 35","EM FRENTE A CRECHE","EM FRENTE A CRECHE",-15.870333,-48.083583,false,"Inoperante","TAMPA DA CAIXA LACRADA (CONCRETADA)","","23/04/2025 09:30:00","23/04/2025 09:30:00","","100mm",""
"hid_2459","4571","SAM00177","4571","SAMAMBAIA","QR 433 CONJUNTO 14 CASA 02","ÁREA PÚBLICA","ÁREA PÚBLICA",-15.894083,-48.146944,true,"Operante","","","23/04/2025 10:00:00","23/04/2025 10:00:00","","100mm",""
"hid_2460","4572","SAM00178","4572","SAMAMBAIA","QN 429 CONJUNTO D LOTE 5","AO LADO DO POSTO DE SAÚDE Nº 3.","AO LADO DO POSTO DE SAÚDE Nº 3.",-15.889639,-48.141611,true,"Operante","","","23/04/2025 10:30:00","23/04/2025 10:30:00","","100mm",""
"hid_2461","4575","SUD00009","4575","SUDOESTE E OCTOGONAL","SQSW 100, BLOCO A","FRENTE AO BLOCO A","FRENTE AO BLOCO A",-15.797336,-47.917419,true,"Operante","","","29/07/2025 10:27:00","29/07/2025 10:27:00","","100mm",""
"hid_2462","4576","CRU00040","4576","CRUZEIRO","SRES - Q 10 BL. ""G2"" Casa 45","Próx. à Casa 45","Próx. à Casa 45",-15.780125,-47.932483,true,"Operante","","","26/06/2025 10:00:00","26/06/2025 10:00:00","","100mm",""
"hid_2463","4577","BSB00882","4577","BRASILIA","SCS Qd.02 BL.'C' Ed. OK","EM FRENTE BL.'C' Ed. OK","EM FRENTE BL.'C' Ed. OK",-15.798583,-47.887722,true,"Operante","CAIXA DE REGISTRO CHEIA DE LIXO; TAMPA METÁLICA T19 QUEBRADA OU REMOVIDA","","22/09/2025 09:08:00","22/09/2025 09:08:00","","100mm",""
"hid_2464","4578","SAM00179","4578","SAMAMBAIA","QR 421 CONJUNTO 18 CASA 14","FRENTE A CASA 18","FRENTE A CASA 18",-15.881972,-48.121917,false,"Inoperante","FALTAM BUJÕES E TAMPÕES","","23/04/2025 10:30:00","23/04/2025 10:30:00","","100mm",""
"hid_2465","4579","SAM00180","4579","SAMAMBAIA","QR 121 ÁREA VERDE","LATERAL DA ESCOLA CLASSE 121","LATERAL DA ESCOLA CLASSE 121",-15.893028,-48.120056,false,"Inoperante","FALTA TAMPÃO DE 2.1/2""; FALTA TAMPÃO DE 4""","","02/06/2026 07:24:00","02/06/2026 07:24:00","","100mm",""
"hid_2466","4580","SAM00181","4580","SAMAMBAIA","QR 615 CONJUNTO 01 CASA 26","PROX. A PISTA PRINCIPAL","PROX. A PISTA PRINCIPAL",-15.876306,-48.11525,true,"Operante","","","23/04/2025 11:30:00","23/04/2025 11:30:00","","100mm",""
"hid_2467","4581","SAM00182","4581","SAMAMBAIA","QR 511 CONJUNTO 04 CASA 31","LADO ESQUERDO DA PANIFICADORA BIG PÃO","LADO ESQUERDO DA PANIFICADORA BIG PÃO",-15.8915,-48.101278,true,"Operante","","","23/04/2025 08:00:00","23/04/2025 08:00:00","","100mm",""
"hid_2468","4582","SAM00183","4582","SAMAMBAIA","QR 121 CONJUNTO 09 CASA 05","ÁREA VERDE","ÁREA VERDE",-15.892167,-48.118222,true,"Operante","","","16/04/2025 13:20:00","16/04/2025 13:20:00","","100mm",""
"hid_2469","4583","SAM00184","4583","SAMAMBAIA","QN 327 LOTE 05","PROX. A PISTA PRINCIPAL","PROX. A PISTA PRINCIPAL",-15.897944,-48.1275,true,"Operante","","","23/04/2025 08:30:00","23/04/2025 08:30:00","","100mm",""
"hid_2470","4584","SAM00185","4584","SAMAMBAIA","QR 327 CONJUNTO 06 CASA 40","ÁREA PÚBLICA","ÁREA PÚBLICA",-15.9,-48.127222,true,"Operante","","","16/04/2025 13:13:00","16/04/2025 13:13:00","","100mm",""
"hid_2471","4585","SAM00186","4585","SAMAMBAIA","QR 327 CONJUNTO 08 CASA 16","FRENTE A CASA 16","FRENTE A CASA 16",-15.900222,-48.125611,true,"Operante","","","16/04/2025 07:40:00","16/04/2025 07:40:00","","100mm",""
"hid_2472","4587","SAM00187","4587","SAMAMBAIA","QN 523 CLINICA DA FAMÍLIA - SES","LATERERAL DIREITA DA DM CASA DE CARNES","LATERERAL DIREITA DA DM CASA DE CARNES",-15.898417,-48.120528,true,"Operante","","","16/04/2025 12:20:00","16/04/2025 12:20:00","","100mm",""
"hid_2473","4588","RF200057","4588","RIACHO FUNDO II","QN 18 CONJ. 01 CASA 01 - RIACHO FUNDO II - DF","LATERAL DIREITA DA CASA 01","LATERAL DIREITA DA CASA 01",-15.884639,-48.054056,true,"Operante","","","07/05/2026 10:15:00","07/05/2026 10:15:00","","100mm",""
"hid_2474","4589","RF200058","4589","RIACHO FUNDO II","QN 19 CONJ. 01 CASA 05 - RIACHO FUNDO II - DF","NA ÁREA VERDE/PRÓXIMO A CASA 05","NA ÁREA VERDE/PRÓXIMO A CASA 05",-15.886917,-48.05375,true,"Operante","HIDRANTE SOTERRADO","","07/05/2026 10:12:00","07/05/2026 10:12:00","","100mm",""
"hid_2475","4591","REC00177","4591","RECANTO DAS EMAS","QUADRA 2 CONJUNTO 1 LOTE 3 CENTRO URBANO - LATERAL ESQUERDA - FÓRUM RECANTO DAS EMAS-DF","NA ÁREA VERDE / LATERAL A ESQUERDA DA ENTRADA DO FÓRUM DO RECANTO.","NA ÁREA VERDE / LATERAL A ESQUERDA DA ENTRADA DO FÓRUM DO RECANTO.",-15.908222,-48.073306,true,"Operante","","","02/06/2026 10:10:00","02/06/2026 10:10:00","","100mm",""
"hid_2476","4594","CRU00041","4594","CRUZEIRO","SHCES QUADRA 1113 BLOCO 'D""","EM FRENTE AO BLOCO 'D'","EM FRENTE AO BLOCO 'D'",-15.790944,-47.93525,true,"Operante","","","29/07/2026 10:58:00","29/07/2026 10:58:00","","100mm",""
"hid_2477","4595","SUD00010","4595","SUDOESTE E OCTOGONAL","QMSW 6, Lote 08","LATERAL DO INMET","LATERAL DO INMET",-15.793472,-47.921583,true,"Operante","","","11/08/2025 12:30:00","11/08/2025 12:30:00","","100mm",""
"hid_2478","4597","SUD00011","4597","SUDOESTE E OCTOGONAL","QRSW 8, BLOCO B14","CENTRAL DE ENERGIA","CENTRAL DE ENERGIA",-15.784083,-47.926694,true,"Operante","","","11/08/2025 11:30:00","11/08/2025 11:30:00","","100mm",""
"hid_2479","4598","SUD00012","4598","SUDOESTE E OCTOGONAL","QRSW 7, BLOCO B15","FRENTE","FRENTE",-15.785222,-47.92675,true,"Operante","","","11/08/2025 11:20:00","11/08/2025 11:20:00","","100mm",""
"hid_2480","4600","SAM00188","4600","SAMAMBAIA","QR 315 CONJUNTO 07 CASA 03","LATERAL CASA 03","LATERAL CASA 03",-15.890917,-48.108361,false,"Inoperante","REGISTRO EMPERRADO","","15/04/2025 13:24:00","15/04/2025 13:24:00","","100mm",""
"hid_2481","4601","SAM00189","4601","SAMAMBAIA","QR 633 CONJUNTO 2A CASA 06","FRENTE CASA 06","FRENTE CASA 06",-15.891472,-48.147417,true,"Operante","","","16/04/2025 13:13:00","16/04/2025 13:13:00","","100mm",""
"hid_2482","4602","SAM00371","4602","SAMAMBAIA","QN 317 CONJUNTO 09 LOTES 01/02","LATERAL DA CAPELA CONSOLADA","LATERAL DA CAPELA CONSOLADA",-15.891278,-48.113194,true,"Operante","","","02/06/2026 07:16:00","02/06/2026 07:16:00","","100mm",""
"hid_2483","4603","SAM00191","4603","SAMAMBAIA","QR 317 CONJUNTO 03 CASA 13","FRENTE A CASA 13","FRENTE A CASA 13",-15.893556,-48.111083,true,"Operante","","","02/06/2026 07:15:00","02/06/2026 07:15:00","","100mm",""
"hid_2484","4604","SAM00192","4604","SAMAMBAIA","QR 317 CONJUNTO 04 CASA 04","FRENTE A CASA 04","FRENTE A CASA 04",-15.892056,-48.111556,true,"Operante","","","02/06/2026 07:15:00","02/06/2026 07:15:00","","100mm",""
"hid_2485","4606","SAM00193","4606","SAMAMBAIA","QR 633 CONJUNTO 04 CASA 11","FRENTE PISTA PRINCIPAL","FRENTE PISTA PRINCIPAL",-15.892111,-48.148556,false,"Inoperante","FALTA TAMPÃO DE 2.1/2""; FALTA TAMPÃO DE 4""","","16/04/2025 13:14:00","16/04/2025 13:14:00","","100mm",""
"hid_2486","4607","SAM00194","4607","SAMAMBAIA","QR 425 CONJUNTO 19 CASA 01","FRENTE AO SACOLÃO DE VERDURAS","FRENTE AO SACOLÃO DE VERDURAS",-15.886417,-48.127528,true,"Operante","","","23/04/2025 10:30:00","23/04/2025 10:30:00","","100mm",""
"hid_2487","4609","SUD00013","4609","SUDOESTE E OCTOGONAL","SQSW 100, BLOCO G","B/G","B/G",-15.798178,-47.915252,true,"Operante","","","29/07/2025 10:20:00","29/07/2025 10:20:00","","100mm",""
"hid_2488","4610","SUD00014","4610","SUDOESTE E OCTOGONAL","SQSW 101, BLOCO E","ABAIXO BLOCO K","ABAIXO BLOCO K",-15.798742,-47.919225,true,"Operante","","","29/07/2025 10:05:00","29/07/2025 10:05:00","","100mm",""
"hid_2489","4611","SUD00015","4611","SUDOESTE E OCTOGONAL","SQSW 301, BLOCO G","ABAIXO DA QMSW 6","ABAIXO DA QMSW 6",-15.795219,-47.921853,true,"Operante","","","11/08/2025 11:40:00","11/08/2025 11:40:00","","100mm",""
"hid_2490","4612","SUD00016","4612","SUDOESTE E OCTOGONAL","SQSW 101, BLOCO A","LATERAL","LATERAL",-15.799372,-47.920331,true,"Operante","","","29/07/2025 10:08:00","29/07/2025 10:08:00","","100mm",""
"hid_2491","4614","SUD00017","4614","SUDOESTE E OCTOGONAL","CLSW 301, BLOCO C","Próximo a Dakota Shoppimg","Próximo a Dakota Shoppimg",-15.798222,-47.921858,true,"Operante","","","29/07/2025 10:32:00","29/07/2025 10:32:00","","100mm",""
"hid_2492","4615","SUD00018","4615","SUDOESTE E OCTOGONAL","SQSW 102, BLOCO G","G/F","G/F",-15.801114,-47.921108,true,"Operante","","","29/07/2025 09:20:00","29/07/2025 09:20:00","","100mm",""
"hid_2493","4617","SUD00020","4617","SUDOESTE E OCTOGONAL","SQSW 101, BLOCO B","FRENTE BLOCO 'B'","FRENTE BLOCO 'B'",-15.800642,-47.919564,false,"Inoperante","REGISTRO SOTERRADO","","29/07/2025 09:40:00","29/07/2025 09:40:00","","100mm",""
"hid_2494","4619","SUD00022","4619","SUDOESTE E OCTOGONAL","CLSW 101, BLOCO B","LOJA 64","LOJA 64",-15.797903,-47.919986,false,"Inoperante","REGISTRO SOTERRADO","","29/07/2025 10:12:00","29/07/2025 10:12:00","","100mm",""
"hid_2495","4620","SUD00023","4620","SUDOESTE E OCTOGONAL","CLSW 102, BL. C","FRENTE AO BLOCO 'C'","FRENTE AO BLOCO 'C'",-15.79995,-47.923306,true,"Operante","FALTA CABEÇOTE DA HASTE DO REGISTRO (LUVA)","","30/07/2025 10:55:00","30/07/2025 10:55:00","","100mm",""
"hid_2496","4621","SIA00121","4621","SIA (SETOR DE INDUSTRIA E ABASTECIMENTO)","SIN TRECHO 1 LOTE 15","EM FRENTE A TELBRAS","EM FRENTE A TELBRAS",-15.801167,-47.972056,true,"Operante","","","28/07/2026 11:15:00","28/07/2026 11:15:00","","100mm",""
"hid_2497","4622","SIA00122","4622","SIA (SETOR DE INDUSTRIA E ABASTECIMENTO)","SIN TRECHO 1 LOTE 15","EM FRENTE A RAÍZEN","EM FRENTE A RAÍZEN",-15.800139,-47.977861,true,"Operante","","","28/07/2026 11:10:00","28/07/2026 11:10:00","","100mm",""
"hid_2498","4623","SIA00123","4623","SIA (SETOR DE INDUSTRIA E ABASTECIMENTO)","SIN TRECHO 1 LOTE 14","EM FRENTE A LIQUIGÁS","EM FRENTE A LIQUIGÁS",-15.800694,-47.980111,true,"Operante","FALTA CABEÇOTE DA HASTE DO REGISTRO (LUVA)","","28/07/2026 11:11:00","28/07/2026 11:11:00","","100mm",""
"hid_2499","4624","GAM00134","4624","GAMA","SETOR CENTRAL - QUADRA 51 - SCE 1 LOTES 01/19 - BRB AGENCIA 104 - GAMA - DF","LATERAL DIREITA DO BANCO REGIONAL DE BRASILIA CENTRO.


LOCALIZAÇÃO CORRETA: S16º 01' 04.4"" W48º 03' 56.3""","LATERAL DIREITA DO BANCO REGIONAL DE BRASILIA CENTRO.


LOCALIZAÇÃO CORRETA: S16º 01' 04.4"" W48º 03' 56.3""",-16.017861,-48.065611,true,"Operante","FALTA CABEÇOTE DA HASTE DO REGISTRO (LUVA)","","16/04/2026 10:05:00","16/04/2026 10:05:00","","100mm",""
"hid_2500","4625","BSB00883","4625","BRASILIA","SHN Qd. 05 Bl. 'H' Na Via N2","LATERAL ESQUEDA DO HOTEL GRAND MERCURE","LATERAL ESQUEDA DO HOTEL GRAND MERCURE",-15.788611,-47.890389,true,"Operante","","","19/01/2026 15:24:00","19/01/2026 15:24:00","","100mm",""
"hid_2501","4629","BRZ00038","4629","BRAZLANDIA","SCDN A.E E/F","PRÓX. AO ESCRITÓRIO DA CAESB","PRÓX. AO ESCRITÓRIO DA CAESB",-15.684139,-48.196556,true,"Operante","","","22/01/2026 14:47:00","22/01/2026 14:47:00","","100mm","/hidrantes/brazlandia/BRZ00038.jpeg"
"hid_2502","4631","SAM00195","4631","SAMAMBAIA","QR 103 CONJUNTO 08 CASA 10","VIA PÚBLICA","VIA PÚBLICA",-15.880167,-48.094972,false,"Inoperante","REGISTRO EMPERRADO","","10/04/2025 17:23:00","10/04/2025 17:23:00","","100mm",""
"hid_2503","4632","SAM00196","4632","SAMAMBAIA","QR 103/105","PROXIMO AO PONTO DE ÔNIBUS","PROXIMO AO PONTO DE ÔNIBUS",-15.881389,-48.095833,true,"Operante","","","23/04/2025 11:00:00","23/04/2025 11:00:00","","100mm",""
"hid_2504","4633","SAM00197","4633","SAMAMBAIA","QS 107","PROXIMO A QS 109 CONJUNTO 07 LOTE 17 / COMÉRCIO LOCAL / PISTA PRINCIPAL","PROXIMO A QS 109 CONJUNTO 07 LOTE 17 / COMÉRCIO LOCAL / PISTA PRINCIPAL",-15.884,-48.099861,true,"Operante","","","27/02/2025 09:10:00","27/02/2025 09:10:00","","100mm",""
"hid_2505","4634","SAM00198","4634","SAMAMBAIA","QR 107 CONJUNTO 07 CASA 22","LATERAL DA IGREJA PRESBITERIANA","LATERAL DA IGREJA PRESBITERIANA",-15.8825,-48.099361,true,"Operante","","","27/02/2025 10:00:00","27/02/2025 10:00:00","","100mm",""
"hid_2506","4636","SAM00200","4636","SAMAMBAIA","QS 123 CONJUNTO 04 CASA 30","EM FRENTE A ESCOLA 123","EM FRENTE A ESCOLA 123",-15.893889,-48.122083,false,"Inoperante","CAIXA DO HIDRANTE OBSTRUIDA COM ESGOTO.; FALTA TAMPÃO DE 2.1/2""; FALTA TAMPÃO DE 4""","","16/04/2025 12:00:00","16/04/2025 12:00:00","","100mm",""
"hid_2507","4638","SAM00202","4638","SAMAMBAIA","QR 123/125","FUNDOS DA ESCOLA 123","FUNDOS DA ESCOLA 123",-15.894667,-48.123222,false,"Inoperante","ROSCA DE TAMPÃO DANIFICADO","","16/04/2025 11:00:00","16/04/2025 11:00:00","","100mm",""
"hid_2508","4639","SAM00203","4639","SAMAMBAIA","QR 205 CONJUNTO 03 CASA 17","FRENTE A CASA 17","FRENTE A CASA 17",-15.876972,-48.095889,true,"Operante","","","23/04/2025 11:30:00","23/04/2025 11:30:00","","100mm",""
"hid_2509","4640","SAM00204","4640","SAMAMBAIA","QR 205 CONJUNTO 07 CASA 14","ÁREA VERDE","ÁREA VERDE",-15.876417,-48.096778,true,"Operante","","","24/04/2025 13:18:00","24/04/2025 13:18:00","","100mm",""
"hid_2510","4641","SAM00205","4641","SAMAMBAIA","QR 205 CONJUNTO 06 CASA 35","LATERAL DIREITA CASA 35","LATERAL DIREITA CASA 35",-15.877639,-48.099194,true,"Operante","","","24/04/2025 13:18:00","24/04/2025 13:18:00","","100mm",""
"hid_2511","4642","SAM00206","4642","SAMAMBAIA","QR 207 CONJUNTO 02 CASA 11","VIA PÚBLICA","VIA PÚBLICA",-15.878861,-48.09925,false,"Inoperante","HIDRANTE SOTERRADO","","24/04/2025 13:18:00","24/04/2025 13:18:00","","100mm",""
"hid_2512","4643","SAM00207","4643","SAMAMBAIA","QR 207 CONJUNTO 05 CASA 23","LATERAL CASA 23","LATERAL CASA 23",-15.877778,-48.099611,true,"Operante","","","24/04/2025 13:18:00","24/04/2025 13:18:00","","100mm",""
"hid_2513","4644","SAM00208","4644","SAMAMBAIA","QR 207 CONJUNTO 02 CASA 27","VIA PÚBLICA","VIA PÚBLICA",-15.879083,-48.100278,true,"Operante","","","24/04/2025 13:19:00","24/04/2025 13:19:00","","100mm",""
"hid_2514","4645","SAM00209","4645","SAMAMBAIA","QR 207 CONJUNTO 05 CASA 43","LATERAL CASA 43","LATERAL CASA 43",-15.878444,-48.101194,true,"Operante","","","24/04/2025 13:19:00","24/04/2025 13:19:00","","100mm",""
"hid_2515","4646","SAM00210","4646","SAMAMBAIA","QR 209 CONJUNTO 05 CASA 20","FRENTE A CASA 20","FRENTE A CASA 20",-15.879694,-48.103889,true,"Operante","","","25/04/2025 10:30:00","25/04/2025 10:30:00","","100mm",""
"hid_2516","4647","SAM00211","4647","SAMAMBAIA","QR 211 CONJUNTO 05 CASA 11","FRENTE A CASA 27","FRENTE A CASA 27",-15.881611,-48.108,true,"Operante","","","11/04/2025 08:40:00","11/04/2025 08:40:00","","100mm",""
"hid_2517","4648","SAM00212","4648","SAMAMBAIA","QR 211 CONJUNTO 03 CASA 28","FRENTE A QUADRA DE ESPORTES","FRENTE A QUADRA DE ESPORTES",-15.881444,-48.1065,true,"Operante","","","11/04/2025 08:10:00","11/04/2025 08:10:00","","100mm",""
"hid_2518","4649","SAM00213","4649","SAMAMBAIA","QR 211 CONJUNTO 06 CASA 30","FRENTE A CASA 30","FRENTE A CASA 30",-15.882667,-48.107444,true,"Operante","","","11/04/2025 09:10:00","11/04/2025 09:10:00","","100mm",""
"hid_2519","4651","SAM00215","4651","SAMAMBAIA","QR 213 CONJUNTO 06 CASA 36","FRENTE A CASA 36","FRENTE A CASA 36",-15.88375,-48.110778,true,"Operante","","","11/04/2025 12:40:00","11/04/2025 12:40:00","","100mm",""
"hid_2520","4652","GAM00135","4652","GAMA","SETOR OESTE QD 22/32 - GAMA DF","Em frente ao Jardim de Infância 04 do Gama","Em frente ao Jardim de Infância 04 do Gama",-16.016889,-48.076389,false,"Inoperante","FALTA CABEÇOTE DA HASTE DO REGISTRO (LUVA); FALTA TAMPÃO DE 4""","","08/04/2026 09:48:00","08/04/2026 09:48:00","","100mm",""
"hid_2521","4653","SAM00216","4653","SAMAMBAIA","QR 303 CONJUNTO 01 LOTE 02","ATRÁS DA AGÊNCIA DO TRABALHADOR","ATRÁS DA AGÊNCIA DO TRABALHADOR",-15.883472,-48.09625,false,"Inoperante","FALTA TAMPÃO DE 2.1/2""; FALTA TAMPÃO DE 4""","","02/06/2026 07:11:00","02/06/2026 07:11:00","","100mm",""
"hid_2522","4654","SAM00217","4654","SAMAMBAIA","QR 303/305","LATERAL ESQUERDA DA ESCOLA CLASSE 303","LATERAL ESQUERDA DA ESCOLA CLASSE 303",-15.882611,-48.095,false,"Inoperante","FALTA TAMPÃO DE 2.1/2""; FALTA TAMPÃO DE 4""","","02/06/2026 07:11:00","02/06/2026 07:11:00","","100mm",""
"hid_2523","4655","SAM00218","4655","SAMAMBAIA","QS 305","A DIREITA DO POSTO DE COMBUSTÍVEL","A DIREITA DO POSTO DE COMBUSTÍVEL",-15.886889,-48.094806,true,"Operante","","","25/04/2025 11:30:00","25/04/2025 11:30:00","","100mm",""
"hid_2524","4657","SAM00220","4657","SAMAMBAIA","QN 307 CONJUNTO 06 LOTE02","ÁREA VERDE","ÁREA VERDE",-15.884194,-48.098139,false,"Inoperante","FALTAM BUJÕES E TAMPÕES","","13/02/2026 09:44:00","13/02/2026 09:44:00","","100mm",""
"hid_2525","4658","SAM00221","4658","SAMAMBAIA","QS 501 CONJUNTO 03","FRENTE AO LOTE 02","FRENTE AO LOTE 02",-15.887611,-48.085583,true,"Operante","","","14/04/2025 08:30:00","14/04/2025 08:30:00","","100mm",""
"hid_2526","4659","SAM00222","4659","SAMAMBAIA","QR 501 CONJUNTO 11 CASA 01","VIA PÚBLICA","VIA PÚBLICA",-15.887139,-48.089528,true,"Operante","PINTAR HIDRANTE DE AMARELO","","14/04/2025 09:30:00","14/04/2025 09:30:00","","100mm",""
"hid_2527","4660","SAM00223","4660","SAMAMBAIA","QR 503 CONJUNTO 09 CASA 01","CASA 01","CASA 01",-15.888639,-48.092417,true,"Operante","","","14/04/2025 10:30:00","14/04/2025 10:30:00","","100mm",""
"hid_2528","4661","SAM00224","4661","SAMAMBAIA","QR 505 CONJUNTO 04 CASA 06","ESQUINA CASA 06","ESQUINA CASA 06",-15.890556,-48.094833,true,"Operante","","","25/06/2026 16:38:00","25/06/2026 16:38:00","","100mm",""
"hid_2529","4662","SAM00225","4662","SAMAMBAIA","QR 505 CONJUNTO 03 CASA 02","ESQUINA CASA 02","ESQUINA CASA 02",-15.888889,-48.093722,false,"Inoperante","REGISTRO EMPERRADO","","25/06/2026 16:36:00","25/06/2026 16:36:00","","100mm",""
"hid_2530","4663","SAM00226","4663","SAMAMBAIA","QN 505 CONJUNTO 01 CASA 01","EM FRENTE A ÁREA VERDE DA CASA 01, PRÓXIMO AO PONTO DE ÔNIBUS","EM FRENTE A ÁREA VERDE DA CASA 01, PRÓXIMO AO PONTO DE ÔNIBUS",-15.88925,-48.095444,true,"Operante","","","25/06/2026 16:37:00","25/06/2026 16:37:00","","100mm",""
"hid_2531","4664","SAM00227","4664","SAMAMBAIA","QN 507","ATRÁS DA IGREJA ASSEMBLEIA DE DEUS","ATRÁS DA IGREJA ASSEMBLEIA DE DEUS",-15.889806,-48.096861,true,"Operante","","","25/06/2026 16:40:00","25/06/2026 16:40:00","","100mm",""
"hid_2532","4665","SAM00228","4665","SAMAMBAIA","QR 509 CONJUNTO 02 CASA 09","FRENTE A CASA 09","FRENTE A CASA 09",-15.8915,-48.098944,true,"Operante","","","25/06/2026 16:40:00","25/06/2026 16:40:00","","100mm",""
"hid_2533","4666","SAM00229","4666","SAMAMBAIA","QN 501 CONJUNTO 02","PRÓXIMO A AVENIDA CENTRAL","PRÓXIMO A AVENIDA CENTRAL",-15.88625,-48.085417,true,"Operante","","","27/02/2025 12:04:00","27/02/2025 12:04:00","","100mm",""
"hid_2534","4668","BRZ00039","4668","BRAZLANDIA","Setor Tradicional Q 17 Lote 01 Loja 02","Frente a Igreja Evangélica","Frente a Igreja Evangélica",-15.681694,-48.201083,true,"Operante","","","21/01/2026 15:30:00","21/01/2026 15:30:00","","100mm","/hidrantes/brazlandia/BRZ00039.jpeg"
"hid_2535","4669","BRZ00040","4669","BRAZLANDIA","Q 01/03 Setor Veredas","Quadra de Esportes","Quadra de Esportes",-15.671667,-48.200778,true,"Operante","","","19/02/2026 15:12:00","19/02/2026 15:12:00","","100mm","/hidrantes/brazlandia/BRZ00040.jpeg"
"hid_2536","4670","BRZ00041","4670","BRAZLANDIA","Q 38 Vila São José","Em frente a Escola Classe 06","Em frente a Escola Classe 06",-15.665333,-48.201,true,"Operante","","","21/01/2026 15:53:00","21/01/2026 15:53:00","","100mm","/hidrantes/brazlandia/BRZ00041.jpeg"
"hid_2537","4671","SAM00231","4671","SAMAMBAIA","QR 521 CONJUTO 08 CASA 22","EM FRENTE A BR 060.","EM FRENTE A BR 060.",-15.898944,-48.117556,true,"Operante","","","16/04/2025 07:45:00","16/04/2025 07:45:00","","100mm",""
"hid_2538","4673","SAM00233","4673","SAMAMBAIA","QR 519 CONJUTO 13 CASA 04","ÁREA PÚBLICA","ÁREA PÚBLICA",-15.895861,-48.114667,false,"Inoperante","HIDRANTE SOTERRADO","","28/04/2025 13:16:00","28/04/2025 13:16:00","","100mm",""
"hid_2539","4674","SAM00234","4674","SAMAMBAIA","QR 319 CONJUTO 01 CASA 45","FRENTE AO SUPERMERCADO ITATIAIA","FRENTE AO SUPERMERCADO ITATIAIA",-15.893583,-48.116444,false,"Inoperante","FALTA TAMPÃO DE 2.1/2""; FALTA TAMPÃO DE 4""","","02/06/2026 06:58:00","02/06/2026 06:58:00","","100mm",""
"hid_2540","4675","SAM00235","4675","SAMAMBAIA","QR 325 CONJUTO 01 CASA 19","FRENTE CASA 19","FRENTE CASA 19",-15.89875,-48.124778,true,"Operante","","","02/06/2026 06:57:00","02/06/2026 06:57:00","","100mm",""
"hid_2541","4676","SAM00236","4676","SAMAMBAIA","QN 325 CONJUNTO 07 LOTE 03","ATRÁS DA ESCOLA CLASSE 325","ATRÁS DA ESCOLA CLASSE 325",-15.897417,-48.12375,false,"Inoperante","FALTA TAMPÃO DE 2.1/2""; FALTA TAMPÃO DE 4""","","02/06/2026 06:57:00","02/06/2026 06:57:00","","100mm",""
"hid_2542","4677","SAM00237","4677","SAMAMBAIA","QR 321 CONJUTO 02 CASA 13","EM FRENTE A DROGASUL","EM FRENTE A DROGASUL",-15.896,-48.119028,true,"Operante","","","16/04/2025 08:20:00","16/04/2025 08:20:00","","100mm",""
"hid_2543","4678","SAM00238","4678","SAMAMBAIA","QN 321 CONJUNTO D","LATERAL ESQUERDA DO PONTO DE ÔNIBUS","LATERAL ESQUERDA DO PONTO DE ÔNIBUS",-15.894083,-48.11925,false,"Inoperante","REGISTRO SOTERRADO","","16/04/2025 13:00:00","16/04/2025 13:00:00","","100mm",""
"hid_2544","4679","SAM00239","4679","SAMAMBAIA","QR 125 CONJUTO 04 CASA 03","FRENTE A VIA DE ACESSO 100/300","FRENTE A VIA DE ACESSO 100/300",-15.894889,-48.125111,true,"Operante","","","02/06/2026 07:24:00","02/06/2026 07:24:00","","100mm",""
"hid_2545","4680","SAM00240","4680","SAMAMBAIA","QR 213 CONJUNTO 04 CASA 24","CASA 24","CASA 24",-15.883222,-48.109444,false,"Inoperante","FALTA TAMPÃO DE 2.1/2""; FALTA TAMPÃO DE 4""","","02/06/2026 07:36:00","02/06/2026 07:36:00","","100mm",""
"hid_2546","4682","SAM00242","4682","SAMAMBAIA","QR 303 CONJUNTO 15 CASA 03","FRENTE A CASA 03","FRENTE A CASA 03",-15.883111,-48.093361,true,"Operante","","","02/06/2026 07:04:00","02/06/2026 07:04:00","","100mm",""
"hid_2547","4683","SAM00243","4683","SAMAMBAIA","QS 303","AREA VERDE / LATERAL DIREITA DA ESCOLA ESPECIAL","AREA VERDE / LATERAL DIREITA DA ESCOLA ESPECIAL",-15.884861,-48.093,true,"Operante","","","02/06/2026 07:06:00","02/06/2026 07:06:00","","100mm",""
"hid_2548","4684","SAM00370","4684","SAMAMBAIA","QR 217 CONJUNTO 5","AO LADO DO ESTACIONAMENTO PÚBLICO","AO LADO DO ESTACIONAMENTO PÚBLICO",-15.884778,-48.114056,true,"Operante","FALTA CABEÇOTE DA HASTE DO REGISTRO (LUVA)","","02/06/2026 07:37:00","02/06/2026 07:37:00","","100mm",""
"hid_2549","4685","SAM00245","4685","SAMAMBAIA","QR 217 Lote 2 - ÁREA VERDE","ÁREA VERDE","ÁREA VERDE",-15.885222,-48.115028,true,"Operante","FALTA CABEÇOTE DA HASTE DO REGISTRO (LUVA)","","02/06/2026 07:38:00","02/06/2026 07:38:00","","100mm",""
"hid_2550","4686","SAM00246","4686","SAMAMBAIA","QR 217 ÁREA VERDE","EM FRENTE A REDE DE ALTA TENSÃO","EM FRENTE A REDE DE ALTA TENSÃO",-15.88575,-48.114278,false,"Inoperante","ROSCA DE TAMPÃO DANIFICADO","","02/06/2026 07:39:00","02/06/2026 07:39:00","","100mm",""
"hid_2551","4687","SAM00247","4687","SAMAMBAIA","QR 319 CONJUTO 01 CASA 02","PRÓXIMO A QUADRA DE ESPORTES","PRÓXIMO A QUADRA DE ESPORTES",-15.892917,-48.114556,true,"Operante","","","02/06/2026 07:00:00","02/06/2026 07:00:00","","100mm",""
"hid_2552","4688","SAM00248","4688","SAMAMBAIA","QR 317/319","LADO DIREITO DA LOJA MARUJO HIDRAULICA","LADO DIREITO DA LOJA MARUJO HIDRAULICA",-15.8935,-48.11275,true,"Operante","","","29/04/2025 07:40:00","29/04/2025 07:40:00","","100mm",""
"hid_2553","4689","SAM00249","4689","SAMAMBAIA","QR 319 CONJUTO 04 CASA 04","PROXIMO AO LAVA JATO","PROXIMO AO LAVA JATO",-15.894722,-48.113778,false,"Inoperante","","","02/06/2026 07:02:00","02/06/2026 07:02:00","","100mm",""
"hid_2554","4690","LAN00006","4690","LAGO NORTE","SHIN QI 03 CONJUNTO 09 CASA 01","LATERAL DA CASA 01","LATERAL DA CASA 01",-15.728972,-47.866639,true,"Operante","","","30/12/2025 11:09:00","30/12/2025 11:09:00","","100mm",""
"hid_2555","4698","SAM00250","4698","SAMAMBAIA","QN 303 CONJUNTO 07","FUNDOS DA AGÊNCIA DO TRABALHADOR","FUNDOS DA AGÊNCIA DO TRABALHADOR",-15.880444,-48.092889,true,"Operante","FALTA TAMPÃO DE 2.1/2""; FALTA TAMPÃO DE 4""","","02/06/2026 07:05:00","02/06/2026 07:05:00","","100mm",""
"hid_2556","4700","SAM00251","4700","SAMAMBAIA","QR 303 CONJUNTO 05 CASA 02","LATERAL DA CASA 02","LATERAL DA CASA 02",-15.881528,-48.093639,true,"Operante","","","02/06/2026 07:06:00","02/06/2026 07:06:00","","100mm",""
"hid_2557","4702","SO200011","4702","SOBRADINHO II","AR 22 CONJUNTO 04 CASA 12B - SOBRADINHO II-DF","EM FRENTE A CASA 12B

LOCALIZAÇÃO CORRETA: 15º 39' 03.0""S 47º 49' 07.0""W","EM FRENTE A CASA 12B

LOCALIZAÇÃO CORRETA: 15º 39' 03.0""S 47º 49' 07.0""W",-15.650806,-47.818611,true,"Operante","","","14/01/2026 15:30:00","14/01/2026 15:30:00","","100mm",""
"hid_2558","4703","SO200012","4703","SOBRADINHO II","AVENIDA CENTRAL CONJUNTO 22 CASA 10 B","FRANTE A IGREJA","FRANTE A IGREJA",-15.648528,-47.816639,true,"Operante","","","14/01/2026 15:34:00","14/01/2026 15:34:00","","100mm",""
"hid_2559","4704","GAM00136","4704","GAMA","SETOR LESTE PENITENCIÁRIA FEMNINA DO GAMA - GRANJA LUIS FERNANDO, ÁREA ESP.Nº 2- GAMA - DF","PARTE EXTERNA/EM FRENTE AO BANEHEIRO DE VISITANTES/PRÓX. AO PORTÃO PRINCIPAL.","PARTE EXTERNA/EM FRENTE AO BANEHEIRO DE VISITANTES/PRÓX. AO PORTÃO PRINCIPAL.",-16.0065,-48.041611,true,"Operante","","","27/04/2026 10:44:00","27/04/2026 10:44:00","","100mm",""
"hid_2560","4705","GAM00137","4705","GAMA","SETOR LESTE PENITENCIÁRIA FEMININA DO GAMA - GRANJA LUIS FERNANDO, ÁREA ESP.Nº 2- GAMA - DF","PARTE INTERNA / PROXIMO AO BLOCO II","PARTE INTERNA / PROXIMO AO BLOCO II",-16.005,-48.041611,true,"Operante","","","27/04/2026 11:13:00","27/04/2026 11:13:00","","100mm",""
"hid_2561","4706","GAM00138","4706","GAMA","SETOR LESTE PENITENCIÁRIA FEMNINA DO GAMA - GRANJA LUIS FERNANDO, ÁREA ESP.Nº 2- GAMA - DF","PARTE INTERNA/NA VIA/ PROXIMO AO BLOCO III","PARTE INTERNA/NA VIA/ PROXIMO AO BLOCO III",-16.003806,-48.041583,false,"Inoperante","HIDRANTE REMOVIDO OU NÃO ENCONTRADO","","27/04/2026 11:16:00","27/04/2026 11:16:00","","100mm",""
"hid_2562","4708","SAM00252","4708","SAMAMBAIA","QR 209 CONJUNTO 02 CASA 27","PRÓXIMO A QUADRA DE ESPORTES","PRÓXIMO A QUADRA DE ESPORTES",-15.880111,-48.102944,true,"Operante","","","02/06/2026 07:35:00","02/06/2026 07:35:00","","100mm",""
"hid_2563","4726","SOB00043","4726","SOBRADINHO","QUADRA 14 CONJ. A1 ESQUINA DO EDIFÍCIO CLÁUDIA.","ESQUINA DA ENTRADA QUE DÁ ACESSO AO DETRAN SOBRADINHO.","ESQUINA DA ENTRADA QUE DÁ ACESSO AO DETRAN SOBRADINHO.",-15.648953,-47.782024,true,"Operante","","","11/07/2025 08:40:00","11/07/2025 08:40:00","","100mm",""
"hid_2564","4727","SAM00253","4727","SAMAMBAIA","QR 125 CONJUNTO 01 CASA 20","FRENTE A CASA 20","FRENTE A CASA 20",-15.894833,-48.126694,true,"Operante","","","02/06/2026 07:25:00","02/06/2026 07:25:00","","100mm",""
"hid_2565","4728","SAM00254","4728","SAMAMBAIA","QS 1029 NO BALÃO","PRÓXIMO AO SUPERMERCADO IDEAL","PRÓXIMO AO SUPERMERCADO IDEAL",-15.8855,-48.145111,true,"Operante","","","16/04/2025 13:13:00","16/04/2025 13:13:00","","100mm",""
"hid_2566","4731","REC00181","4731","RECANTO DAS EMAS","QUADRA 204 CONJUNTO 1 CASA 18 RECANTO DAS EMAS-DF","NA ESQUINA DA CASA 18 PROXIMO AS ARVORES E A CERCA DE FERRO.


LOCALIZAÇÃO CORRETA: 15º54'21.7"" W48º03'40.6""","NA ESQUINA DA CASA 18 PROXIMO AS ARVORES E A CERCA DE FERRO.


LOCALIZAÇÃO CORRETA: 15º54'21.7"" W48º03'40.6""",-15.905994,-408.061276,true,"Operante","","","28/08/2024 15:50:00","28/08/2024 15:50:00","","100mm",""
"hid_2567","4732","REC00182","4732","RECANTO DAS EMAS","QUADRA 116 CONJUNTO 9 CASA 2 RECANTO DAS EMAS-DF","EM FRENTE A CASA 2.

LOCALIZAÇÃO CORRETA: S15º 55' 48.1"" W48º 06' 37.9""","EM FRENTE A CASA 2.

LOCALIZAÇÃO CORRETA: S15º 55' 48.1"" W48º 06' 37.9""",-15.930002,-48.110988,true,"Operante","","","08/06/2026 10:54:00","08/06/2026 10:54:00","","100mm",""
"hid_2568","4734","VAR00001","4734","VARJAO","QUADRA 06 CONJUNTO 'C' CASA - 02","FRENTE A ESCOLA CLASSE VARJÃO","FRENTE A ESCOLA CLASSE VARJÃO",-15.709861,-47.878639,true,"Operante","FALTA TAMPÃO DE 2.1/2""","","09/01/2026 09:41:00","09/01/2026 09:41:00","","100mm",""
"hid_2569","4736","VAR00002","4736","VARJAO","QUADRA 08 CHÁCARA 78","PRAÇA DESPORTIVA - FRENTE DRAGARIA FAMANOSSA","PRAÇA DESPORTIVA - FRENTE DRAGARIA FAMANOSSA",-15.708806,-47.879639,false,"Inoperante","CAIXA DE REGISTRO CHEIA D'ÁGUA","","09/01/2026 09:42:00","09/01/2026 09:42:00","","100mm",""
"hid_2570","4737","VIC00044","4737","VICENTE PIRES","COLONIA AGRICOLA SAMAMBAIA CHÁCARA 35 LOTE 05","MARGINAL DA EPTG / FRENTE A MÓVEIS BRASÍLIA","MARGINAL DA EPTG / FRENTE A MÓVEIS BRASÍLIA",-15.823639,-48.025556,true,"Operante","","","04/03/2026 17:50:00","04/03/2026 17:50:00","","100mm",""
"hid_2571","4738","VIC00045","4738","VICENTE PIRES","COLONIA AGRICOLA SAMAMBAIA CHÁCARA 42 LOTE 04A RUA A2","FRENTE AO LOTE 4A","FRENTE AO LOTE 4A",-15.822917,-48.031056,true,"Operante","","","25/02/2026 14:52:00","25/02/2026 14:52:00","","100mm",""
"hid_2572","4739","VIC00046","4739","VICENTE PIRES","COLONIA AGRICOLA SAMAMBAIA CHÁCARA 136 LOTE 73A","FRENTE AO LOTE 73A","FRENTE AO LOTE 73A",-15.826889,-48.036639,true,"Operante","","","25/02/2026 15:12:00","25/02/2026 15:12:00","","100mm",""
"hid_2573","4740","VIC00047","4740","VICENTE PIRES","COLONIA AGRICOLA SAMAMBAIA chácara 152 lote 4A","FRENTE AO LAVA JATO DAS MENINAS","FRENTE AO LAVA JATO DAS MENINAS",-15.82125,-48.052889,false,"Inoperante","REGISTRO SOTERRADO","","04/03/2026 14:22:00","04/03/2026 14:22:00","","100mm",""
"hid_2574","4741","VIC00048","4741","VICENTE PIRES","COLONIA AGRICOLA SAMAMBAIA CHÁCARA 106A CONJUNTO C LOTE 12","FRENTE AO LOTE 12","FRENTE AO LOTE 12",-15.807278,-48.054111,true,"Operante","","","04/03/2026 14:31:00","04/03/2026 14:31:00","","100mm",""
"hid_2575","4742","VIC00049","4742","VICENTE PIRES","COLONIA AGRICOLA SAMAMBAIA CHÁCARA 109 CASA 09 RUA 01","FRENTE A CASA 09","FRENTE A CASA 09",-15.812944,-48.052972,true,"Operante","","","04/03/2026 14:27:00","04/03/2026 14:27:00","","100mm",""
"hid_2576","4744","VIC00050","4744","VICENTE PIRES","COLONIA AGRICOLA SAMAMBAIA CHÁCARA 146/1 CONJUNTO C LOTE 12","FRENTE A SOLUÇÃO ELÉTRICA","FRENTE A SOLUÇÃO ELÉTRICA",-15.827194,-48.050028,true,"Operante","","","25/02/2026 14:01:00","25/02/2026 14:01:00","","100mm",""
"hid_2577","4745","VIC00051","4745","VICENTE PIRES","COLONIA AGRICOLA SAMAMBAIA CHÁCARA 111B LOTE 1","PROXIMO AO LAVA JATO","PROXIMO AO LAVA JATO",-15.824472,-48.046222,false,"Inoperante","TAMPA DA CAIXA LACRADA (CONCRETADA)","","25/02/2026 14:04:00","25/02/2026 14:04:00","","100mm",""
"hid_2578","4746","VIC00052","4746","VICENTE PIRES","COLONIA AGRICOLA SAMAMBAIA CHÁCARA 115B","A ESQUERDA DO MERCADO BELO","A ESQUERDA DO MERCADO BELO",-15.821139,-48.043111,true,"Operante","","","25/02/2026 14:08:00","25/02/2026 14:08:00","","100mm",""
"hid_2579","4747","VIC00053","4747","VICENTE PIRES","RUA 12 CHÁCARA 129A LOTE 31 VICENTE PIRES-DF","LATERAL DIREITA DO SUPERMERCADO PRA VOCÊ.","LATERAL DIREITA DO SUPERMERCADO PRA VOCÊ.",-15.794583,-48.051167,true,"Operante","","","04/03/2026 14:49:00","04/03/2026 14:49:00","","100mm",""
"hid_2580","4748","VIC00054","4748","VICENTE PIRES","CHÁCARA 146 MARGINAL DA DF 095 ESTRUTURAL","FRENTE AO DEPÓSITO DE TIJOLOS E AREIA","FRENTE AO DEPÓSITO DE TIJOLOS E AREIA",-15.791472,-48.034139,true,"Operante","","","04/03/2026 15:40:00","04/03/2026 15:40:00","","100mm",""
"hid_2581","4751","CEI00108","4751","CEILANDIA","QI 10 - TERRENO BALDIO","NA ÁREA VERDE - EM FRENTE AO TERRENO BALDIO","NA ÁREA VERDE - EM FRENTE AO TERRENO BALDIO",-15.804806,-48.156028,true,"Operante","","","16/05/2025 10:11:00","16/05/2025 10:11:00","","100mm",""
"hid_2582","4752","CEI00109","4752","CEILANDIA","QI 14 - TERRENO BALDIO","NA ÁREA VERDE - EM FRENTE AO TERRENO BALDIO","NA ÁREA VERDE - EM FRENTE AO TERRENO BALDIO",-15.803778,-48.156361,false,"Inoperante","FALTA FLANGE; FALTAM BUJÕES E TAMPÕES ; FALTA TAMPÃO DE 2.1/2""; FALTA TAMPÃO DE 4""","","16/05/2025 10:15:00","16/05/2025 10:15:00","","100mm",""
"hid_2583","4753","SEB00077","4753","SAO SEBASTIAO","QUADRA 01 CONJUNTO 06 CASA 05 (MORRO AZUL)","FRENTE A CASA 05","FRENTE A CASA 05",-15.894444,-47.784778,true,"Operante","","","22/09/2025 09:34:00","22/09/2025 09:34:00","","100mm",""
"hid_2584","4755","SOB00044","4755","SOBRADINHO","QUADRA 01 CONJ. D1 ÚLTIMA RUA","PRÓXIMO A SUBESTAÇÃO DE TRATAMENTO DE ESGOTOS DA CAESB.","PRÓXIMO A SUBESTAÇÃO DE TRATAMENTO DE ESGOTOS DA CAESB.",-15.659476,-47.810457,false,"Inoperante","FALTAM BUJÕES E TAMPÕES","","14/07/2025 10:00:00","14/07/2025 10:00:00","","100mm",""
"hid_2585","4756","SAM00255","4756","SAMAMBAIA","QR 502 Conj. 13 Casa 29","Ao lado da casa 29","Ao lado da casa 29",-15.8855,-48.082194,true,"Operante","","","08/04/2025 15:30:00","08/04/2025 15:30:00","","100mm",""
"hid_2586","4758","SAM00256","4758","SAMAMBAIA","QN 504 Conj. 02","Área verde - Próx. à Borracharia e Igreja Independente/ Pista de acesso 300/500","Área verde - Próx. à Borracharia e Igreja Independente/ Pista de acesso 300/500",-15.882083,-48.079944,true,"Operante","","","07/04/2025 13:03:00","07/04/2025 13:03:00","","100mm",""
"hid_2587","4759","SAM00257","4759","SAMAMBAIA","QR 504 Conj. 11 Casa 18","Frente a Casa 18","Frente a Casa 18",-15.885583,-48.078417,true,"Operante","","","29/04/2025 14:59:00","29/04/2025 14:59:00","","100mm",""
"hid_2588","4760","SAM00258","4760","SAMAMBAIA","QR 504 Conj. 05 Casa 17","Esquina da casa 17 Pista 300/500","Esquina da casa 17 Pista 300/500",-15.884736,-48.079889,true,"Operante","","","08/04/2025 15:30:00","08/04/2025 15:30:00","","100mm",""
"hid_2589","4770","SAM00259","4770","SAMAMBAIA","QN 506 Conj. 02 - Área de Comércio","Em frente ao supermercado Universe","Em frente ao supermercado Universe",-15.881167,-48.076278,false,"Inoperante","FALTAM BUJÕES E TAMPÕES","","25/06/2026 16:38:00","25/06/2026 16:38:00","","100mm",""
"hid_2590","4771","SAM00260","4771","SAMAMBAIA","QN 506 Conj. 04 - Área de Comércio","Próx. à Escola Classe 504 / Área Verde","Próx. à Escola Classe 504 / Área Verde",-15.88225,-48.077528,true,"Operante","","","25/06/2026 16:38:00","25/06/2026 16:38:00","","100mm",""
"hid_2591","4772","SAM00261","4772","SAMAMBAIA","QR 506 Conj. 09 Casa 05","Área verde / Pista de acesso à 300/500","Área verde / Pista de acesso à 300/500",-15.883361,-48.077139,true,"Operante","","","08/04/2025 15:31:00","08/04/2025 15:31:00","","100mm",""
"hid_2592","4773","SAM00262","4773","SAMAMBAIA","QR 506 Conj. 11 Casa 09","Frente casa 09 / Pista acesso BR 060","Frente casa 09 / Pista acesso BR 060",-15.884444,-48.074611,true,"Operante","","","25/06/2026 16:39:00","25/06/2026 16:39:00","","100mm",""
"hid_2593","4774","SAM00263","4774","SAMAMBAIA","QR 506 Conj. 14 Casa 09","Lateral da Casa 09","Lateral da Casa 09",-15.884972,-48.076806,true,"Operante","","","25/06/2026 16:38:00","25/06/2026 16:38:00","","100mm",""
"hid_2594","4788","SAM00264","4788","SAMAMBAIA","QR 110 Conj. 17 Casa 09","Frente a casa 09","Frente a casa 09",-159.19307,-481.225713,true,"Operante",".; TIPO DE CAIXA DO REGISTRO DE HIDRANTE DE ALVENARIA","","28/12/2021 00:00:00","28/12/2021 00:00:00","","100mm",""
"hid_2595","4794","ACL00001","4794","AGUAS CLARAS","NO CRUZAMENTO DAS AVENIDAS ARAUCÁRIA COM A AV. CIBIPIRUNA","EM FRENTE AO POSTO GASOLINA GARANTIA","EM FRENTE AO POSTO GASOLINA GARANTIA",-15.841667,-48.031639,true,"Operante","","","03/04/2025 07:43:00","03/04/2025 07:43:00","","100mm","/hidrantes/aguas_claras/ACL00001.jpeg"
"hid_2596","4795","ACL00002","4795","AGUAS CLARAS","AVENIDA SIBIPIRUNA Nº 18 / RUA JERIVÁ","ENTRADA DA RUA JERIVÁ","ENTRADA DA RUA JERIVÁ",-15.844472,-48.032472,true,"Operante","","","03/04/2025 07:42:00","03/04/2025 07:42:00","","100mm","/hidrantes/aguas_claras/ACL00002.jpeg"
"hid_2597","4796","ACL00003","4796","AGUAS CLARAS","RUA 25 SUL AVENIDA ARAUCARIA","NA ESQUINA DA AVENIDA ARAUCARIA","NA ESQUINA DA AVENIDA ARAUCARIA",-15.841472,-48.029944,true,"Operante","","","08/05/2025 13:35:00","08/05/2025 13:35:00","","100mm","/hidrantes/aguas_claras/ACL00003.jpeg"
"hid_2598","4797","ACL00004","4797","AGUAS CLARAS","CRUZAMENTO DAS AVENIDAS ARAUCÁRIAS COM A AVENIDA PAU BRASIL","CRUZAMENTO DAS AVENIDAS ARAUCÁRIA COM A AV. PAU BRASIL","CRUZAMENTO DAS AVENIDAS ARAUCÁRIA COM A AV. PAU BRASIL",-15.841722,-48.027694,true,"Operante","PINTAR HIDRANTE DE AMARELO","","04/04/2025 08:30:00","04/04/2025 08:30:00","","100mm","/hidrantes/aguas_claras/ACL00004.jpeg"
"hid_2599","4798","ACL00005","4798","AGUAS CLARAS","RUA 17 SUL LOTE 07","PROXIMO AO RESIDENCIAL POLITEL","PROXIMO AO RESIDENCIAL POLITEL",-15.840167,-48.021417,true,"Operante","PINTAR HIDRANTE DE AMARELO","","04/04/2025 09:30:00","04/04/2025 09:30:00","","100mm","/hidrantes/aguas_claras/ACL00005.jpeg"
"hid_2600","4799","ACL00006","4799","AGUAS CLARAS","QUADRA 203 ENTRADA","PROXIMO A PRAÇA ANDORINHA","PROXIMO A PRAÇA ANDORINHA",-15.840417,-48.0175,false,"Inoperante","","","08/05/2025 13:36:00","08/05/2025 13:36:00","","100mm","/hidrantes/aguas_claras/ACL00006.jpeg"
"hid_2601","4800","SAM00265","4800","SAMAMBAIA","SMSE - Conj. 14 Lote 01","Via BR 060","Via BR 060",-15.871472,-48.054869,true,"Operante","","","28/04/2025 13:49:00","28/04/2025 13:49:00","","100mm",""
"hid_2602","4808","SAM00266","4808","SAMAMBAIA","QR 106 Conj. 15 lote 01","Frente ao Residencial Sagres","Frente ao Residencial Sagres",-15.873518,-408.080317,false,"Inoperante","FALTAM BUJÕES E TAMPÕES ; TAMPA DA CAIXA LACRADA (CONCRETADA)","","01/04/2025 11:00:00","01/04/2025 11:00:00","","100mm",""
"hid_2603","4809","SAM00267","4809","SAMAMBAIA","QS 104 Conj. 04 Lt. 01 Lj. 01A","Esquina Agropecuária Terra Nova","Esquina Agropecuária Terra Nova",-15.876208,-408.082504,true,"Operante",".; CAIXA DE REGISTRO DE HIDRANTE CHEIA D'ÁGUA ; HIDRANTE COM VAZAMENTO NOS TAMPÕES (NÃO IMPEDITIVO); REGISTRO DE HIDRANTE COM VAZAMENTO( NÃO IMPEDITIVO); TIPO DE CAIXA DO REGISTRO DE HIDRANTE DE ALVENARIA","","28/12/2021 00:00:00","28/12/2021 00:00:00","","100mm",""
"hid_2604","4810","SAM00268","4810","SAMAMBAIA","QR 104 Conj. 02","Entre a igreja Alagoinha samambaia e a obra ALEPO CONSTRUTORA","Entre a igreja Alagoinha samambaia e a obra ALEPO CONSTRUTORA",-15.874992,-408.081319,false,"Inoperante","HIDRANTE ABAIXO DO NÍVEL DO CHÃO","","01/04/2025 11:30:00","01/04/2025 11:30:00","","100mm",""
"hid_2605","4812","GUA00112","4812","GUARA","CONDOMÍNIO SUPER QUADRA BRASÍLIA","CONDOMÍNIO SUPER QUADRA BRASÍLIA","CONDOMÍNIO SUPER QUADRA BRASÍLIA",-15.812778,-47.994556,true,"Operante","","","20/08/2026 10:55:00","20/08/2026 10:55:00","","100mm",""
"hid_2606","4813","GUA00113","4813","GUARA","SQB - QUADRA 2","ATRÁS DO SHOPPING","ATRÁS DO SHOPPING",-15.813194,-47.993889,true,"Operante","","","20/08/2026 10:59:00","20/08/2026 10:59:00","","100mm",""
"hid_2607","4814","GUA00114","4814","GUARA","SQB - QD. 3","SQB - QD. 3","SQB - QD. 3",-15.812639,-47.993306,true,"Operante","","","20/08/2026 11:03:00","20/08/2026 11:03:00","","100mm",""
"hid_2608","4816","GUA00116","4816","GUARA","QE 4 CONJUNTO G","MERCADO LARAMIX","MERCADO LARAMIX",-15.813722,-47.9885,true,"Operante","","","20/08/2026 10:35:00","20/08/2026 10:35:00","","100mm",""
"hid_2609","4817","GUA00117","4817","GUARA","QI 8 BLOCO P","PRAÇA DE ESPORTES","PRAÇA DE ESPORTES",-15.81475,-47.990167,false,"Inoperante","FALTA CABEÇOTE DA HASTE DO REGISTRO (LUVA)","","18/08/2026 11:22:00","18/08/2026 11:22:00","","100mm",""
"hid_2610","4820","SAM00270","4820","SAMAMBAIA","QR 304 CONJUNTO 09 CASA 01","CAPS III","CAPS III",-15.879083,-48.081806,true,"Operante","","","02/06/2026 07:08:00","02/06/2026 07:08:00","","100mm",""
"hid_2611","4821","SAM00271","4821","SAMAMBAIA","QN 502 CONJUNTO 16 LOTE 01","POSTO DE GASOLINA","POSTO DE GASOLINA",-15.88325,-48.083333,true,"Operante","HIDRANTE SOTERRADO","","08/04/2025 15:46:00","08/04/2025 15:46:00","","100mm",""
"hid_2612","4822","SAM00272","4822","SAMAMBAIA","QR 306 CONJUNTO 12 CASA 01","EC 304","EC 304",-15.878111,-48.078028,true,"Operante","","","02/06/2026 07:07:00","02/06/2026 07:07:00","","100mm",""
"hid_2613","4823","SAM00273","4823","SAMAMBAIA","QN 306/304","EM FRENTE À PARADA DE ÔNIBUS","EM FRENTE À PARADA DE ÔNIBUS",-15.877389,-48.082194,true,"Operante","","","02/06/2026 07:07:00","02/06/2026 07:07:00","","100mm",""
"hid_2614","4827","SAM00274","4827","SAMAMBAIA","QN 502 CONJUNTO 18","FERRAGENS ARCO ÍRIS","FERRAGENS ARCO ÍRIS",-15.882764,-48.083404,true,"Operante","","","08/04/2025 15:30:00","08/04/2025 15:30:00","","100mm",""
"hid_2615","4830","SAM00275","4830","SAMAMBAIA","QR 320 CONJUNTO 02 CASA 31","SEM REFERÊNCIA","SEM REFERÊNCIA",-15.872278,-48.061694,true,"Operante","","","08/04/2025 14:45:00","08/04/2025 14:45:00","","100mm",""
"hid_2616","4835","STM00198","4835","SANTA MARIA","CONDOMINIO SANTOS DUMONT - QRB 5 BLOCO D","EM FRENTE A ENTRADA DO BLOCO D","EM FRENTE A ENTRADA DO BLOCO D",-15.996889,-47.996167,true,"Operante","","","05/03/2026 15:02:00","05/03/2026 15:02:00","","100mm",""
"hid_2617","4836","STM00199","4836","SANTA MARIA","CONDOMÍNIO TOTAL VILLE - SHOPPING TOTAL VILLE MALL","AVENIDA PRINCIPAL - EM FRENTE AO ESTACIONAMENTO DO SHOPPING","AVENIDA PRINCIPAL - EM FRENTE AO ESTACIONAMENTO DO SHOPPING",-16.027444,-47.983694,true,"Operante","","","23/03/2026 21:56:00","23/03/2026 21:56:00","","100mm",""
"hid_2618","4837","STM00200","4837","SANTA MARIA","CONDOMÍNIO TOTAL VILLE - RUA PRINCIPAL QUADRA 402 LOTE 9/12","LATERAL DIREITA PRÓXIMO AO BLOCO G","LATERAL DIREITA PRÓXIMO AO BLOCO G",-16.028306,-47.986361,true,"Operante","","","23/03/2026 21:55:00","23/03/2026 21:55:00","","100mm",""
"hid_2619","4838","STM00201","4838","SANTA MARIA","CONDOMÍNIO TOTAL VILLE - RUA PRINCIPAL QUADRA 402 LOTE 9/12","LATERAL ESQUERDA PRÓXIMO AO BLOCO T","LATERAL ESQUERDA PRÓXIMO AO BLOCO T",-16.029111,-47.989083,true,"Operante","","","23/03/2026 21:54:00","23/03/2026 21:54:00","","100mm",""
"hid_2620","4839","STM00202","4839","SANTA MARIA","CONDOMÍNIO TOTAL VILLE - RUA 400 LOTE 401QUADRA 105","LATERAL ESQUERDA DO LOTE 401","LATERAL ESQUERDA DO LOTE 401",-16.030889,-47.991694,true,"Operante","","","23/03/2026 21:53:00","23/03/2026 21:53:00","","100mm",""
"hid_2621","4840","STM00203","4840","SANTA MARIA","CONDOMÍNIO TOTAL VILLE - RUA 500 LOTE 502 QUADRA 102","EM FRENTE AO LOTE 502 QUADRA 102","EM FRENTE AO LOTE 502 QUADRA 102",-16.030389,-47.988056,true,"Operante","","","23/03/2026 21:54:00","23/03/2026 21:54:00","","100mm",""
"hid_2622","4841","STM00204","4841","SANTA MARIA","CONDOMÍNIO TOTAL VILLE - RUA 600 LOTE 601 QUADRA 101","LATERAL ESQUERDA DO LOTE 601","LATERAL ESQUERDA DO LOTE 601",-16.030306,-47.985361,true,"Operante","","","23/03/2026 21:55:00","23/03/2026 21:55:00","","100mm",""
"hid_2623","4842","SAM00276","4842","SAMAMBAIA","QS 314","EM FRENTE À CLÍNICA DA FAMÍLIA","EM FRENTE À CLÍNICA DA FAMÍLIA",-15.876917,-48.067472,true,"Operante","","","02/06/2026 07:08:00","02/06/2026 07:08:00","","100mm",""
"hid_2624","4843","SAM00277","4843","SAMAMBAIA","QR 314 CONJUNTO 07 CASA 16","DROGARIA MENEZES","DROGARIA MENEZES",-15.874361,-48.066361,true,"Operante","","","26/02/2025 11:30:00","26/02/2025 11:30:00","","100mm",""
"hid_2625","4844","SAM00278","4844","SAMAMBAIA","QR 312 CONJUNTO 04","AO LADO DA CRECHE","AO LADO DA CRECHE",-15.874083,-48.069444,false,"Inoperante","HIDRANTE SOTERRADO","","02/06/2026 07:21:00","02/06/2026 07:21:00","","100mm",""
"hid_2626","4845","SAM00279","4845","SAMAMBAIA","QN 312 CONJUNTO 06 LOTE 06","SEM REFERÊNCIA","SEM REFERÊNCIA",-15.874694,-48.071444,false,"Inoperante","REGISTRO SOTERRADO","","02/06/2026 07:20:00","02/06/2026 07:20:00","","100mm",""
"hid_2627","4846","SAM00280","4846","SAMAMBAIA","QR 310 CONJUNTO 14 CASA 12","ARMARINHO REBOUÇAS","ARMARINHO REBOUÇAS",-15.873861,-48.070667,false,"Inoperante","FALTA TAMPÃO DE 2.1/2""; FALTA TAMPÃO DE 4""","","02/06/2026 07:20:00","02/06/2026 07:20:00","","100mm",""
"hid_2628","4850","VIC00056","4850","VICENTE PIRES","RUA 10 CHÁCARA 129 / RUA 12A","LATERAL DA DROGARIA MED SHOP","LATERAL DA DROGARIA MED SHOP",-15.798583,-48.050667,true,"Operante","","","04/03/2026 14:41:00","04/03/2026 14:41:00","","100mm",""
"hid_2629","4851","VIC00057","4851","VICENTE PIRES","SHVP RUA 3 CHÁCARA 29 LOTE 8B MARGINAL DA VIA ESTRUTURAL VICENTE PIRES-DF","ENTRE A ESTRUTURAL VIDROS E A NACIONAL GÁS / PROXIMO A PASSARELA DE PEDESTRES.","ENTRE A ESTRUTURAL VIDROS E A NACIONAL GÁS / PROXIMO A PASSARELA DE PEDESTRES.",-15.78775,-48.011444,true,"Operante","","","02/04/2025 10:57:00","02/04/2025 10:57:00","","100mm",""
"hid_2630","4856","STM00205","4856","SANTA MARIA","TRECHO 5 CONJ. 3 LOTE 1 - POLO JK - SANTA MARIA-DF","FUNDOS DA NOVA CASA/PISTA DE ACESSO À PULLMAN","FUNDOS DA NOVA CASA/PISTA DE ACESSO À PULLMAN",-16.041306,-47.966194,true,"Operante","","","26/03/2026 15:05:00","26/03/2026 15:05:00","","100mm",""
"hid_2631","4857","STM00206","4857","SANTA MARIA","TRECHO 5 CONJ. 4 LOTE 12 - POLO JK - SANTA MARIA-DF","PRÓXIMO À EMS","PRÓXIMO À EMS",-16.042194,-47.960194,true,"Operante","","","26/03/2026 15:28:00","26/03/2026 15:28:00","","100mm",""
"hid_2632","4858","STM00207","4858","SANTA MARIA","QC 3 BLOCO A SANTA MARIA-DF","NA ÁREA VERDE EM FRENTE AO PARK ECOLOGICO DE SANTA MARIA / PRÓXIMO AO ESTACIONAMENTO DA QC 3.","NA ÁREA VERDE EM FRENTE AO PARK ECOLOGICO DE SANTA MARIA / PRÓXIMO AO ESTACIONAMENTO DA QC 3.",-16.019806,-48.012333,true,"Operante","","","23/03/2026 22:08:00","23/03/2026 22:08:00","","100mm",""
"hid_2633","4859","STM00208","4859","SANTA MARIA","QC 3 BLOCO D SANTA MARIA-DF","NA ÁREA VERDE EM FRENTE AO PARK ECOLOGICO DE SANTA MARIA / EM FRENTE À PISTA DA QC 3.

LOCALIZAÇÃO CORRETA: S16º 01' 01.6 W48º 00' 38.8""","NA ÁREA VERDE EM FRENTE AO PARK ECOLOGICO DE SANTA MARIA / EM FRENTE À PISTA DA QC 3.

LOCALIZAÇÃO CORRETA: S16º 01' 01.6 W48º 00' 38.8""",-16.017111,-48.010806,true,"Operante","","","23/03/2026 22:07:00","23/03/2026 22:07:00","","100mm",""
"hid_2634","4862","SAM00281","4862","SAMAMBAIA","QN 512 CONJUNTO 03","AO LADO DA QUADRA DE ESPORTE","AO LADO DA QUADRA DE ESPORTE",-15.878917,-48.068194,true,"Operante","","","08/04/2025 11:30:00","08/04/2025 11:30:00","","100mm",""
"hid_2635","4864","SAM00282","4864","SAMAMBAIA","QR 516 CONJUNTO 14 CASA 09","EM FRENTE A CASA 09","EM FRENTE A CASA 09",-15.880556,-48.064028,true,"Operante","","","08/04/2025 09:00:00","08/04/2025 09:00:00","","100mm",""
"hid_2636","4865","SAM00283","4865","SAMAMBAIA","QS 516 CONJUNTO 13","AO LADO DA PARADA DE ÔNIBUS","AO LADO DA PARADA DE ÔNIBUS",-15.879444,-48.061889,true,"Operante","","","13/03/2025 16:19:00","13/03/2025 16:19:00","","100mm",""
"hid_2637","4866","SAM00284","4866","SAMAMBAIA","SMSE CONJUNTO 06 LOTE 03 CASA 2","FRENTE A BR 060","FRENTE A BR 060",-15.880667,-48.059917,true,"Operante","","","13/03/2025 16:19:00","13/03/2025 16:19:00","","100mm",""
"hid_2638","4867","ACL00007","4867","AGUAS CLARAS","Qd. 101 entrada da quadra","Proximo a praça Tie","Proximo a praça Tie",-15.832389,-48.0115,true,"Operante","PINTAR HIDRANTE DE AMARELO","","04/04/2025 09:30:00","04/04/2025 09:30:00","","100mm","/hidrantes/aguas_claras/ACL00007.jpeg"
"hid_2639","4872","SAM00286","4872","SAMAMBAIA","SMSE CONJUNTO 9 LOTE 5 CASA 3","SEM REFERÊNCIA","SEM REFERÊNCIA",-15.876694,-48.058028,true,"Operante","","","13/03/2025 16:20:00","13/03/2025 16:20:00","","100mm",""
"hid_2640","4908","ACL00008","4908","AGUAS CLARAS","QS 11 CONJUNTO S CASA 1 - AGUAS CLARAS","CASA 1","CASA 1",-15.867944,-48.0175,true,"Operante","","","03/04/2025 11:30:00","03/04/2025 11:30:00","","100mm","/hidrantes/aguas_claras/ACL00008.jpeg"
"hid_2641","4909","ACL00009","4909","AGUAS CLARAS","QS 11 CONJUNTO ESQUINA DA CASA 23","CASA 23 - ESQUINA","CASA 23 - ESQUINA",-15.87225,-48.038583,true,"Operante","","","06/08/2024 12:00:00","06/08/2024 12:00:00","","100mm","/hidrantes/aguas_claras/ACL00009.jpeg"
"hid_2642","4910","ACL00010","4910","AGUAS CLARAS","QS 11 CONJUNTO F CANTEIRO CENTRAL","EM FRENTE A CASA 21","EM FRENTE A CASA 21",-15.869583,-48.018917,true,"Operante","","","03/04/2025 12:20:00","03/04/2025 12:20:00","","100mm","/hidrantes/aguas_claras/ACL00010.jpeg"
"hid_2643","4911","ACL00011","4911","AGUAS CLARAS","QS 11 CONJUNTO P CASA 61","EM FRENTE A IGREJA ASSEMBLEIA DE DEUS","EM FRENTE A IGREJA ASSEMBLEIA DE DEUS",-15.869889,-48.016833,true,"Operante","","","03/04/2025 08:00:00","03/04/2025 08:00:00","","100mm","/hidrantes/aguas_claras/ACL00011.jpeg"
"hid_2644","4912","ACL00012","4912","AGUAS CLARAS","QS 11 CONJUNTO W CASA 25","CENTRO EDUCACIONAL INFANTIL AGUAS CLARAS","CENTRO EDUCACIONAL INFANTIL AGUAS CLARAS",-15.870556,-48.014972,true,"Operante","","","03/04/2025 08:30:00","03/04/2025 08:30:00","","100mm","/hidrantes/aguas_claras/ACL00012.jpeg"
"hid_2645","4913","ACL00013","4913","AGUAS CLARAS","ADE CONJUNTO 17 LOTE 3/4","CONJUNTO 17","CONJUNTO 17",-15.876278,-48.011556,true,"Operante","","","03/04/2025 09:00:00","03/04/2025 09:00:00","","100mm","/hidrantes/aguas_claras/ACL00013.jpeg"
"hid_2646","4915","ACL00014","4915","AGUAS CLARAS","ADE CONJUNTO 21 LOTE 4 - CANTEIRO CENTRAL","EM FRENTE AO LOTE 4","EM FRENTE AO LOTE 4",-15.876222,-48.005667,true,"Operante","","","03/04/2025 08:30:00","03/04/2025 08:30:00","","100mm","/hidrantes/aguas_claras/ACL00014.jpeg"
"hid_2647","4916","ACL00015","4916","AGUAS CLARAS","ADE CONJUNTO 24 LOTE 4","CONJUNTO 24","CONJUNTO 24",-15.875333,-48.000306,true,"Operante","","","03/04/2025 08:00:00","03/04/2025 08:00:00","","100mm","/hidrantes/aguas_claras/ACL00015.jpeg"
"hid_2648","4917","ACL00016","4917","AGUAS CLARAS","ADE CONJUNTO 01 LOTE","PROX. POSTO DE GASOLINA","PROX. POSTO DE GASOLINA",-15.874694,-48.030833,false,"Inoperante","HIDRANTE REMOVIDO OU NÃO ENCONTRADO","","14/08/2024 13:00:00","14/08/2024 13:00:00","","100mm","/hidrantes/aguas_claras/ACL00016.jpeg"
"hid_2649","4918","ACL00017","4918","AGUAS CLARAS","QS 8 CONJUNTO 420A CASA 7","EM FRENTE A CASA 7","EM FRENTE A CASA 7",-15.861111,-48.023694,true,"Operante","","","03/04/2025 11:00:00","03/04/2025 11:00:00","","100mm","/hidrantes/aguas_claras/ACL00017.jpeg"
"hid_2650","4919","ACL00018","4919","AGUAS CLARAS","QS 8 AVENIDA PRINCIPAL DO AREAL","EM FRENTE AO GTOP/PMDF","EM FRENTE AO GTOP/PMDF",-15.861778,-48.025944,true,"Operante","","","03/04/2025 11:30:00","03/04/2025 11:30:00","","100mm","/hidrantes/aguas_claras/ACL00018.jpeg"
"hid_2651","4920","ACL00019","4920","AGUAS CLARAS","QS 8 AVENIDA PRINCIPAL DO AREAL","EM FRENTE A DROGARIA EXATA","EM FRENTE A DROGARIA EXATA",-15.863056,-48.025028,true,"Operante","","","03/04/2025 09:00:00","03/04/2025 09:00:00","","100mm","/hidrantes/aguas_claras/ACL00019.jpeg"
"hid_2652","4921","ACL00020","4921","AGUAS CLARAS","QS 5 PRAÇA 310","ATRAZ DO COND. VARANDAS DO SUL","ATRAZ DO COND. VARANDAS DO SUL",-15.859056,-48.032056,true,"Operante","","","03/04/2025 12:45:00","03/04/2025 12:45:00","","100mm","/hidrantes/aguas_claras/ACL00020.jpeg"
"hid_2653","4923","ACL00022","4923","AGUAS CLARAS","QS 5 RUA 300 LOTE 3","AO LADO DA FACULDADE ICESP","AO LADO DA FACULDADE ICESP",-15.854111,-48.03225,true,"Operante","","","03/04/2025 07:41:00","03/04/2025 07:41:00","","100mm","/hidrantes/aguas_claras/ACL00022.jpeg"
"hid_2654","4926","ACL00025","4926","AGUAS CLARAS","QUADRA 206","PROXIMO DA PRAÇA TUIM - PÃO DE AÇUCAR","PROXIMO DA PRAÇA TUIM - PÃO DE AÇUCAR",-15.842833,-48.022972,true,"Operante","FALTA TAMPÃO DE 2.1/2""; PINTAR HIDRANTE DE AMARELO","","04/04/2025 09:00:00","04/04/2025 09:00:00","","100mm","/hidrantes/aguas_claras/ACL00025.jpeg"
"hid_2655","4927","ACL00026","4927","AGUAS CLARAS","AVENIDA PAU BRASIL","ENTRADA DA QUADRA 208","ENTRADA DA QUADRA 208",-15.844389,-48.027944,false,"Inoperante","REGISTRO DANIFICADO; REGISTRO NÃO FUNCIONA","","06/08/2024 12:30:00","06/08/2024 12:30:00","","100mm","/hidrantes/aguas_claras/ACL00026.jpeg"
"hid_2656","4929","ACL00028","4929","AGUAS CLARAS","RUA 17 SUL","EM FRENTE AO SHOPPING METROPOLE","EM FRENTE AO SHOPPING METROPOLE",-15.840194,-48.021111,true,"Operante","","","04/04/2025 10:00:00","04/04/2025 10:00:00","","100mm","/hidrantes/aguas_claras/ACL00028.jpeg"
"hid_2657","4932","ACL00031","4932","AGUAS CLARAS","AV. PARQUE AGUAS CLARAS -","PROXIMO DAS QUADRAS 105 - 106 E RUA 26 NORTE","PROXIMO DAS QUADRAS 105 - 106 E RUA 26 NORTE",-15.834694,-48.03,true,"Operante","PINTAR HIDRANTE DE AMARELO","","04/04/2025 08:30:00","04/04/2025 08:30:00","","100mm","/hidrantes/aguas_claras/ACL00031.jpeg"
"hid_2658","4935","ACL00034","4935","AGUAS CLARAS","QS 05 RUA 400","ESQUINA DA CASA 13","ESQUINA DA CASA 13",-15.852167,-48.034583,true,"Operante","","","03/04/2025 07:42:00","03/04/2025 07:42:00","","100mm","/hidrantes/aguas_claras/ACL00034.jpeg"
"hid_2659","4936","ACL00035","4936","AGUAS CLARAS","QS 05 RUA 100 LOTE 2","ESQUINA DO RESIDENCIA COSTA VERDE","ESQUINA DO RESIDENCIA COSTA VERDE",-15.854694,-48.034056,true,"Operante","","","03/04/2025 07:42:00","03/04/2025 07:42:00","","100mm","/hidrantes/aguas_claras/ACL00035.jpeg"
"hid_2660","4944","CEI00110","4944","CEILANDIA","EQNN 1/3 BLOCO B LOJA 1","AO LADO DIREITO DA PANIFICADORA IDEAL","AO LADO DIREITO DA PANIFICADORA IDEAL",-15.816694,-48.1105,true,"Operante","","","13/08/2025 09:30:00","13/08/2025 09:30:00","","100mm",""
"hid_2661","4946","BSB00884","4946","BRASILIA","SETOR DE ADMINISTRAÇÃO FEDERAL NORTE - ANEXO DA PRESIDÊNCIA DA REPÚBLICA","NO ESTACIONAMENTO EXTERNO DO ANEXO DA PR/ NA ÁREA VERDE DO HELIPONTO","NO ESTACIONAMENTO EXTERNO DO ANEXO DA PR/ NA ÁREA VERDE DO HELIPONTO",-15.799111,-47.856806,true,"Operante","","","11/02/2026 18:46:00","11/02/2026 18:46:00","","100mm",""
"hid_2662","4951","CEI00111","4951","CEILANDIA","QI 08 LOTE 11 - SETOR DE INDÚSTRIA DA CEILÂNDIA","LOTE 11","LOTE 11",-15.802472,-48.148056,true,"Operante","","","16/05/2025 10:06:00","16/05/2025 10:06:00","","100mm",""
"hid_2663","4954","JAR00043","4954","JARDIM BOTANICO","SHJB 3 QD. 8 CONJ. A CAPELA NOSSA SENHORA DAS DORES","Em Frente Capela Nossa Senhora Das Dores","Em Frente Capela Nossa Senhora Das Dores",-15.886556,-47.802389,true,"Operante","","","12/11/2025 11:00:00","12/11/2025 11:00:00","","100mm",""
"hid_2664","4963","SNP00001","4963","PÔR DO SOL E SOL NASCENTE","QUADRA 700 BLOCO 'F4' ( SOL NASCENTE )","FRENTE AO BLOCO 'F4' DO CONDOMÍNIO PORTO DO SOL","FRENTE AO BLOCO 'F4' DO CONDOMÍNIO PORTO DO SOL",-15.84,-48.132278,false,"Inoperante","FALTAM BUJÕES E TAMPÕES","","20/08/2025 11:05:00","20/08/2025 11:05:00","","100mm",""
"hid_2665","4964","SNP00002","4964","PÔR DO SOL E SOL NASCENTE","SETOR HABITACIONAL PÔR DO SOL QD. 104 CONJUTO B CASA 03","NA ESQUINA","NA ESQUINA",-15.856389,-48.113194,false,"Inoperante","REGISTRO CONCRETADO; TAMPA DA CAIXA LACRADA (CONCRETADA)","","20/08/2025 11:33:00","20/08/2025 11:33:00","","100mm",""
"hid_2666","4965","SNP00003","4965","PÔR DO SOL E SOL NASCENTE","SETOR HABITACIONAL PÔR DO SOL QD. 201 CONJUTO A LOTE 1/2","FRENTE A IGREJA BATISTA SHALOM","FRENTE A IGREJA BATISTA SHALOM",-15.853278,-48.116944,false,"Inoperante","REGISTRO SOTERRADO","","20/08/2025 11:42:00","20/08/2025 11:42:00","","100mm",""
"hid_2667","4966","SNP00004","4966","PÔR DO SOL E SOL NASCENTE","SETOR HABITACIONAL PÔR DO SOL QD. 204 CONJUTO A CASA 01","FRENTE A PADARIA KI-SALGADO","FRENTE A PADARIA KI-SALGADO",-15.853528,-48.113917,true,"Operante","","","20/08/2025 11:39:00","20/08/2025 11:39:00","","100mm",""
"hid_2668","4967","SNP00005","4967","PÔR DO SOL E SOL NASCENTE","SETOR HABITACIONAL PÔR DO SOL QD. 304 CONJUTO A CASA 03","FRENTE A SAGITARIUS FORRO DE PVC","FRENTE A SAGITARIUS FORRO DE PVC",-15.857833,-48.117361,true,"Operante","","","20/08/2025 11:25:00","20/08/2025 11:25:00","","100mm",""
"hid_2669","4968","SNP00006","4968","PÔR DO SOL E SOL NASCENTE","SETOR HABITACIONAL PÔR DO SOL QD. 601 CONJUTO C CASA 01","LATERAL ESQUERDA DA PARADA DE ÔNIBUS","LATERAL ESQUERDA DA PARADA DE ÔNIBUS",-15.857361,-48.121722,false,"Inoperante","FALTAM BUJÕES E TAMPÕES","","20/08/2025 11:21:00","20/08/2025 11:21:00","","100mm",""
"hid_2670","4969","SNP00007","4969","PÔR DO SOL E SOL NASCENTE","SETOR HABITACIONAL PÔR DO SOL QD. 702 CONJUTO C CASA 02","LATERAL DIREITA DO LOTE / FRENTE A ÁREA VERDE","LATERAL DIREITA DO LOTE / FRENTE A ÁREA VERDE",-15.856139,-48.125833,true,"Operante","","","20/08/2025 11:17:00","20/08/2025 11:17:00","","100mm",""
"hid_2671","4973","STM00210","4973","SANTA MARIA","DF 290 KM 1/2 CH. 12 - SANTA MARIA","NA ÁREA VERDE/ NA SAÍDA DO POSTO DE COMBUSTÍVEL IPIRANGA","NA ÁREA VERDE/ NA SAÍDA DO POSTO DE COMBUSTÍVEL IPIRANGA",-16.04875,-47.992944,false,"Inoperante","REGISTRO DANIFICADO","","26/03/2026 16:07:00","26/03/2026 16:07:00","","100mm",""
"hid_2672","4974","STM00211","4974","SANTA MARIA","RESIDENCIAL SANTA MARIA, MÓDULO 3 NA ROTATORIA - SANTA MARIA DF","NA ROTATÓRIA EM FRENTE A LIMA CAMARÕES E PESCADOS/ EM FRENTE AO PREDIO BRANCO DE 4 ANDARES.

LOCALIZAÇÃO CORRETA: S16º 02' 59.5"" W48º 00' 05.2""","NA ROTATÓRIA EM FRENTE A LIMA CAMARÕES E PESCADOS/ EM FRENTE AO PREDIO BRANCO DE 4 ANDARES.

LOCALIZAÇÃO CORRETA: S16º 02' 59.5"" W48º 00' 05.2""",-16.049806,-48.001417,true,"Operante","FALTA TAMPÃO DE 2.1/2""","","26/03/2026 15:17:00","26/03/2026 15:17:00","","100mm",""
"hid_2673","4976","GUA00119","4976","GUARA","QE 40 RUA 07 LOTE 11","FRENTE AO Ed. MIRANTE DO PARK","FRENTE AO Ed. MIRANTE DO PARK",-15.848722,-47.979972,true,"Operante","","","15/07/2026 10:32:00","15/07/2026 10:32:00","","100mm",""
"hid_2674","4977","BSB00885","4977","BRASILIA","SCRS 516 Bl. ""C"" Loja 75 - Via W3","Na Via W3- Em frente ao Bl. ""C"" Loja 75 ( Ferraz Consórcio )","Na Via W3- Em frente ao Bl. ""C"" Loja 75 ( Ferraz Consórcio )",-15.829278,-47.92925,true,"Operante","","","05/11/2025 08:00:00","05/11/2025 08:00:00","","100mm",""
"hid_2675","4979","BSB00886","4979","BRASILIA","SCRS 515 Bl. ""C"" Loja 73 - Via W3","Na Via W3- Em frente ao Bl. ""C"" Loja 73 - SICOOB","Na Via W3- Em frente ao Bl. ""C"" Loja 73 - SICOOB",-15.827139,-47.926417,true,"Operante","","","05/11/2025 08:30:00","05/11/2025 08:30:00","","100mm",""
"hid_2676","4980","BSB00887","4980","BRASILIA","SCRS 513 Bl. ""C"" Loja 77 - Via W3","Na Via W3- Em frente ao Bl. ""C"" Loja 77","Na Via W3- Em frente ao Bl. ""C"" Loja 77",-15.823278,-47.921056,true,"Operante","","","03/01/2025 09:00:00","03/01/2025 09:00:00","","100mm",""
"hid_2677","4981","BSB00888","4981","BRASILIA","SCRS 513 Bl. ""A"" Loja 01- Via W3","Na Via W3- Em frente ao Bl. ""A"" Loja 01 - Ponta Adm. de Consórcios","Na Via W3- Em frente ao Bl. ""A"" Loja 01 - Ponta Adm. de Consórcios",-15.821778,-47.919056,true,"Operante","","","03/01/2025 09:20:00","03/01/2025 09:20:00","","100mm",""
"hid_2678","4991","BSB00895","4991","BRASILIA","SCRS 509 Bl. ""A"" Loja 47 - Via W3","Na Via W3- Em frente ao Bl. ""A"" Loja 47","Na Via W3- Em frente ao Bl. ""A"" Loja 47",-15.814333,-47.908722,true,"Operante","","","03/01/2025 11:05:00","03/01/2025 11:05:00","","100mm",""
"hid_2679","4992","BSB00896","4992","BRASILIA","SCRS 508 Bl. ""C"" Loja 63 - Via W3","Na Via W3- Em frente ao Bl. ""C"" Loja 63","Na Via W3- Em frente ao Bl. ""C"" Loja 63",-15.8135,-47.9075,true,"Operante","","","03/01/2025 11:15:00","03/01/2025 11:15:00","","100mm",""
"hid_2680","4993","BSB00897","4993","BRASILIA","SCRS 508 Bl. ""A"" - Via W3","Na Via W3- Em frente ao Bl. ""A"" ( Espaço Cultural Renato Russo )","Na Via W3- Em frente ao Bl. ""A"" ( Espaço Cultural Renato Russo )",-15.812333,-47.905917,true,"Operante","","","03/01/2025 11:25:00","03/01/2025 11:25:00","","100mm",""
"hid_2681","4994","BSB00898","4994","BRASILIA","SCRS 507 Bls ""B"" / ""C"" - Via W3","Na Via W3- Entre os Bls ""B"" / ""C""","Na Via W3- Entre os Bls ""B"" / ""C""",-15.811194,-47.904333,false,"Inoperante","","","03/01/2025 11:30:00","03/01/2025 11:30:00","","100mm",""
"hid_2682","4995","BSB00899","4995","BRASILIA","SCRS 506 Bl. ""A"" Loja 45 - Via W3","Na Via W3- Em frente ao Bl. ""A"" Loja 45","Na Via W3- Em frente ao Bl. ""A"" Loja 45",-15.808722,-47.901528,true,"Operante","","","03/01/2025 11:35:00","03/01/2025 11:35:00","","100mm",""
"hid_2683","4996","BSB00900","4996","BRASILIA","SCRS 505 Bl. ""C"" Loja 06 - Via W3","Na Via W3- Em frente ao Bl. ""C"" Loja 06 - ( IGREJA DO EVANGELIO QUADRANGULAR )","Na Via W3- Em frente ao Bl. ""C"" Loja 06 - ( IGREJA DO EVANGELIO QUADRANGULAR )",-15.807472,-47.899944,false,"Inoperante","","","03/01/2025 22:36:00","03/01/2025 22:36:00","","100mm",""
"hid_2684","4997","BSB00901","4997","BRASILIA","SCRS 504 Bl. ""B"" / ""C"" - Via W3","Na Via W3- Em frente ao Bl. ""B"" / ""C""","Na Via W3- Em frente ao Bl. ""B"" / ""C""",-15.805472,-47.897944,true,"Operante","","","07/01/2025 14:00:00","07/01/2025 14:00:00","","100mm",""
"hid_2685","4998","BSB00902","4998","BRASILIA","SCRS 503 Bl. ""B"" Loja 43/44 - Via W3","Na Via W3- Em frente ao Bl. ""B"" Loja 43/44","Na Via W3- Em frente ao Bl. ""B"" Loja 43/44",-15.802833,-47.895528,true,"Operante","","","24/01/2025 07:44:00","24/01/2025 07:44:00","","100mm",""
"hid_2686","4999","BSB00903","4999","BRASILIA","SCRS 502 Bl. A Loja 51- Via W3","","",-15.800306,-47.893472,false,"Inoperante","CAIXA DE CONCRETO DANIFICADO ; REGISTRO CONCRETADO","","31/03/2025 10:00:00","31/03/2025 10:00:00","","100mm",""
"hid_2687","5000","BSB00904","5000","BRASILIA","SCRS 510 Bl. ""A"" Loja 11 - Via W3","Na Via W3- Em frente ao Bl. ""A"" Loja 11 - Atacadão Oliveira","Na Via W3- Em frente ao Bl. ""A"" Loja 11 - Atacadão Oliveira",-15.816239,-47.911219,true,"Operante","","","03/01/2025 10:45:00","03/01/2025 10:45:00","","100mm",""
"hid_2688","5001","BSB00905","5001","BRASILIA","SCRS 509 Bl. ""C"" Loja 61 - Via W3","Na Via W3- Em frente ao Bl. ""C"" Loja 63","Na Via W3- Em frente ao Bl. ""C"" Loja 63",-15.815461,-47.910139,true,"Operante","","","03/01/2025 10:55:00","03/01/2025 10:55:00","","100mm",""
"hid_2689","5002","BSB00906","5002","BRASILIA","SCRS 516 Bl. ""A"" Loja 45/46 - Via W3","Na Via W3- Em frente ao Bl. ""A"" Loja 45/46 ( Pão de Açucar )","Na Via W3- Em frente ao Bl. ""A"" Loja 45/46 ( Pão de Açucar )",-15.827839,-47.927317,true,"Operante","","","05/11/2025 11:30:00","05/11/2025 11:30:00","","100mm",""
"hid_2690","5003","CRU00042","5003","CRUZEIRO","SRES - Q 12 BL. ""D 1"" Casa 15","Próx. à Casa 15","Próx. à Casa 15",-15.780297,-47.934219,true,"Operante","","","26/06/2025 10:00:00","26/06/2025 10:00:00","","100mm",""
"hid_2691","5004","CRU00043","5004","CRUZEIRO","SRES 12, BLOCOS J,L,J2 Casa 15","PARALELO À VIA S1","PARALELO À VIA S1",-15.779189,-47.935447,true,"Operante","","","26/06/2025 09:40:00","26/06/2025 09:40:00","","100mm",""
"hid_2692","5005","CRU00044","5005","CRUZEIRO","SRES 12, BLOCO R, Casa 94","Próx. Casa 94","Próx. Casa 94",-15.779256,-47.936761,true,"Operante","","","26/06/2025 09:00:00","26/06/2025 09:00:00","","100mm",""
"hid_2693","5006","CRU00045","5006","CRUZEIRO","SRES 12, BLOCO U, CASA 04","Lateral direira da casa 04","Lateral direira da casa 04",-15.7807,-47.938181,true,"Operante","","","26/06/2025 08:30:00","26/06/2025 08:30:00","","100mm",""
"hid_2694","5007","CRU00046","5007","CRUZEIRO","CENTRO EDUCACIONAL 01 DO CRUZEIRO VELHO","Lateral direita da Administração do Cruzeiro","Lateral direita da Administração do Cruzeiro",-15.783503,-47.937817,false,"Inoperante","FALTA CABEÇOTE DA HASTE DO REGISTRO (LUVA); REGISTRO DANIFICADO; REGISTRO NÃO FUNCIONA","","26/06/2025 08:00:00","26/06/2025 08:00:00","","100mm",""
"hid_2695","5008","CRU00047","5008","CRUZEIRO","SHCES 301, BLOCOS E/F","Entre ""E/F""","Entre ""E/F""",-15.7996,-47.943083,true,"Operante","","","04/08/2026 10:38:00","04/08/2026 10:38:00","","100mm",""
"hid_2696","5009","CRU00048","5009","CRUZEIRO","SHCES 407 BLOCOS ""C/D""","ENTRE OS BLOCOS ""C/D""","ENTRE OS BLOCOS ""C/D""",-15.795131,-47.941397,false,"Inoperante","FALTA TAMPÃO DE 4""","","04/08/2026 11:23:00","04/08/2026 11:23:00","","100mm",""
"hid_2697","5010","CRU00049","5010","CRUZEIRO","SHCES 605, BLOCOS A/B","ENTRE BLOCOS ""A"" e ""B""","ENTRE BLOCOS ""A"" e ""B""",-15.795528,-47.940136,true,"Operante","","","04/08/2026 11:20:00","04/08/2026 11:20:00","","100mm",""
"hid_2698","5011","CRU00050","5011","CRUZEIRO","SHCES 803 BL. ""B""","LATERAL ESQUERDA DO BL. 'B'","LATERAL ESQUERDA DO BL. 'B'",-15.798472,-47.939328,true,"Operante","","","29/07/2026 11:07:00","29/07/2026 11:07:00","","100mm",""
"hid_2699","5012","CRU00051","5012","CRUZEIRO","SHCES 1301 BLOCO A","PRÓXIMO AO BLOCO A","PRÓXIMO AO BLOCO A",-15.79925,-47.937256,true,"Operante","","","29/07/2026 11:15:00","29/07/2026 11:15:00","","100mm",""
"hid_2700","5013","CRU00052","5013","CRUZEIRO","SHCES 1311, BLOCO I","EDIFÍCIO TORONTO","EDIFÍCIO TORONTO",-15.791192,-47.934,true,"Operante","FALTA CABEÇOTE DA HASTE DO REGISTRO (LUVA); REGISTRO COM VAZAMENTO","","29/07/2026 10:55:00","29/07/2026 10:55:00","","100mm",""
"hid_2701","5014","CRU00053","5014","CRUZEIRO","SHCES 1401, BLOCO C","FRENTE AO BLOCO C","FRENTE AO BLOCO C",-15.798,-47.936003,true,"Operante","","","29/07/2026 10:33:00","29/07/2026 10:33:00","","100mm",""
"hid_2702","5015","CRU00071","5015","CRUZEIRO","SHCES 1405, BLOCO H","FRENTE","FRENTE",-15.796353,-47.935081,false,"Inoperante","REGISTRO EMPERRADO","","29/07/2026 10:42:00","29/07/2026 10:42:00","","100mm",""
"hid_2703","5016","CRU00055","5016","CRUZEIRO","SHCES 1501, BLOCO G","AO LADO POSTO COMBUSTÍVEL","AO LADO POSTO COMBUSTÍVEL",-15.799022,-47.935647,false,"Inoperante","REGISTRO EMPERRADO","","29/07/2026 10:27:00","29/07/2026 10:27:00","","100mm",""
"hid_2704","5017","CRU00056","5017","CRUZEIRO","SHCES 1501 BLOCO H","Comércio local","Comércio local",-15.798419,-47.935722,true,"Operante","","","29/07/2026 10:32:00","29/07/2026 10:32:00","","100mm",""
"hid_2705","5018","CRU00057","5018","CRUZEIRO","SHCES 1505, BLOCO D","Lateral direita","Lateral direita",-15.7941,-47.934189,true,"Operante","","","29/07/2026 10:52:00","29/07/2026 10:52:00","","100mm",""
"hid_2706","5019","CRU00058","5019","CRUZEIRO","SHCES 1603, BLOCOS A/E","Fundos","Fundos",-15.7978,-47.934569,true,"Operante","","","29/07/2026 10:39:00","29/07/2026 10:39:00","","100mm",""
"hid_2707","5020","CRU00059","5020","CRUZEIRO","SHCES 1603, ÁREA ESPECIAL","TERMINAL DE ÔNIBUS","TERMINAL DE ÔNIBUS",-15.795814,-47.933958,true,"Operante","","","04/08/2026 11:46:00","04/08/2026 11:46:00","","100mm",""
"hid_2708","5021","CRU00060","5021","CRUZEIRO","HFA - SRI - II Bloco ""A""","Próx. à Guarita - Fundos do Bl. ""A"" ao lado esquerdo do estacionamento","Próx. à Guarita - Fundos do Bl. ""A"" ao lado esquerdo do estacionamento",-15.801956,-47.939228,true,"Operante","","","29/07/2026 10:05:00","29/07/2026 10:05:00","","100mm",""
"hid_2709","5022","OCT00008","5022","SUDOESTE E OCTOGONAL","SAISO - QD. 02 Bl. "" B ""","Coordenação da POLÍCIA CIVIL / Frente a Guarita","Coordenação da POLÍCIA CIVIL / Frente a Guarita",-15.808433,-47.932125,true,"Operante","","","29/07/2025 08:00:00","29/07/2025 08:00:00","","100mm",""
"hid_2710","5023","OCT00009","5023","SUDOESTE E OCTOGONAL","Q. 02 Bl. ""D""","Próx. ao alambrado","Próx. ao alambrado",-15.805225,-47.938756,true,"Operante","","","28/07/2025 08:30:00","28/07/2025 08:30:00","","100mm",""
"hid_2711","5024","OCT00010","5024","SUDOESTE E OCTOGONAL","AOS 4, BLOCO F","FUNDOS DO BLOCO E/F","FUNDOS DO BLOCO E/F",-15.808294,-47.9411,true,"Operante","","","30/07/2025 14:25:00","30/07/2025 14:25:00","","100mm",""
"hid_2712","5025","OCT00011","5025","SUDOESTE E OCTOGONAL","Q. 04 Bl. ""B""","Próx. à Adm. dos Bl's. /Fundos do Bl. ""B""","Próx. à Adm. dos Bl's. /Fundos do Bl. ""B""",-15.808228,-47.942333,true,"Operante","","","30/07/2025 14:24:00","30/07/2025 14:24:00","","100mm",""
"hid_2713","5026","OCT00012","5026","SUDOESTE E OCTOGONAL","Q. 04 Bl. ""B""","Próx. ao estacionamento","Próx. ao estacionamento",-15.808775,-47.942483,true,"Operante","","","30/07/2025 14:24:00","30/07/2025 14:24:00","","100mm",""
"hid_2714","5027","SUD00024","5027","SUDOESTE E OCTOGONAL","SQSW - 504 Bl. J/G","Próx. ao Bl. J/G","Próx. ao Bl. J/G",-15.799153,-47.931253,true,"Operante","","","30/07/2025 10:52:00","30/07/2025 10:52:00","","100mm",""
"hid_2715","5028","SUD00025","5028","SUDOESTE E OCTOGONAL","SQSW - 504 Bl. G/E","Próx. ao Bl. G/E","Próx. ao Bl. G/E",-15.798333,-47.931789,true,"Operante","","","30/07/2025 10:50:00","30/07/2025 10:50:00","","100mm",""
"hid_2716","5029","SUD00026","5029","SUDOESTE E OCTOGONAL","QRSW 1, BLOCO B10","NA PRAÇA","NA PRAÇA",-15.794089,-47.930789,true,"Operante","","","07/08/2025 10:00:00","07/08/2025 10:00:00","","100mm",""
"hid_2717","5031","SUD00027","5031","SUDOESTE E OCTOGONAL","QRSW 2, BLOCO A1","LATERAL","LATERAL",-15.7933,-47.932756,true,"Operante","FALTA CABEÇOTE DA HASTE DO REGISTRO (LUVA)","","07/08/2025 10:20:00","07/08/2025 10:20:00","","100mm",""
"hid_2718","5032","SUD00028","5032","SUDOESTE E OCTOGONAL","QRSW 5 BLOCO B1","ESQUINA DA QUADRA 5, LATERAL BLOCO B1","ESQUINA DA QUADRA 5, LATERAL BLOCO B1",-15.787283,-47.931125,true,"Operante","","","07/08/2025 12:00:00","07/08/2025 12:00:00","","100mm",""
"hid_2719","5033","SUD00029","5033","SUDOESTE E OCTOGONAL","QRSW 5, BLOCO A7","ACIMA DO BLOCO A7","ACIMA DO BLOCO A7",-15.788494,-47.929558,true,"Operante","","","07/08/2025 12:30:00","07/08/2025 12:30:00","","100mm",""
"hid_2720","5034","SUD00030","5034","SUDOESTE E OCTOGONAL","QRSW 3, BLOCO A6","BLOCO A-6","BLOCO A-6",-15.791436,-47.930547,true,"Operante","","","07/08/2025 11:00:00","07/08/2025 11:00:00","","100mm",""
"hid_2721","5035","SUD00031","5035","SUDOESTE E OCTOGONAL","QRSW 1, BLOCO A","Atrás dos Blocos A-4 e A-6","Atrás dos Blocos A-4 e A-6",-15.795442,-47.932025,true,"Operante","","","30/07/2025 11:04:00","30/07/2025 11:04:00","","100mm",""
"hid_2722","5036","LAN00008","5036","LAGO NORTE","SHIN - QI 01 CONJUNTO 02 CASA 01","Fundos da casa 01","Fundos da casa 01",-15.7195,-47.875667,true,"Operante","","","31/12/2025 10:12:00","31/12/2025 10:12:00","","100mm",""
"hid_2723","5037","SUD00032","5037","SUDOESTE E OCTOGONAL","EQRSW 2/3, AE 1","BLOCOS B 6/B 10 - Ed. Maurício","BLOCOS B 6/B 10 - Ed. Maurício",-15.792567,-47.930958,true,"Operante","","","07/08/2025 10:30:00","07/08/2025 10:30:00","","100mm",""
"hid_2724","5038","SUD00033","5038","SUDOESTE E OCTOGONAL","QRSW 3, BLOCO B1","BLOCO B1","BLOCO B1",-15.790297,-47.932156,true,"Operante","","","07/08/2025 11:40:00","07/08/2025 11:40:00","","100mm",""
"hid_2725","5039","SUD00034","5039","SUDOESTE E OCTOGONAL","QRSW 4, BLOCO B1","BLOCO B1","BLOCO B1",-15.788844,-47.931633,true,"Operante","","","07/08/2025 11:50:00","07/08/2025 11:50:00","","100mm",""
"hid_2726","5041","SUD00035","5041","SUDOESTE E OCTOGONAL","EQRSW 2/3","ATRÁS DOS BLOCOS A4/A2","ATRÁS DOS BLOCOS A4/A2",-15.791431,-47.931608,true,"Operante","","","07/08/2025 11:30:00","07/08/2025 11:30:00","","100mm",""
"hid_2727","5045","LAN00011","5045","LAGO NORTE","SHIN - QL 05 CONJUNTO 06 CASA 01","Lateral esquerda da casa 01","Lateral esquerda da casa 01",-15.7335,-47.857,true,"Operante","","","30/12/2025 10:24:00","30/12/2025 10:24:00","","100mm",""
"hid_2728","5046","SUD00037","5046","SUDOESTE E OCTOGONAL","CCSW 1, BLOCO B","EM FRENTE AO BLOCO I, SQSW 303","EM FRENTE AO BLOCO I, SQSW 303",-15.798094,-47.927583,true,"Operante","","","30/07/2025 10:28:00","30/07/2025 10:28:00","","100mm",""
"hid_2729","5047","SUD00038","5047","SUDOESTE E OCTOGONAL","CCSW 3","PRÓXIMO À SQSW 304","PRÓXIMO À SQSW 304",-15.798878,-47.928964,true,"Operante","","","30/07/2025 10:37:00","30/07/2025 10:37:00","","100mm",""
"hid_2730","5050","SUD00039","5050","SUDOESTE E OCTOGONAL","CCSW 2","Abaixo da CCSW 05, Bl. A, próx. à pista","Abaixo da CCSW 05, Bl. A, próx. à pista",-15.795711,-47.929036,true,"Operante","","","07/08/2025 08:30:00","07/08/2025 08:30:00","","100mm",""
"hid_2731","5052","SUD00041","5052","SUDOESTE E OCTOGONAL","CCSW 4, BLOCO A","EM FRENTE À SQSW 504","EM FRENTE À SQSW 504",-15.797472,-47.930008,true,"Operante","","","30/07/2025 10:41:00","30/07/2025 10:41:00","","100mm",""
"hid_2732","5053","SUD00042","5053","SUDOESTE E OCTOGONAL","CCSW - 5 - Bl. B1 e B2","Entre os Bl. B1 e B2","Entre os Bl. B1 e B2",-15.794567,-47.929078,true,"Operante","","","07/08/2025 09:40:00","07/08/2025 09:40:00","","100mm",""
"hid_2733","5054","SUD00043","5054","SUDOESTE E OCTOGONAL","CCSW - 5 - Ed. Centraupos Bl. ""D""","Próx. ao Ed. Centraupos Bl. ""D""","Próx. ao Ed. Centraupos Bl. ""D""",-15.793278,-47.929086,true,"Operante","","","07/08/2025 09:50:00","07/08/2025 09:50:00","","100mm",""
"hid_2734","5055","SUD00044","5055","SUDOESTE E OCTOGONAL","CCSW - 6 - Bl. A9 da QRSW 01","CCSW - 6 - Bl. A9 da QRSW 01","CCSW - 6 - Bl. A9 da QRSW 01",-15.79535,-47.930578,true,"Operante","","","30/07/2025 10:57:00","30/07/2025 10:57:00","","100mm",""
"hid_2735","5056","SUD00045","5056","SUDOESTE E OCTOGONAL","QMSW 2, Lote 7 CONJUNTO A","LOJA LUBRIMAXX","LOJA LUBRIMAXX",-15.789622,-47.919436,true,"Operante","","","11/08/2025 08:30:00","11/08/2025 08:30:00","","100mm",""
"hid_2736","5057","SUD00046","5057","SUDOESTE E OCTOGONAL","QMSW 2, CONJUNTO B","Loja 11","Loja 11",-15.788378,-47.918092,true,"Operante","","","11/08/2025 09:00:00","11/08/2025 09:00:00","","100mm",""
"hid_2737","5058","SUD00047","5058","SUDOESTE E OCTOGONAL","QMSW 2 CONJUNTO C, LOTE 7","LOTE 7","LOTE 7",-15.786892,-47.917622,true,"Operante","","","11/08/2025 09:30:00","11/08/2025 09:30:00","","100mm",""
"hid_2738","5059","SUD00048","5059","SUDOESTE E OCTOGONAL","QMSW 4, LOTE 2","TELEBRASÍLIA","TELEBRASÍLIA",-15.792481,-47.920494,true,"Operante","","","11/08/2025 12:00:00","11/08/2025 12:00:00","","100mm",""
"hid_2739","5060","LAN00014","5060","LAGO NORTE","SHIN - QI 08 CONJUNTO 08 CASA 17","Fundos da casa 17 Via entre QI / QL","Fundos da casa 17 Via entre QI / QL",-15.741194,-47.864,true,"Operante","","","05/12/2025 08:00:00","05/12/2025 08:00:00","","100mm",""
"hid_2740","5061","LAN00015","5061","LAGO NORTE","SHIN - QI 08 CONJUNTO 10 CASA 02","Lateral direita","Lateral direita",-15.738056,-47.864944,true,"Operante","","","05/12/2025 11:00:00","05/12/2025 11:00:00","","100mm",""
"hid_2741","5062","LAN00016","5062","LAGO NORTE","SHIN - QI 08/09","Meio Canteiro Principal","Meio Canteiro Principal",-15.737417,-47.860778,true,"Operante","","","03/12/2025 12:00:00","03/12/2025 12:00:00","","100mm",""
"hid_2742","5063","LAN00017","5063","LAGO NORTE","SHIN - QI 10 CONJUNTO 05 CASA 17","Fundos da casa (""esquina"")","Fundos da casa (""esquina"")",-15.743167,-47.857056,true,"Operante","","","19/12/2025 12:43:00","19/12/2025 12:43:00","","100mm",""
"hid_2743","5064","LAN00018","5064","LAGO NORTE","SHIN - QI 10 CONJUNTO 08 CASA 02","Lateral direita","Lateral direita",-15.747111,-47.854333,true,"Operante","","","19/12/2025 12:53:00","19/12/2025 12:53:00","","100mm",""
"hid_2744","5066","LAN00020","5066","LAGO NORTE","SHIN - QI 10 CONJUNTO 07 CASA 21","Fundos da casa - Via entre QL 10 / QI 10","Fundos da casa - Via entre QL 10 / QI 10",-15.746611,-47.856139,true,"Operante","","","19/12/2025 12:52:00","19/12/2025 12:52:00","","100mm",""
"hid_2745","5067","LAN00021","5067","LAGO NORTE","QI 10/QI 09 DF 009 MERCADO BIG BOX","Lado da banca de jornais e do chaveiro - Canteiro central","Lado da banca de jornais e do chaveiro - Canteiro central",-15.744583,-47.850528,true,"Operante","","","30/12/2025 09:27:00","30/12/2025 09:27:00","","100mm",""
"hid_2746","5068","LAN00022","5068","LAGO NORTE","QI 09 CONJUNTO 01 CASA 02","LATERAL CASA 2","LATERAL CASA 2",-15.742556,-47.851306,true,"Operante","","","11/02/2025 10:44:00","11/02/2025 10:44:00","","100mm",""
"hid_2747","5072","LAN00025","5072","LAGO NORTE","SHIN - QL 09 CONJUNTO 07 CASA 01","Lateral da casa 01","Lateral da casa 01",-15.745417,-47.843167,true,"Operante","","","11/02/2025 12:12:00","11/02/2025 12:12:00","","100mm",""
"hid_2748","5074","SUD00049","5074","SUDOESTE E OCTOGONAL","QMSW 05 LOTE 09","FRENTE AO LOTE 09","FRENTE AO LOTE 09",-15.794167,-47.920556,true,"Operante","","","07/08/2025 12:30:00","07/08/2025 12:30:00","","100mm",""
"hid_2749","5076","SUD00050","5076","SUDOESTE E OCTOGONAL","QMSW 05 LOTE 08","FRENTE AO LOTE 08","FRENTE AO LOTE 08",-15.793611,-47.918889,true,"Operante","","","11/08/2025 11:55:00","11/08/2025 11:55:00","","100mm",""
"hid_2750","5078","SUD00052","5078","SUDOESTE E OCTOGONAL","QMSW 06 LOTE 02","LATERAL DO PARQUE ECOLÓGICO DO INMET","LATERAL DO PARQUE ECOLÓGICO DO INMET",-15.794444,-47.923333,true,"Operante","","","13/08/2025 11:13:00","13/08/2025 11:13:00","","100mm",""
"hid_2751","5081","LAN00026","5081","LAGO NORTE","SML - Q. 03 CONJUNTO 03/02 Casa 20 - Península Norte","Fundos da Casa 20 / Frente Conj. 03 Casa 08","Fundos da Casa 20 / Frente Conj. 03 Casa 08",-15.729889,-47.846167,true,"Operante","","","08/01/2026 16:11:00","08/01/2026 16:11:00","","100mm",""
"hid_2752","5083","LAN00027","5083","LAGO NORTE","EPPN DF 009 POSTO SHELL","POSTO SHELL","POSTO SHELL",-15.727667,-47.871861,true,"Operante","","","03/12/2025 11:00:00","03/12/2025 11:00:00","","100mm",""
"hid_2753","5084","LAN00028","5084","LAGO NORTE","SHIN - QI 03 CONJUNTO 07 CASA 02","Fundos Casa 02","Fundos Casa 02",-15.727417,-47.865333,true,"Operante","","","30/12/2025 10:59:00","30/12/2025 10:59:00","","100mm",""
"hid_2754","5085","LAN00029","5085","LAGO NORTE","SHIN - QI 03 CONJUNTO 07 CASA 26","Fundos da casa 26 - Via entre QL/QI","Fundos da casa 26 - Via entre QL/QI",-15.726,-47.866944,true,"Operante","","","30/12/2025 11:08:00","30/12/2025 11:08:00","","100mm",""
"hid_2755","5086","LAN00030","5086","LAGO NORTE","SHIN - QI 03 CONJUNTO 05 CASA 02","Lateral direita da casa 02","Lateral direita da casa 02",-15.724472,-47.86875,true,"Operante","","","31/12/2025 09:56:00","31/12/2025 09:56:00","","100mm",""
"hid_2756","5087","LAN00031","5087","LAGO NORTE","DF 009 - VIA PRINCIPAL LAGO NORTE","Lado do Posto de Gasolina BR","Lado do Posto de Gasolina BR",-15.723139,-47.89225,true,"Operante","","","19/12/2025 12:39:00","19/12/2025 12:39:00","","100mm",""
"hid_2757","5089","LAN00033","5089","LAGO NORTE","SHIN - QI 02 CONJUNTO 14 CASA 06","Fundos da casa 6 - Próximo balão EQL/02-04","Fundos da casa 6 - Próximo balão EQL/02-04",-15.726694,-47.878917,true,"Operante","","","19/12/2025 12:41:00","19/12/2025 12:41:00","","100mm",""
"hid_2758","5090","LAN00034","5090","LAGO NORTE","SHIN - QI 02 CONJUNTO 13 CASA 01","Lateral da casa 01","Lateral da casa 01",-15.726583,-47.881611,true,"Operante","","","02/12/2025 09:37:00","02/12/2025 09:37:00","","100mm",""
"hid_2759","5091","LAN00035","5091","LAGO NORTE","SHIN - QI 11 CONJUNTO 9 CASA 18","Fundos da Casa 18","Fundos da Casa 18",-15.747833,-47.838278,true,"Operante","","","04/02/2025 10:10:00","04/02/2025 10:10:00","","100mm",""
"hid_2760","5092","LAN00036","5092","LAGO NORTE","SHIN - QI 11 CONJUNTO 13 CASA 02","Próximo ao cruzamento das quadras","Próximo ao cruzamento das quadras",-15.749472,-47.834583,true,"Operante","","","04/02/2025 09:59:00","04/02/2025 09:59:00","","100mm",""
"hid_2761","5093","SUD00053","5093","SUDOESTE E OCTOGONAL","SQSW- 101 BL. G/D","Lado do Bl. H","Lado do Bl. H",-15.79985,-47.918122,true,"Operante","","","29/07/2025 10:00:00","29/07/2025 10:00:00","","100mm",""
"hid_2762","5094","SUD00054","5094","SUDOESTE E OCTOGONAL","SQSW 102, BLOCO J","BLOCO K","BLOCO K",-15.801969,-47.922492,true,"Operante","","","29/07/2025 08:30:00","29/07/2025 08:30:00","","100mm",""
"hid_2763","5095","SUD00055","5095","SUDOESTE E OCTOGONAL","SQSW 102, BLOCO A","BLOCOS A/F","BLOCOS A/F",-15.799736,-47.921456,true,"Operante","FALTA CABEÇOTE DA HASTE DO REGISTRO (LUVA)","","29/07/2025 09:00:00","29/07/2025 09:00:00","","100mm",""
"hid_2764","5096","LAN00037","5096","LAGO NORTE","SHIN - QI 12 CONJUNTO 02 CASA 02","Fundos da casa","Fundos da casa",-15.747778,-47.849583,true,"Operante","","","23/01/2025 10:15:00","23/01/2025 10:15:00","","100mm",""
"hid_2765","5097","SUD00056","5097","SUDOESTE E OCTOGONAL","SQSW 103, BLOCOS A/E","Entrada da Quadra","Entrada da Quadra",-15.802422,-47.926317,true,"Operante","","","28/07/2025 09:56:00","28/07/2025 09:56:00","","100mm",""
"hid_2766","5098","SUD00057","5098","SUDOESTE E OCTOGONAL","SQSW 103, BLOCO B","Fundos Bl. A","Fundos Bl. A",-15.803358,-47.925136,true,"Operante","","","28/07/2025 09:45:00","28/07/2025 09:45:00","","100mm",""
"hid_2767","5099","VAR00003","5099","VARJAO","Varjão - Q. 01 AE nº 04","Frente à Creche Comunitária","Frente à Creche Comunitária",-15.7125,-47.874861,true,"Operante","","","09/01/2026 09:05:00","09/01/2026 09:05:00","","100mm",""
"hid_2768","5100","SUD00058","5100","SUDOESTE E OCTOGONAL","SQSW 103, BLOCO K","BLOCO I","BLOCO I",-15.802792,-47.923889,true,"Operante","","","28/07/2025 09:45:00","28/07/2025 09:45:00","","100mm",""
"hid_2769","5101","SUD00059","5101","SUDOESTE E OCTOGONAL","CLSW- 103 BL. A","Abaixo do Bl. A/Mundo dos Filtros","Abaixo do Bl. A/Mundo dos Filtros",-15.801394,-47.925053,true,"Operante","","","28/07/2025 09:46:00","28/07/2025 09:46:00","","100mm",""
"hid_2770","5102","SUD00060","5102","SUDOESTE E OCTOGONAL","CLSW 104, BLOCOS A/B","FRENTE AO BLOCO B","FRENTE AO BLOCO B",-15.802703,-47.927922,true,"Operante","","","28/07/2025 09:38:00","28/07/2025 09:38:00","","100mm",""
"hid_2771","5103","VAR00004","5103","VARJAO","Varjão - Q. 04 CONJ. ""A"" Loja 02","FRENTE AO SUPERMERCADO 2º GRAU","FRENTE AO SUPERMERCADO 2º GRAU",-15.711139,-47.876,true,"Operante","","","09/01/2026 09:34:00","09/01/2026 09:34:00","","100mm",""
"hid_2772","5104","LAN00038","5104","LAGO NORTE","SHIN - QI 12 CONJUNTO 04 CASA 08","Fundos da casa","Fundos da casa",-15.749972,-47.849111,true,"Operante","","","23/01/2025 10:35:00","23/01/2025 10:35:00","","100mm",""
"hid_2773","5106","LAN00039","5106","LAGO NORTE","SHIN - QI 11 CONJUNTO 11 CASA 01","Fundos da casa","Fundos da casa",-15.751306,-47.838139,true,"Operante","","","11/02/2025 13:18:00","11/02/2025 13:18:00","","100mm",""
"hid_2774","5107","LAN00040","5107","LAGO NORTE","SHIN - QI 12 CONJUNTO 05 CASA 01","Lateral esquerda da casa 01","Lateral esquerda da casa 01",-15.751417,-47.846833,true,"Operante","","","23/01/2025 10:45:00","23/01/2025 10:45:00","","100mm",""
"hid_2775","5108","LAN00041","5108","LAGO NORTE","SHIN - QI 12 CONJUNTO 07 CASA 01","Lateral esquerda da casa 01","Lateral esquerda da casa 01",-15.752667,-47.844861,true,"Operante","","","23/01/2025 11:08:00","23/01/2025 11:08:00","","100mm",""
"hid_2776","5109","LAN00042","5109","LAGO NORTE","SHIN QI 12 CONJUNTO 08 CASA 06","Fundos da casa 06","Fundos da casa 06",-15.753361,-47.842444,true,"Operante","","","23/01/2025 12:45:00","23/01/2025 12:45:00","","100mm",""
"hid_2777","5110","LAN00043","5110","LAGO NORTE","C.A. 02 Lote 41","Frente a SHIN, C.A 2 lote 42 - Bloco residencial","Frente a SHIN, C.A 2 lote 42 - Bloco residencial",-15.718972,-47.882083,true,"Operante","","","31/12/2025 09:22:00","31/12/2025 09:22:00","","100mm",""
"hid_2778","5111","LAN00044","5111","LAGO NORTE","SHIN CA 7 CONJUNTO Q LOJA 50","PRÓXIMO A TORRE DE CELULAR","PRÓXIMO A TORRE DE CELULAR",-15.717611,-47.886361,true,"Operante","","","08/01/2026 14:19:00","08/01/2026 14:19:00","","100mm",""
"hid_2779","5112","LAN00045","5112","LAGO NORTE","SHIN - QL 13 ÁREA ESPECIAL C REDE SARAH DE HOSPITAIS","CENTRO INTERN. DE NEUROREFERÊNCIA E REABILITAÇÃO","CENTRO INTERN. DE NEUROREFERÊNCIA E REABILITAÇÃO",-15.752639,-47.830833,true,"Operante","","","04/02/2025 09:59:00","04/02/2025 09:59:00","","100mm",""
"hid_2780","5114","LAN00046","5114","LAGO NORTE","SHIN QI 13 CONJUNTO 06 CASA 02","Fundos Casa 02","Fundos Casa 02",-15.75625,-47.832694,true,"Operante","","","04/02/2025 09:43:00","04/02/2025 09:43:00","","100mm",""
"hid_2781","5115","LAN00047","5115","LAGO NORTE","SHIN QI 13 CONJUNTO 06 CASA 22","FUNDOS DA CASA 22","FUNDOS DA CASA 22",-15.753944,-47.833139,true,"Operante","FALTA TAMPÃO DE 2.1/2""","","04/02/2025 09:51:00","04/02/2025 09:51:00","","100mm",""
"hid_2782","5116","LAN00048","5116","LAGO NORTE","SHIN QI 13 CONJUNTO 03 CASA 01","Lateral da casa 01","Lateral da casa 01",-15.753833,-47.834917,true,"Operante","","","04/02/2025 09:52:00","04/02/2025 09:52:00","","100mm",""
"hid_2783","5118","LAN00049","5118","LAGO NORTE","SHIN QI 13 MÓDULO D","EM FRENTE A IGREJA BATISTA","EM FRENTE A IGREJA BATISTA",-15.758806,-47.831528,true,"Operante","","","30/01/2025 12:55:00","30/01/2025 12:55:00","","100mm",""
"hid_2784","5122","LAN00050","5122","LAGO NORTE","SHIN QI 13 CONJUNTO 07 LOTE 13","FUNDOS DO LOTE VAZIO","FUNDOS DO LOTE VAZIO",-15.757528,-47.832167,true,"Operante","VAZAMENTO NO FLANGE (OPERANTE)","","30/01/2025 13:20:00","30/01/2025 13:20:00","","100mm",""
"hid_2785","5123","LAN00051","5123","LAGO NORTE","SHIN QI 14 LOJA 07","CIA DA TERRA PET SHOP BANHO E TOSA","CIA DA TERRA PET SHOP BANHO E TOSA",-15.754083,-47.839333,true,"Operante","","","24/01/2025 12:15:00","24/01/2025 12:15:00","","100mm",""
"hid_2786","5125","LAN00052","5125","LAGO NORTE","SHIN QI 03 CONJUNTO 08 CASA 21","FUNDOS DA CASA 21","FUNDOS DA CASA 21",-15.7285,-47.863389,true,"Operante","","","30/12/2025 10:53:00","30/12/2025 10:53:00","","100mm",""
"hid_2787","5126","LAN00053","5126","LAGO NORTE","SHIN QI 04 CONJUNTO 01 CASA 01","LATERAL DA CASA 01","LATERAL DA CASA 01",-15.725167,-47.878333,true,"Operante","","","19/12/2025 12:42:00","19/12/2025 12:42:00","","100mm",""
"hid_2788","5127","LAN00054","5127","LAGO NORTE","SHIN QI 04 CONJUNTO 04 CASA 02","LATERAL DA CASA 02","LATERAL DA CASA 02",-15.729056,-47.877278,true,"Operante","","","03/12/2025 08:00:00","03/12/2025 08:00:00","","100mm",""
"hid_2789","5128","LAN00055","5128","LAGO NORTE","SHIN QL 14 CONJUNTO 03 CASA 02","LATERAL DA CASA 02","LATERAL DA CASA 02",-15.756472,-47.842556,true,"Operante","","","23/01/2025 13:10:00","23/01/2025 13:10:00","","100mm",""
"hid_2790","5129","LAN00056","5129","LAGO NORTE","SHIN QI 14 CONJUNTO 08 CASA 01","Lateral da casa 01","Lateral da casa 01",-15.757528,-47.838778,true,"Operante","","","24/01/2025 11:35:00","24/01/2025 11:35:00","","100mm",""
"hid_2791","5130","LAN00057","5130","LAGO NORTE","SHIN QL 15 CONJUNTO 08 CASA 01","Lateral esquerda - Área verde","Lateral esquerda - Área verde",-15.768028,-47.831972,true,"Operante","","","03/02/2025 22:36:00","03/02/2025 22:36:00","","100mm",""
"hid_2792","5131","LAN00058","5131","LAGO NORTE","SHIN QI 15 CONJUNTO 02 LOTE 02","Lateral diretia do lote vazio","Lateral diretia do lote vazio",-15.762667,-47.831444,true,"Operante","","","30/01/2025 11:00:00","30/01/2025 11:00:00","","100mm",""
"hid_2793","5136","BSB00908","5136","BRASILIA","ACAMPAMENTO DA TELEBRASÍLIA R. 01 Casa 27","Via de acesso Avenida das Nações(L4)- R. 01 em frente à Casa 27","Via de acesso Avenida das Nações(L4)- R. 01 em frente à Casa 27",-15.846669,-47.921364,true,"Operante","","","21/01/2026 14:34:00","21/01/2026 14:34:00","","100mm",""
"hid_2794","5138","BSB00909","5138","BRASILIA","ACAMPAMENTO DA TELEBRASÍLIA R. 01 Casa 02","Via de acesso Avenida das Nações(L4)- R. 01 em frente à Casa 02/Terreno Baldio","Via de acesso Avenida das Nações(L4)- R. 01 em frente à Casa 02/Terreno Baldio",-15.847219,-47.923781,true,"Operante","","","05/11/2025 09:00:00","05/11/2025 09:00:00","","100mm",""
"hid_2795","5139","BSB00910","5139","BRASILIA","ACAMPAMENTO DA TELEBRASÍLIA R. 10 Cs 02","Via de acesso Avenida das Nações(L4)- R. 10 em frente à Cs 02","Via de acesso Avenida das Nações(L4)- R. 10 em frente à Cs 02",-15.845269,-47.920903,true,"Operante","FALTA TAMPÃO DE 2.1/2""","","05/11/2025 10:00:00","05/11/2025 10:00:00","","100mm",""
"hid_2796","5140","LAN00059","5140","LAGO NORTE","C.A. 05 Lote F , Em Frente ao Edifício Varandas","Estacionamento","Estacionamento",-15.717222,-47.885139,true,"Operante","","","08/01/2026 14:08:00","08/01/2026 14:08:00","","100mm",""
"hid_2797","5141","LAN00060","5141","LAGO NORTE","SHIN - QL 05 CONJUNTO 03 CASA 01","Lateral da casa 01","Lateral da casa 01",-15.730944,-47.859972,true,"Operante","","","30/12/2025 10:33:00","30/12/2025 10:33:00","","100mm",""
"hid_2798","5142","LAN00061","5142","LAGO NORTE","C. A 3 LOTE 26","FRENTE ao Lote 26","FRENTE ao Lote 26",-15.716139,-47.878056,true,"Operante","","","08/01/2026 15:32:00","08/01/2026 15:32:00","","100mm",""
"hid_2799","5143","LAN00062","5143","LAGO NORTE","SHIN QI 15 CONJUNTO 02 CASA 11","Fundos da casa 11","Fundos da casa 11",-15.763833,-47.830972,true,"Operante","","","30/01/2025 11:30:00","30/01/2025 11:30:00","","100mm",""
"hid_2800","5144","LAN00063","5144","LAGO NORTE","SHIN - QI 02 CONJUNTO 09 CASA 13","Fundos da casa 13","Fundos da casa 13",-15.725972,-47.885806,true,"Operante","","","02/12/2025 10:00:00","02/12/2025 10:00:00","","100mm",""
"hid_2801","5145","LAN00064","5145","LAGO NORTE","SHIN - QI 02 CONJUNTO 10 CASA 12","Fundos da casa 12","Fundos da casa 12",-15.726111,-47.883722,true,"Operante","","","02/12/2025 11:00:00","02/12/2025 11:00:00","","100mm",""
"hid_2802","5147","LAN00066","5147","LAGO NORTE","SHIN - QI 02 CONJUNTO 05 CASA 01","Casa 01 - Via entre QI/QL","Casa 01 - Via entre QI/QL",-15.726222,-47.888778,true,"Operante","","","02/12/2025 09:00:00","02/12/2025 09:00:00","","100mm",""
"hid_2803","5148","LAN00067","5148","LAGO NORTE","SHIN - QI 02 CONJUNTO 05 CASA 02","Lateral da casa 02","Lateral da casa 02",-15.725611,-47.889,true,"Operante","","","19/12/2025 12:40:00","19/12/2025 12:40:00","","100mm",""
"hid_2804","5149","LAN00068","5149","LAGO NORTE","SHIN - QI 03 CONJUNTO 02 CASA 02","Fundos da casa 02 - Via Qi 03","Fundos da casa 02 - Via Qi 03",-15.725083,-47.871361,true,"Operante","","","31/12/2025 10:00:00","31/12/2025 10:00:00","","100mm",""
"hid_2805","5150","LAN00069","5150","LAGO NORTE","SHIN - QI 04 CONJUNTO 06 CASA 04","Fundos da casa 04 - Via QI/QL","Fundos da casa 04 - Via QI/QL",-15.730944,-47.875639,true,"Operante","","","03/12/2025 09:00:00","03/12/2025 09:00:00","","100mm",""
"hid_2806","5151","LAN00070","5151","LAGO NORTE","SHIN - QI 04 CONJUNTO 07 CASA 09","Fundos da casa 09 - Via QI/QL","Fundos da casa 09 - Via QI/QL",-15.732306,-47.874833,true,"Operante","","","03/12/2025 10:00:00","03/12/2025 10:00:00","","100mm",""
"hid_2807","5152","SUD00061","5152","SUDOESTE E OCTOGONAL","SQSW- 104 BL. J","Entre os BLs. J e K","Entre os BLs. J e K",-15.804078,-47.926844,true,"Operante","","","28/07/2025 09:21:00","28/07/2025 09:21:00","","100mm",""
"hid_2808","5153","SUD00062","5153","SUDOESTE E OCTOGONAL","SQSW- 104 BL. B","Entre os BLs. B e D","Entre os BLs. B e D",-15.804078,-47.928278,true,"Operante","","","28/07/2025 09:40:00","28/07/2025 09:40:00","","100mm",""
"hid_2809","5154","LAN00071","5154","LAGO NORTE","SHIN - QI 04 CONJUNTO 08 CASA 01","Lateral esquerda","Lateral esquerda",-15.729056,-47.873833,true,"Operante","","","19/12/2025 12:42:00","19/12/2025 12:42:00","","100mm",""
"hid_2810","5155","LAN00072","5155","LAGO NORTE","SHIN - QL 05 CONJUNTO 04 CASA 02","Latereal da casa 02 - Via QI/QL","Latereal da casa 02 - Via QI/QL",-15.732333,-47.858444,true,"Operante","","","30/12/2025 10:27:00","30/12/2025 10:27:00","","100mm",""
"hid_2811","5157","LAN00073","5157","LAGO NORTE","SHIN - QI 06 CONJUNTO 09 CASA 15","Fundos da casa - Via QI/QL","Fundos da casa - Via QI/QL",-15.735778,-47.872389,true,"Operante","","","23/01/2025 13:00:00","23/01/2025 13:00:00","","100mm",""
"hid_2812","5158","LAN00074","5158","LAGO NORTE","SHIN - QL 07 CONJUNTO 02 CASA 01","Lateral da casa","Lateral da casa",-15.735694,-47.853667,true,"Operante","","","30/12/2025 09:56:00","30/12/2025 09:56:00","","100mm",""
"hid_2813","5159","LAN00075","5159","LAGO NORTE","SHIN - QL 07 CONJUNTO 04 CASA 01","Lateral da casa - Via QI/QL","Lateral da casa - Via QI/QL",-15.736972,-47.852389,true,"Operante","","","30/12/2025 09:51:00","30/12/2025 09:51:00","","100mm",""
"hid_2814","5160","LAN00076","5160","LAGO NORTE","SHIN - QI 08 CONJUNTO 04 CASA 01","Fundos da casa","Fundos da casa",-15.739083,-47.863083,true,"Operante","","","05/12/2025 12:00:00","05/12/2025 12:00:00","","100mm",""
"hid_2815","5163","LAN00077","5163","LAGO NORTE","SHIN - QI 08 CONJUNTO 11 CASA 09","Fundos da casa - Via QI/QL","Fundos da casa - Via QI/QL",-15.739417,-47.867306,true,"Operante","","","19/12/2025 12:42:00","19/12/2025 12:42:00","","100mm",""
"hid_2816","5165","LAN00078","5165","LAGO NORTE","SHIN - QI 08 CONJUNTO 13 CASA 02","Fundos da casa - Via QI/QL","Fundos da casa - Via QI/QL",-15.744,-47.860778,true,"Operante","","","04/12/2025 11:00:00","04/12/2025 11:00:00","","100mm",""
"hid_2817","5167","LAN00079","5167","LAGO NORTE","SHIN - QI 10 CONJUNTO 05 CASA 03","Lateral da casa 01","Lateral da casa 01",-15.741444,-47.859083,true,"Operante","","","04/12/2025 08:00:00","04/12/2025 08:00:00","","100mm",""
"hid_2818","5169","LAN00081","5169","LAGO NORTE","SHIN - QI 11 CONJUNTO 01 CASA 01","Lateral Casa 01","Lateral Casa 01",-15.748028,-47.842139,true,"Operante","","","11/02/2025 12:35:00","11/02/2025 12:35:00","","100mm",""
"hid_2819","5170","LAN00082","5170","LAGO NORTE","SHIN - QI 11 CONJUNTO 10 CASA 01","Lateral da Casa 01","Lateral da Casa 01",-15.748528,-47.83675,true,"Operante","","","04/02/2025 10:00:00","04/02/2025 10:00:00","","100mm",""
"hid_2820","5172","LAN00084","5172","LAGO NORTE","SHIN - QL 14 CONJUNTO 06 CASA 01","Lateral da casa 01","Lateral da casa 01",-15.759028,-47.840361,true,"Operante","","","24/01/2025 11:13:00","24/01/2025 11:13:00","","100mm",""
"hid_2821","5173","LAN00085","5173","LAGO NORTE","SHIN - QL 15 CONJUNTO 05 CASA 01","Lateral da casa 01","Lateral da casa 01",-15.764889,-47.831139,false,"Inoperante","HIDRANTE SEM ÁGUA","","30/01/2025 11:48:00","30/01/2025 11:48:00","","100mm",""
"hid_2822","5174","LAN00086","5174","LAGO NORTE","SHIN - QI 15 CONJUNTO 06 CASA 01","Lateral da casa - Área verde","Lateral da casa - Área verde",-15.765889,-47.831472,true,"Operante","","","30/01/2025 12:03:00","30/01/2025 12:03:00","","100mm",""
"hid_2823","5175","LAN00087","5175","LAGO NORTE","SHIN - QI 15 CONJUNTO 01 CASA 16","Fundos da casa 16 - Via QI/QL","Fundos da casa 16 - Via QI/QL",-15.761417,-47.830389,true,"Operante","","","30/01/2025 12:00:00","30/01/2025 12:00:00","","100mm",""
"hid_2824","5176","LAN00088","5176","LAGO NORTE","SHIN - QI 16 CONJUNTO 02 CASA 02","Lateral da casa 02","Lateral da casa 02",-15.760917,-47.834722,true,"Operante","","","24/01/2025 10:15:00","24/01/2025 10:15:00","","100mm",""
"hid_2825","5177","LAN00089","5177","LAGO NORTE","SHIN - QI 16 CONJUNTO 03 CASA 09","Fundos da casa 09 - Via QI/QL","Fundos da casa 09 - Via QI/QL",-15.761917,-47.836778,true,"Operante","","","24/01/2025 09:42:00","24/01/2025 09:42:00","","100mm",""
"hid_2826","5178","LAN00090","5178","LAGO NORTE","SHIN - QI 16 CONJUNTO 05 CASA 01","Lateral da casa 01","Lateral da casa 01",-15.7635,-47.834556,true,"Operante","","","24/01/2025 09:40:00","24/01/2025 09:40:00","","100mm",""
"hid_2827","5182","LAN00091","5182","LAGO NORTE","C.A. 01 - Bloco A","Deck Norte - Esquina com mercado BIG BOX","Deck Norte - Esquina com mercado BIG BOX",-15.720917,-47.882472,true,"Operante","HIDRANTE ABAIXO DO NÍVEL DO CHÃO","","31/12/2025 09:09:00","31/12/2025 09:09:00","","100mm",""
"hid_2828","5183","LAN00092","5183","LAGO NORTE","C.A. 02 Lote 21","Frente ao lote 21/Escola de Formação em Informática","Frente ao lote 21/Escola de Formação em Informática",-15.719111,-47.880361,true,"Operante","HIDRANTE ABAIXO DO NÍVEL DO CHÃO","","31/12/2025 09:31:00","31/12/2025 09:31:00","","100mm",""
"hid_2829","5185","LAN00094","5185","LAGO NORTE","C.A. 09 Lote 14","Frente ao Lote 14/Igreja Cristã Manacial de Vida","Frente ao Lote 14/Igreja Cristã Manacial de Vida",-15.712861,-47.886306,true,"Operante","","","08/01/2026 14:57:00","08/01/2026 14:57:00","","100mm",""
"hid_2830","5186","LAN00095","5186","LAGO NORTE","C.A. 09 Lote 07","EM FRENTE A IGREJA MISSIONÁRIA BETEL BRASILEIRO E FACULDADE IBRA","EM FRENTE A IGREJA MISSIONÁRIA BETEL BRASILEIRO E FACULDADE IBRA",-15.71425,-47.8865,true,"Operante","","","08/01/2026 14:38:00","08/01/2026 14:38:00","","100mm",""
"hid_2831","5187","LAN00096","5187","LAGO NORTE","C.A. 06 CONJUNTO 04 LOTE 01","Lateral Lote 01","Lateral Lote 01",-15.711889,-47.884222,true,"Operante","","","08/01/2026 15:21:00","08/01/2026 15:21:00","","100mm",""
"hid_2832","5188","TAQ00001","5188","LAGO NORTE","Q. 02 Conjunto 01 casa 02","Esquina da casa 02","Esquina da casa 02",-15.698556,-47.876,true,"Operante","FALTA CABEÇOTE DA HASTE DO REGISTRO (LUVA)","","09/01/2026 10:42:00","09/01/2026 10:42:00","","100mm",""
"hid_2833","5189","TAQ00002","5189","LAGO NORTE","Q. 04 Conjunto 07 casa 40","Próximo ao Recanto Chacara do Buriti","Próximo ao Recanto Chacara do Buriti",-15.704417,-47.868444,true,"Operante","","","09/01/2026 10:04:00","09/01/2026 10:04:00","","100mm",""
"hid_2834","5190","TAQ00003","5190","LAGO NORTE","AVENIDA COMERCIAL QUADRA 02 LOTE 11","EM FREANTE A JORLAN SEMI NOVOS","EM FREANTE A JORLAN SEMI NOVOS",-15.697778,-47.876722,true,"Operante","REGISTRO DE HIDRANTE COM VAZAMENTO( NÃO IMPEDITIVO)","","20/01/2024 00:00:00","20/01/2024 00:00:00","","100mm",""
"hid_2835","5191","TAQ00004","5191","LAGO NORTE","Q. 01 Conjunto 04 Lote 01","Cruzamento com Quadra 03 (Atrás VR3 CROSSFIT)","Cruzamento com Quadra 03 (Atrás VR3 CROSSFIT)",-15.697056,-47.873917,true,"Operante","","","09/01/2026 10:24:00","09/01/2026 10:24:00","","100mm",""
"hid_2836","5192","LAN00097","5192","LAGO NORTE","SML - Q. 03 CONJUNTO 02 LOTE 11 - Península Norte","Em frente Lote 11","Em frente Lote 11",-15.730833,-47.84575,false,"Inoperante","FALTA FLANGE","","08/01/2026 16:12:00","08/01/2026 16:12:00","","100mm",""
"hid_2837","5193","LAN00098","5193","LAGO NORTE","SHIN - QI 05 CONJUNTO 04 CASA 02","Lateral Casa 02","Lateral Casa 02",-15.732778,-47.861528,true,"Operante","","","30/12/2025 10:40:00","30/12/2025 10:40:00","","100mm",""
"hid_2838","5195","LAN00100","5195","LAGO NORTE","SHIN - QI 01 CONJUNTO 04 CASA 02","Lateral casa 02","Lateral casa 02",-15.721083,-47.876722,true,"Operante","","","31/12/2025 10:36:00","31/12/2025 10:36:00","","100mm",""
"hid_2839","5197","LAN00102","5197","LAGO NORTE","SHIN - QI 06 CONJUNTO 04 CASA 01","Lateral Casa 01","Lateral Casa 01",-15.733056,-47.868528,true,"Operante","","","23/01/2025 09:50:00","23/01/2025 09:50:00","","100mm",""
"hid_2840","5198","LAN00103","5198","LAGO NORTE","SHIN - QI 03 - FRONTE LATERAL 34º GBM","Extremo frontal esquerdo do cercamento limítrofe do quartel","Extremo frontal esquerdo do cercamento limítrofe do quartel",-15.727889,-47.870139,true,"Operante","","","30/10/2024 11:30:00","30/10/2024 11:30:00","","100mm",""
"hid_2841","5199","LAN00104","5199","LAGO NORTE","SHIN - QI 06 CONJUNTO 10 CASA 20","Fundos casa 20 - Via QI/QL","Fundos casa 20 - Via QI/QL",-15.738056,-47.869944,true,"Operante","","","05/12/2025 10:00:00","05/12/2025 10:00:00","","100mm",""
"hid_2842","5200","LAN00105","5200","LAGO NORTE","SHIN - QI 08 CONJUNTO 11 CASA 01","Fundos casa 01 - Próximo a rotatória","Fundos casa 01 - Próximo a rotatória",-15.739889,-47.865972,true,"Operante","","","05/12/2025 09:00:00","05/12/2025 09:00:00","","100mm",""
"hid_2843","5201","LAN00106","5201","LAGO NORTE","SHIN - QI 08 CONJUNTO 12 CASA 15","Fundos da casa - Via QI/QL","Fundos da casa - Via QI/QL",-15.742778,-47.862167,true,"Operante","","","04/12/2025 12:00:00","04/12/2025 12:00:00","","100mm",""
"hid_2844","5202","LAN00107","5202","LAGO NORTE","SHIN - QI 08 CONJUNTO 13 CASA 15","Fundos da casa- Via QI/QL","Fundos da casa- Via QI/QL",-15.744917,-47.859944,true,"Operante","","","04/12/2025 10:00:00","04/12/2025 10:00:00","","100mm",""
"hid_2845","5204","LAN00108","5204","LAGO NORTE","SHIN - QI 09 CONJUNTO 06 CASA 01","Lateral Casa 01","Lateral Casa 01",-15.744111,-47.845,true,"Operante","","","11/02/2025 11:53:00","11/02/2025 11:53:00","","100mm",""
"hid_2846","5206","STM00213","5206","SANTA MARIA","QRC 02 LOTE 02 - RESIDENCIAL SANTOS DUMONT - SANTA MARIA - DF","LATERAL DIREITA DO LOTE 02","LATERAL DIREITA DO LOTE 02",-15.994389,-47.989417,true,"Operante","","","05/03/2026 14:49:00","05/03/2026 14:49:00","","100mm",""
"hid_2847","5207","STM00214","5207","SANTA MARIA","QRI 20 LOTE 05 - RESIDENCIAL SANTOS DUMONT - SANTA MARIA - DF","EM FRENTE A CASA 05","EM FRENTE A CASA 05",-15.994917,-47.99825,true,"Operante","","","05/03/2026 15:09:00","05/03/2026 15:09:00","","100mm",""
"hid_2848","5209","STM00215","5209","SANTA MARIA","QR 318 CONJUNTO N CASA 22 - SANTA MARIA - DF","EM FRENTE A CASA 22/PRÓXIMO À PARADA DE ÔNIBUS","EM FRENTE A CASA 22/PRÓXIMO À PARADA DE ÔNIBUS",-16.008194,-47.986444,true,"Operante","","","17/03/2026 15:06:00","17/03/2026 15:06:00","","100mm",""
"hid_2849","5210","LAN00109","5210","LAGO NORTE","SHIN - QI 07 CONJUNTO 06 CASA 16","Fundos da casa 16 - Via entre Quadras","Fundos da casa 16 - Via entre Quadras",-15.737056,-47.85825,true,"Operante","","","30/12/2025 10:17:00","30/12/2025 10:17:00","","100mm",""
"hid_2850","5214","LAN00110","5214","LAGO NORTE","SHIN - QI 07 CONJUNTO 04 CASA 01","Lateral da Casa 01","Lateral da Casa 01",-15.735694,-47.856306,true,"Operante","","","30/12/2025 10:18:00","30/12/2025 10:18:00","","100mm",""
"hid_2851","5215","LAN00111","5215","LAGO NORTE","SHIN - QI 10 CONJUNTO 10 CASA 01","Lateral da Casa 01","Lateral da Casa 01",-15.745028,-47.853472,true,"Operante","","","19/12/2025 12:46:00","19/12/2025 12:46:00","","100mm",""
"hid_2852","5216","LAN00112","5216","LAGO NORTE","SHIN - QI 07 CONJUNTO 15 CASA 02","Lateral Casa 02","Lateral Casa 02",-15.740139,-47.851917,true,"Operante","","","30/12/2025 09:46:00","30/12/2025 09:46:00","","100mm",""
"hid_2853","5217","LAN00113","5217","LAGO NORTE","SHIN - QL 07 CONJUNTO 05 CASA 02","Lateral da casa - Via QI/QL","Lateral da casa - Via QI/QL",-15.738333,-47.850833,true,"Operante","","","30/12/2025 09:47:00","30/12/2025 09:47:00","","100mm",""
"hid_2854","5218","LAN00114","5218","LAGO NORTE","SHIN - QI 07 CONJUNTO 09 CASA 01","Lateral da casa 01","Lateral da casa 01",-15.737667,-47.85525,true,"Operante","","","30/12/2025 10:07:00","30/12/2025 10:07:00","","100mm",""
"hid_2855","5219","LAN00115","5219","LAGO NORTE","SHIN - QI 03 CONJUNTO 08 CASA 28","Fundos da casa 28 - Lado Quadra Poliesportiva Coberta","Fundos da casa 28 - Lado Quadra Poliesportiva Coberta",-15.730444,-47.863278,true,"Operante","TAMPA DE CONCRETO QUEBRADA OU REMOVIDA","","30/12/2025 10:50:00","30/12/2025 10:50:00","","100mm",""
"hid_2856","5223","TAQ00005","5223","LAGO NORTE","Q. 03 Conjunto 09 Casa 02","Lateral da casa 02","Lateral da casa 02",-15.6965,-47.868667,true,"Operante","","","09/01/2026 10:15:00","09/01/2026 10:15:00","","100mm",""
"hid_2857","5224","LAN00116","5224","LAGO NORTE","SHIN - QI 16 CONJUNTO 05 CASA 20 - EPPN","ATRÁS CASA 20 CANTEIRO CENTRAL - EPPN","ATRÁS CASA 20 CANTEIRO CENTRAL - EPPN",-15.762611,-47.832556,true,"Operante","","","24/01/2025 09:25:00","24/01/2025 09:25:00","","100mm",""
"hid_2858","5228","CRU00061","5228","CRUZEIRO","HFA","EM FRENTE AO AMBULATÓRIO.","EM FRENTE AO AMBULATÓRIO.",-15.802347,-47.934814,true,"Operante","","","29/07/2026 10:11:00","29/07/2026 10:11:00","","100mm",""
"hid_2859","5230","CRU00062","5230","CRUZEIRO","HFA","PRÓXIMO AO CORPO DA GUARDA.","PRÓXIMO AO CORPO DA GUARDA.",-15.801631,-47.933811,true,"Operante","","","29/07/2026 10:16:00","29/07/2026 10:16:00","","100mm",""
"hid_2860","5231","CRU00063","5231","CRUZEIRO","HFA","EM FRENTE AO BLOCO ""E""/ODONTOLOGIA.","EM FRENTE AO BLOCO ""E""/ODONTOLOGIA.",-15.802003,-47.936044,true,"Operante","","","29/07/2026 10:09:00","29/07/2026 10:09:00","","100mm",""
"hid_2861","5232","CRU00064","5232","CRUZEIRO","HFA","PRÓXIMO AO BLOCO ""O""/CAPELA.","PRÓXIMO AO BLOCO ""O""/CAPELA.",-15.800208,-47.935272,true,"Operante","","","29/07/2026 10:14:00","29/07/2026 10:14:00","","100mm",""
"hid_2862","5233","ACL00036","5233","AGUAS CLARAS","25º GBM GRUPAMENTO DE BOMBEIRO MILITAR Av. Sibipiruna, Lote 07","EM FRENTE AO 25º GBM - CBMDF","EM FRENTE AO 25º GBM - CBMDF",-15.843167,-48.032417,true,"Operante","","","03/04/2025 07:43:00","03/04/2025 07:43:00","","100mm","/hidrantes/aguas_claras/ACL00036.jpeg"
"hid_2863","5235","SUD00063","5235","SUDOESTE E OCTOGONAL","SQSW- 104 BL. F","Entre os BLs. F e G","Entre os BLs. F e G",-15.805553,-47.9279,true,"Operante","","","28/07/2025 09:31:00","28/07/2025 09:31:00","","100mm",""
"hid_2864","5237","STM00216","5237","SANTA MARIA","AC 115 CONJUNTO B LOTES 4 E 5 - SANTA MARIA DF","FUNDOS DO M SANTOS ATACADISTA/EM FRENTE AO DEPÓSITO DE AREIA","FUNDOS DO M SANTOS ATACADISTA/EM FRENTE AO DEPÓSITO DE AREIA",-16.004333,-47.998667,true,"Operante","","","10/03/2026 14:50:00","10/03/2026 14:50:00","","100mm",""
"hid_2865","5238","PLA00001","5238","PLANALTINA","Quadra 117 Lote 18 - Av. Marechal Deodoro","Av. Marechal Deodoro - Esquina com a R. Mato Grosso","Av. Marechal Deodoro - Esquina com a R. Mato Grosso",-15.6325,-47.659333,false,"Inoperante","FALTAM BUJÕES E TAMPÕES","","28/01/2026 15:55:00","28/01/2026 15:55:00","","100mm",""
"hid_2866","5239","PLA00002","5239","PLANALTINA","Q. 98 Lote 21 - Av. Marechal Deodoro .","Av. Marechal Deodoro - Fundos da escola C.E.M STELLA DOS CHERUBINS","Av. Marechal Deodoro - Fundos da escola C.E.M STELLA DOS CHERUBINS",-15.630222,-47.659194,false,"Inoperante","CARRETEL DO REGISTRO DANIFICADO","","28/01/2026 15:51:00","28/01/2026 15:51:00","","100mm",""
"hid_2867","5240","PLA00003","5240","PLANALTINA","Q. 80 Casa 13A - Rua Pernambuco.","Próximo a esquina da casa 13A.","Próximo a esquina da casa 13A.",-15.627944,-47.66,true,"Operante","","","28/01/2026 15:47:00","28/01/2026 15:47:00","","100mm",""
"hid_2868","5241","PLA00004","5241","PLANALTINA","Q. 78 Casa 11 - R. Pernambuco .","Q. 78 Casa 11 - R. Pernambuco - Entre o Setor Tradicional e o Sul.

Processo SEI - CAESB - 00053-00109192/2023-52","Q. 78 Casa 11 - R. Pernambuco - Entre o Setor Tradicional e o Sul.

Processo SEI - CAESB - 00053-00109192/2023-52",-15.628028,-47.658556,true,"Operante","FALTA CABEÇOTE DA HASTE DO REGISTRO (LUVA)","","28/01/2026 15:40:00","28/01/2026 15:40:00","","100mm",""
"hid_2869","5242","PLA00005","5242","PLANALTINA","Q. 23 Casa 12 - R. Pernambuco","Próximo ao 12º Ofício de notas e protesto.","Próximo ao 12º Ofício de notas e protesto.",-15.628056,-47.656639,true,"Operante","","","28/01/2026 15:35:00","28/01/2026 15:35:00","","100mm",""
"hid_2870","5243","PLA00006","5243","PLANALTINA","Av. Marechal Deodoro - Praça da Matriz.","Av. Marechal Deodoro - Praça da Matriz - Frente à Igreja Matriz.","Av. Marechal Deodoro - Praça da Matriz - Frente à Igreja Matriz.",-15.620917,-47.658639,false,"Inoperante","TAMPA DA CAIXA LACRADA (CONCRETADA)","","28/01/2026 14:59:00","28/01/2026 14:59:00","","100mm",""
"hid_2871","5244","PLA00007","5244","PLANALTINA","Q. 37 Lote 13 - Av. Marechal Deodoro - CEF.","Av. Marechal Deodoro - Ao lado da antiga CEF.","Av. Marechal Deodoro - Ao lado da antiga CEF.",-15.619694,-47.658722,false,"Inoperante","HIDRANTE SEM ÁGUA","","28/01/2026 15:02:00","28/01/2026 15:02:00","","100mm",""
"hid_2872","5245","PLA00008","5245","PLANALTINA","Q. 20 Lote 01 - Av. Marechal Deodoro .","Av. Marechal Deodoro - Esquina com a R. Quintino Bocaiúva.","Av. Marechal Deodoro - Esquina com a R. Quintino Bocaiúva.",-15.61625,-47.658389,true,"Operante","FALTA CABEÇOTE DA HASTE DO REGISTRO (LUVA)","","28/01/2026 15:11:00","28/01/2026 15:11:00","","100mm",""
"hid_2873","5246","PLA00009","5246","PLANALTINA","St. Hospitalar - QUADRA 2","Hospital Regional de Planaltina - Via WL-04 - Pátio do HRP.","Hospital Regional de Planaltina - Via WL-04 - Pátio do HRP.",-15.624556,-47.65275,true,"Operante","","","28/01/2026 16:10:00","28/01/2026 16:10:00","","100mm",""
"hid_2874","5247","PLA00010","5247","PLANALTINA","St. De educação - QUADRA 4","Via WL-04 - Próx. Loja Maçônica.","Via WL-04 - Próx. Loja Maçônica.",-15.623861,-47.650944,false,"Inoperante","REGISTRO SOTERRADO","","28/01/2026 16:20:00","28/01/2026 16:20:00","","100mm",""
"hid_2875","5248","PLA00011","5248","PLANALTINA","St. hospitalar - QUADRA 2","Frente ao Quartel CBMDF","Frente ao Quartel CBMDF",-15.623917,-47.654222,true,"Operante","","","28/01/2026 16:11:00","28/01/2026 16:11:00","","100mm",""
"hid_2876","5249","PLA00012","5249","PLANALTINA","St. hospitalar - QUADRA 2","Via WL-04 - Frente ao CDS.","Via WL-04 - Frente ao CDS.",-15.622972,-47.652306,true,"Operante","","","28/01/2026 16:34:00","28/01/2026 16:34:00","","100mm",""
"hid_2877","5250","PLA00013","5250","PLANALTINA","St. Hospitalar - QUADRA 2","Via WL-04 -Próx. à 16ª DP.","Via WL-04 -Próx. à 16ª DP.",-15.623889,-47.654778,true,"Operante","","","28/01/2026 16:27:00","28/01/2026 16:27:00","","100mm",""
"hid_2878","5251","PLA00014","5251","PLANALTINA","St. de Hotéis e Diversões - Via WL-03.","Próximo ao lote do antigo Super Maya Supermercado.","Próximo ao lote do antigo Super Maya Supermercado.",-15.619083,-47.652444,true,"Operante","","","30/01/2026 10:18:00","30/01/2026 10:18:00","","100mm",""
"hid_2879","5252","PLA00015","5252","PLANALTINA","St. Administrativo - Via WL-02","Via WL-02 - Frente CENTRO CULTURAL","Via WL-02 - Frente CENTRO CULTURAL",-15.617722,-47.653,true,"Operante","","","30/01/2026 09:44:00","30/01/2026 09:44:00","","100mm",""
"hid_2880","5254","PLA00017","5254","PLANALTINA","Via WL-02 - Forum.","Via WL-02 - Próx. Ao Forum.","Via WL-02 - Próx. Ao Forum.",-15.617667,-47.654472,true,"Operante","CAIXA DE REGISTRO CHEIA DE LIXO; FALTA CABEÇOTE DA HASTE DO REGISTRO (LUVA)","","30/01/2026 10:01:00","30/01/2026 10:01:00","","100mm",""
"hid_2881","5255","PLA00018","5255","PLANALTINA","SRL Q. 05 CONJ. ""J"" CASA 20.","Próximo a SRL Q. 05 CONJ. ""J"" CASA 20.

Processo SEI - CAESB - 00053-00115466/2023-42
Processo SEI - CAESB - 00053-00109192/2023-52","Próximo a SRL Q. 05 CONJ. ""J"" CASA 20.

Processo SEI - CAESB - 00053-00115466/2023-42
Processo SEI - CAESB - 00053-00109192/2023-52",-15.627222,-47.646194,true,"Operante","","","06/02/2026 16:17:00","06/02/2026 16:17:00","","100mm",""
"hid_2882","5257","PLA00020","5257","PLANALTINA","SRL Q. 04 CONJ. ""J"" CASA 21.","SRL Q. 04 CONJ. ""J"" CASA 21 -Escola Classe 04.","SRL Q. 04 CONJ. ""J"" CASA 21 -Escola Classe 04.",-15.621639,-47.646167,true,"Operante","","","30/01/2026 10:29:00","30/01/2026 10:29:00","","100mm",""
"hid_2883","5258","PLA00021","5258","PLANALTINA","SRL Q. 02 CONJ. ""J"" CASA 21.","SRL Q. 02 CONJ. ""J"" CASA 21 - Escola Classe 03.","SRL Q. 02 CONJ. ""J"" CASA 21 - Escola Classe 03.",-15.615444,-47.645806,true,"Operante","","","30/01/2026 09:35:00","30/01/2026 09:35:00","","100mm",""
"hid_2884","5259","STM00217","5259","SANTA MARIA","VILA DVO - R. Tulipa, 1-2 - GAMA - DF","AVENIDA PRINCIPAL PROXÍMO A IGREJA (DVO)","AVENIDA PRINCIPAL PROXÍMO A IGREJA (DVO)",-16.046917,-48.044528,true,"Operante","","","17/03/2026 18:48:00","17/03/2026 18:48:00","","100mm",""
"hid_2885","5260","STM00218","5260","SANTA MARIA","VILA DVO, RUA PRIMAVERA TRAVESSA DA CASTANHEIRA, GAMA - DF","Via 08 Travessa Castanheira Casa 01 DVO - Em frente à Casa 01 - DVO","Via 08 Travessa Castanheira Casa 01 DVO - Em frente à Casa 01 - DVO",-16.048472,-48.041194,true,"Operante","","","17/03/2026 18:49:00","17/03/2026 18:49:00","","100mm",""
"hid_2886","5261","ACL00037","5261","AGUAS CLARAS","QS 10 CONJUNTO 210B LOTE 12","CASA 12","CASA 12",-15.866917,-48.023139,true,"Operante","","","03/04/2025 10:00:00","03/04/2025 10:00:00","","100mm","/hidrantes/aguas_claras/ACL00037.jpeg"
"hid_2887","5262","ACL00038","5262","AGUAS CLARAS","QS 10 CONJUNTO 230A CASA 10","FRENTE CASA 10","FRENTE CASA 10",-15.868361,-48.021861,true,"Operante","","","03/04/2025 11:00:00","03/04/2025 11:00:00","","100mm","/hidrantes/aguas_claras/ACL00038.jpeg"
"hid_2888","5263","ACL00039","5263","AGUAS CLARAS","AVENIDA CASTANHEIRA / RUA 24 NORTE","ESQUINA","ESQUINA",-15.838389,-48.02875,true,"Operante","","","04/04/2025 08:00:00","04/04/2025 08:00:00","","100mm","/hidrantes/aguas_claras/ACL00039.jpeg"
"hid_2889","5264","ACL00040","5264","AGUAS CLARAS","QUADRA 208 LOTE 02 AV. PAU BRASIL","FRENTE A PARADA DE ÔNIBUS","FRENTE A PARADA DE ÔNIBUS",-15.844083,-48.02675,true,"Operante","","","04/04/2025 08:00:00","04/04/2025 08:00:00","","100mm","/hidrantes/aguas_claras/ACL00040.jpeg"
"hid_2890","5266","ACL00042","5266","AGUAS CLARAS","QS 06 LOTE 03 AV. ÁGUAS CLARAS","CASA 03","CASA 03",-15.859111,-48.0285,true,"Operante","","","03/04/2025 12:00:00","03/04/2025 12:00:00","","100mm","/hidrantes/aguas_claras/ACL00042.jpeg"
"hid_2891","5267","ACL00043","5267","AGUAS CLARAS","QS 08 CONJUNTO 440A CASA 07","CASA 07","CASA 07",-15.862694,-48.022611,true,"Operante","","","03/04/2025 10:00:00","03/04/2025 10:00:00","","100mm","/hidrantes/aguas_claras/ACL00043.jpeg"
"hid_2892","5268","PLA00022","5268","PLANALTINA","Q. ""C"" Conj. C-1 Casa 01.","Vila de Fátima - Frente ao Setor Norte.","Vila de Fátima - Frente ao Setor Norte.",-15.605444,-47.657722,true,"Operante","","","27/01/2026 16:55:00","27/01/2026 16:55:00","","100mm",""
"hid_2893","5269","PLA00023","5269","PLANALTINA","Q. ""A"" Conj. A-7 Casa 35.","Vila de Fátima - Fundos do Assentamento.","Vila de Fátima - Fundos do Assentamento.",-15.604056,-47.659056,true,"Operante","","","27/01/2026 16:55:00","27/01/2026 16:55:00","","100mm",""
"hid_2894","5270","PLA00024","5270","PLANALTINA","Q. ""B"" Conj. B-2 Casa 16.","Vila de Fátima - Fundos do Assentamento.","Vila de Fátima - Fundos do Assentamento.",-15.602194,-47.658889,true,"Operante","","","27/01/2026 16:56:00","27/01/2026 16:56:00","","100mm",""
"hid_2895","5271","PLA00025","5271","PLANALTINA","Q. ""E"" Conj. E-2 Casa 01.","Vila de Fátima - UNB- Campos avançado da Administração.

Processo SEI - CAESB - 00053-00109192/2023-52","Vila de Fátima - UNB- Campos avançado da Administração.

Processo SEI - CAESB - 00053-00109192/2023-52",-15.601556,-47.6575,true,"Operante","","","27/01/2026 16:56:00","27/01/2026 16:56:00","","100mm",""
"hid_2896","5272","PLA00026","5272","PLANALTINA","Q. ""F"" Conj. F-1 Casa 13.","Vila de Fátima.","Vila de Fátima.",-15.605556,-47.655667,true,"Operante","","","27/01/2026 16:55:00","27/01/2026 16:55:00","","100mm",""
"hid_2897","5273","PLA00027","5273","PLANALTINA","Conj. ""C"" Casa 01 - Buritis II.","Buritis II - Acima do Cemitério.","Buritis II - Acima do Cemitério.",-15.611722,-47.645333,true,"Operante","","","30/01/2026 09:23:00","30/01/2026 09:23:00","","100mm",""
"hid_2898","5274","PLA00028","5274","PLANALTINA","Conj. ""B"" Casa 07 - Buritis II.","Buritis II - Frente ao Posto de Saúde nº 02.","Buritis II - Frente ao Posto de Saúde nº 02.",-15.611806,-47.643472,true,"Operante","","","30/01/2026 14:15:00","30/01/2026 14:15:00","","100mm",""
"hid_2899","5275","PLA00029","5275","PLANALTINA","Q. 10 Conj. ""A"" Casa 01 - Buritis II.","Buritis II -Ao lado do Posto de Saúde nº 02.","Buritis II -Ao lado do Posto de Saúde nº 02.",-15.612194,-47.64275,true,"Operante","","","30/01/2026 14:16:00","30/01/2026 14:16:00","","100mm",""
"hid_2900","5276","PLA00030","5276","PLANALTINA","Q. 10 Conj. ""C"" Casa 04 - Buritis II.","Buritis II - Frente ao Bloco ""N"" Q. 01.","Buritis II - Frente ao Bloco ""N"" Q. 01.",-15.614611,-47.642889,true,"Operante","","","30/01/2026 09:25:00","30/01/2026 09:25:00","","100mm",""
"hid_2901","5277","PLA00031","5277","PLANALTINA","Q. 10 Conj. ""G"" Casa 26 - Buritis II.","Buritis II - Próximo ao Centro de Ensino nº 03.

Processo SEI - CAESB 00053-00115466/2023-42

Processo SEI - CAESB - 00053-00109192/2023-52","Buritis II - Próximo ao Centro de Ensino nº 03.

Processo SEI - CAESB 00053-00115466/2023-42

Processo SEI - CAESB - 00053-00109192/2023-52",-15.615417,-47.640278,true,"Operante","","","30/01/2026 09:29:00","30/01/2026 09:29:00","","100mm",""
"hid_2902","5278","PLA00032","5278","PLANALTINA","Q. 20 Conj. ""A"" Casa 01 - Buritis II.","Buritis II - Frente ao Caic.","Buritis II - Frente ao Caic.",-15.617583,-47.643056,true,"Operante","","","30/01/2026 09:30:00","30/01/2026 09:30:00","","100mm",""
"hid_2903","5279","PLA00033","5279","PLANALTINA","Q. 20 Conj. ""K"" Casa 01 - Buritis II.","Buritis II - Acima do Caic.","Buritis II - Acima do Caic.",-15.616639,-47.638583,true,"Operante","","","30/01/2026 14:19:00","30/01/2026 14:19:00","","100mm",""
"hid_2904","5280","PLA00034","5280","PLANALTINA","Q. 11 Conj. ""01"" Casa 11 - Buritis III.","Próximo ao Mercado Vitória Buritis III.","Próximo ao Mercado Vitória Buritis III.",-15.615361,-47.636472,true,"Operante","","","06/02/2026 16:14:00","06/02/2026 16:14:00","","100mm",""
"hid_2905","5281","PLA00035","5281","PLANALTINA","Q. 12 Conj. ""13"" Casa 14 - Buritis III.","Buritis III - Frente a casa 14.","Buritis III - Frente a casa 14.",-15.6135,-47.635639,true,"Operante","","","06/02/2026 16:14:00","06/02/2026 16:14:00","","100mm",""
"hid_2906","5282","PLA00036","5282","PLANALTINA","Q. 12 Conj. ""05"" Casa 01 - Buritis III.","Buritis III - Próx. à Escola Classe 14.

Processo SEI - CAESB - 00053-00109192/2023-52","Buritis III - Próx. à Escola Classe 14.

Processo SEI - CAESB - 00053-00109192/2023-52",-15.614389,-47.632917,true,"Operante","","","06/02/2026 16:13:00","06/02/2026 16:13:00","","100mm",""
"hid_2907","5283","PLA00037","5283","PLANALTINA","Q. 12 Conj. ""02"" Casa 08 - Buritis III","Buritis III - Frente a Padaria.

Processo SEI - CAESB - 00053-00109192/2023-52","Buritis III - Frente a Padaria.

Processo SEI - CAESB - 00053-00109192/2023-52",-15.614583,-47.635083,true,"Operante","","","06/02/2026 16:12:00","06/02/2026 16:12:00","","100mm",""
"hid_2908","5285","ACL00044","5285","AGUAS CLARAS","QS 09 RUA 140 LOTE 01","ÁREA VERDE, LOTE SEM CONSTRUÇÃO","ÁREA VERDE, LOTE SEM CONSTRUÇÃO",-15.871528,-48.026528,true,"Operante","","","03/04/2025 09:30:00","03/04/2025 09:30:00","","100mm","/hidrantes/aguas_claras/ACL00044.jpeg"
"hid_2909","5286","ARN00001","5286","ARNIQUEIRA","COLÔNIA AGRÍCOLA ARNIQUEIRA CHÁCARA 56 LOTE 15","FRENTE A VIGOROSA MATERIAIS DE CONSTRUÇÃO","FRENTE A VIGOROSA MATERIAIS DE CONSTRUÇÃO",-15.861167,-48.004111,true,"Operante","","","24/10/2024 10:49:00","24/10/2024 10:49:00","","100mm","/hidrantes/arniqueira/ARN00001.jpeg"
"hid_2910","5287","ARN00002","5287","ARNIQUEIRA","COLÔNIA AGRÍCOLA ARNIQUEIRA CONJUNTO 04 CHÁCARA 71B LOTE 05","NO CANTEIRO CENTRAL DA VIA","NO CANTEIRO CENTRAL DA VIA",-15.855722,-47.996056,false,"Inoperante","CARRETEL DO REGISTRO DANIFICADO","","21/11/2024 10:29:00","21/11/2024 10:29:00","","100mm","/hidrantes/arniqueira/ARN00002.jpeg"
"hid_2911","5288","ARN00003","5288","ARNIQUEIRA","COLÔNIA AGRÍCOLA ARNIQUEIRA ÁREA ESPECIAL Nº 01","FRENTE A ADMINISTRAÇÃO DE ARNIQUEIRA","FRENTE A ADMINISTRAÇÃO DE ARNIQUEIRA",-15.861389,-48.000583,true,"Operante","","","24/10/2024 10:48:00","24/10/2024 10:48:00","","100mm","/hidrantes/arniqueira/ARN00003.jpeg"
"hid_2912","5289","ARN00004","5289","ARNIQUEIRA","COLÔNIA AGRÍCOLA ARNIQUEIRA CHÁCARA 86","FRENTE A DISTRIBUIDORA DE BEBIDAS 86","FRENTE A DISTRIBUIDORA DE BEBIDAS 86",-15.867556,-48.010361,true,"Operante","","","24/10/2024 10:49:00","24/10/2024 10:49:00","","100mm","/hidrantes/arniqueira/ARN00004.jpeg"
"hid_2913","5290","PLA00039","5290","PLANALTINA","Q. 18 Conj. ""E"" Casa 06 - Buritis IV.","Buritis IV - Lateral da Casa 06.","Buritis IV - Lateral da Casa 06.",-15.619056,-47.641889,true,"Operante","","","30/01/2026 14:21:00","30/01/2026 14:21:00","","100mm",""
"hid_2914","5291","PLA00040","5291","PLANALTINA","Q. 19 Conj. ""C"" Casa 16 - Buritis IV","Frente à Casa 16 - Panificadora e confeitaria trigo de ouro.","Frente à Casa 16 - Panificadora e confeitaria trigo de ouro.",-15.619556,-47.639056,true,"Operante","","","30/01/2026 10:48:00","30/01/2026 10:48:00","","100mm",""
"hid_2915","5292","PLA00041","5292","PLANALTINA","Q. 19 Conj. ""D"" Casa 24 - Buritis IV.","Buritis IV -Lateral da Casa 24.

Processo SEI - CAESB - 00053-00109192/2023-52","Buritis IV -Lateral da Casa 24.

Processo SEI - CAESB - 00053-00109192/2023-52",-15.616667,-47.636,true,"Operante","","","30/01/2026 14:20:00","30/01/2026 14:20:00","","100mm",""
"hid_2916","5293","PLA00042","5293","PLANALTINA","Q. 19 Conj. ""F"" Casa 03 - Buritis IV.","Buritis IV - Frente à Casa 03.","Buritis IV - Frente à Casa 03.",-15.618611,-47.637444,false,"Inoperante","FALTA TAMPÃO DE 2.1/2""; FALTA TAMPÃO DE 4""","","01/04/2025 16:58:00","01/04/2025 16:58:00","","100mm",""
"hid_2917","5294","PLA00043","5294","PLANALTINA","Q. 19 Conj. ""M"" Casa 01 - Buritis IV.","Buritis IV - Lateral da Casa 01.","Buritis IV - Lateral da Casa 01.",-15.616917,-47.638778,true,"Operante","","","30/01/2026 14:19:00","30/01/2026 14:19:00","","100mm",""
"hid_2918","5295","PLA00044","5295","PLANALTINA","Q. 21 Conj. ""J"" Casa 12 - Buritis IV.","Buritis IV - Frente à Casa 12.

Processo SEI - CAESB - 00053-00109192/2023-52","Buritis IV - Frente à Casa 12.

Processo SEI - CAESB - 00053-00109192/2023-52",-15.620167,-47.630722,true,"Operante","","","06/02/2026 16:13:00","06/02/2026 16:13:00","","100mm",""
"hid_2919","5296","PLA00045","5296","PLANALTINA","Q. 22 Conj. ""A"" Casa 29 - Buritis IV.","Buritis IV - Frente à Casa 29.","Buritis IV - Frente à Casa 29.",-15.616694,-47.631611,true,"Operante","","","06/02/2026 16:14:00","06/02/2026 16:14:00","","100mm",""
"hid_2920","5297","PLA00046","5297","PLANALTINA","Q. 22 Conj. ""B"" Casa 25 - Buritis IV.","Buritis IV - Frente à Casa 25.","Buritis IV - Frente à Casa 25.",-15.618556,-47.633472,true,"Operante","","","06/02/2026 16:12:00","06/02/2026 16:12:00","","100mm",""
"hid_2921","5298","PLA00047","5298","PLANALTINA","Q. 23 Conj. ""F"" Casa 22 - Buritis IV.","Buritis IV - Frente à Casa 22.","Buritis IV - Frente à Casa 22.",-15.620528,-47.635806,true,"Operante","FALTAM BUJÕES E TAMPÕES","","30/01/2026 10:51:00","30/01/2026 10:51:00","","100mm",""
"hid_2922","5299","PLA00048","5299","PLANALTINA","Q. 24 Conj. ""D"" Casa 01 - Buritis IV.","Buritis IV - Frente à Casa 01.","Buritis IV - Frente à Casa 01.",-15.619528,-47.637556,true,"Operante","","","30/01/2026 10:46:00","30/01/2026 10:46:00","","100mm",""
"hid_2923","5300","PLA00049","5300","PLANALTINA","Q. 24 Conj. ""L"" Casa 13 - Buritis IV.","Buritis IV - Frente à Casa 13.","Buritis IV - Frente à Casa 13.",-15.623028,-47.638139,true,"Operante","","","06/02/2026 16:18:00","06/02/2026 16:18:00","","100mm",""
"hid_2924","5301","PLA00050","5301","PLANALTINA","Q. 26 Conj. ""A"" Casa 09/10 - Buritis IV.","Frente ao depósito de gás.","Frente ao depósito de gás.",-15.620389,-47.641389,true,"Operante","","","30/01/2026 10:43:00","30/01/2026 10:43:00","","100mm",""
"hid_2925","5303","STM00219","5303","SANTA MARIA","QR 118 ÁREA ESPECIAL S/N - 18º GBM - SANTA MARIA-DF","EM FRENTE AO 18º GBM/ PORTÃO PRINCIPAL","EM FRENTE AO 18º GBM/ PORTÃO PRINCIPAL",-15.997917,-47.988417,true,"Operante","","","10/03/2026 14:28:00","10/03/2026 14:28:00","","100mm",""
"hid_2926","5306","STM00220","5306","SANTA MARIA","CL 313 CONJUNTO E CASA 25 - SANTA MARIA DF","EM FRENTE A CASA 25 / ÁREA VERDE

LOCALIZAÇÃO CORRETA: S16º 00' 43.3"" W48º 00' 06.1""","EM FRENTE A CASA 25 / ÁREA VERDE

LOCALIZAÇÃO CORRETA: S16º 00' 43.3"" W48º 00' 06.1""",-16.013472,-48.001167,true,"Operante","","","10/03/2026 15:22:00","10/03/2026 15:22:00","","100mm",""
"hid_2927","5307","STM00221","5307","SANTA MARIA","QR 317 CONJUNTO K CASA 03 - SANTA MARIA DF","EM FRENTE A CASA 03","EM FRENTE A CASA 03",-16.009972,-47.989917,true,"Operante","","","17/03/2026 15:18:00","17/03/2026 15:18:00","","100mm",""
"hid_2928","5308","STM00222","5308","SANTA MARIA","QR 516 CONJUNTO H CASA 16 - SANTA MARIA-DF","EM FRENTE A CASA 16/ NA ÁREA VERDE

LOCALIZAÇÃO CORRETA: S16º 01' 05.6"" W47º 59' 30.2""","EM FRENTE A CASA 16/ NA ÁREA VERDE

LOCALIZAÇÃO CORRETA: S16º 01' 05.6"" W47º 59' 30.2""",-16.018222,-47.991667,true,"Operante","","","19/03/2026 16:34:00","19/03/2026 16:34:00","","100mm",""
"hid_2929","5309","STM00223","5309","SANTA MARIA","QR 402 CONJUNTO L CASA 12 - SANTA MARIA-DF","EM FRENTE A CASA 12/ÁREA VERDE","EM FRENTE A CASA 12/ÁREA VERDE",-16.038528,-48.025333,true,"Operante","FALTA FLANGE","","07/04/2026 20:18:00","07/04/2026 20:18:00","","100mm",""
"hid_2930","5310","STM00224","5310","SANTA MARIA","QR 402 CONJUNTO W LOTE 13 - SANTA MARIA-DF","EM FRENTE AO LOTE 13 / IGREJA ASSEMBLEIA DE DEUS / NA ÁREA VERDE","EM FRENTE AO LOTE 13 / IGREJA ASSEMBLEIA DE DEUS / NA ÁREA VERDE",-16.038417,-48.023917,true,"Operante","","","07/04/2026 20:18:00","07/04/2026 20:18:00","","100mm",""
"hid_2931","5311","RF200059","5311","RIACHO FUNDO II","QC 3 CONJUNTO 9 AV. PRINCIPAL - RIACHO FUNDO II - DF","EM FRENTE A QC 4 CONJUNTO 25 LOTE 18, AO LADO DO PONTO DE ÔNIBUS","EM FRENTE A QC 4 CONJUNTO 25 LOTE 18, AO LADO DO PONTO DE ÔNIBUS",-15.918077,-48.046556,true,"Operante","","","30/04/2026 09:30:00","30/04/2026 09:30:00","","100mm",""
"hid_2932","5312","RF200060","5312","RIACHO FUNDO II","QC 06 CONJUNTO 11 casa 30 AV CENTRAL - RIACHO FUNDO II - DF","AO LADO DO ESTACIONAMENTO E EM FRENTE A QUADRA DE ESPORTE","AO LADO DO ESTACIONAMENTO E EM FRENTE A QUADRA DE ESPORTE",-15.922535,-48.044876,false,"Inoperante","HIDRANTE REMOVIDO OU NÃO ENCONTRADO","","28/04/2026 09:24:00","28/04/2026 09:24:00","","100mm",""
"hid_2933","5316","RF200061","5316","RIACHO FUNDO II","QC 01 CONJUNTO 06 CASA 19 - RIACHO FUNDO II - DF","LATERAL DA CASA 19, na área verde da parada de ônibus","LATERAL DA CASA 19, na área verde da parada de ônibus",-15.908832,-48.049031,true,"Operante","","","28/08/2024 15:53:00","28/08/2024 15:53:00","","100mm",""
"hid_2934","5319","PLA00051","5319","PLANALTINA","Setor de Oficinas - SOF. Próximo ao Posto Petrobrás.","VIA NJ - 02","VIA NJ - 02",-15.607056,-47.642722,true,"Operante","","","27/01/2026 16:51:00","27/01/2026 16:51:00","","100mm",""
"hid_2935","5320","PLA00052","5320","PLANALTINA","Setor de Oficinas - SOF - Conj. ""E"" Lote 29.","Conj. ""E"" Lote 29 - Fundos do Cemitério.","Conj. ""E"" Lote 29 - Fundos do Cemitério.",-15.607778,-47.645917,true,"Operante","","","27/01/2026 16:51:00","27/01/2026 16:51:00","","100mm",""
"hid_2936","5321","PLA00053","5321","PLANALTINA","Setor de Oficinas - SOF - Conj. ""C"" Lote 07.","Conj. ""E"" Lote 29 - Fundos do Cemitério.","Conj. ""E"" Lote 29 - Fundos do Cemitério.",-15.607556,-47.648694,true,"Operante","","","27/01/2026 16:52:00","27/01/2026 16:52:00","","100mm",""
"hid_2937","5322","PLA00054","5322","PLANALTINA","Setor de Oficinas - SOF - Conj. ""A"".","Atrás do Parque de Serviços da Adm.","Atrás do Parque de Serviços da Adm.",-15.607417,-47.651139,true,"Operante","","","27/01/2026 16:53:00","27/01/2026 16:53:00","","100mm",""
"hid_2938","5323","PLA00055","5323","PLANALTINA","Setor de Oficinas - SOF - Av. Independência.","Próximo ao Posto Ipiranga.","Próximo ao Posto Ipiranga.",-15.606833,-47.654444,true,"Operante","","","27/01/2026 16:54:00","27/01/2026 16:54:00","","100mm",""
"hid_2939","5325","PLA00057","5325","PLANALTINA","Setor de Oficinas - SOF - Conj. ""D"" Lote 17.","Próximo a Planalto Lavagem e Pintura.","Próximo a Planalto Lavagem e Pintura.",-15.60625,-47.650583,true,"Operante","","","27/01/2026 16:53:00","27/01/2026 16:53:00","","100mm",""
"hid_2940","5328","ACL00045","5328","AGUAS CLARAS","QD. 301 RUA "" D "" CONJUNTO 02","FRENTE AO CONJUNTO 02","FRENTE AO CONJUNTO 02",-15.830361,-48.017028,true,"Operante","PINTAR HIDRANTE DE AMARELO; TAMPA DE CONCRETO QUEBRADA OU REMOVIDA","","04/04/2025 10:00:00","04/04/2025 10:00:00","","100mm","/hidrantes/aguas_claras/ACL00045.jpeg"
"hid_2941","5329","ACL00046","5329","AGUAS CLARAS","AV. ARAUCÁRIA LOTE 1135 RESIDENCIAL MONTSSERRAT","FRENTE A LOJA ""A MUNDIAL""","FRENTE A LOJA ""A MUNDIAL""",-15.838417,-48.016639,true,"Operante","","","04/04/2025 11:00:00","04/04/2025 11:00:00","","100mm","/hidrantes/aguas_claras/ACL00046.jpeg"
"hid_2942","5330","ACL00047","5330","AGUAS CLARAS","QS 05 RUA 600","FRENTE A CAPELA SANTA CLARA DE ASSIS","FRENTE A CAPELA SANTA CLARA DE ASSIS",-15.852417,-48.03675,true,"Operante","","","03/04/2025 07:42:00","03/04/2025 07:42:00","","100mm","/hidrantes/aguas_claras/ACL00047.jpeg"
"hid_2943","5331","PLA00058","5331","PLANALTINA","Setor de Oficinas - SOF - Conj. ""D"" Lote 89","Frente ao Lote 89","Frente ao Lote 89",-15.606417,-47.64625,true,"Operante","","","26/01/2026 09:43:00","26/01/2026 09:43:00","","100mm",""
"hid_2944","5332","PLA00059","5332","PLANALTINA","Quadra. 07 Conj. 7C Casa 13.","Ao lado da Escola Classe 13.","Ao lado da Escola Classe 13.",-15.603472,-47.642194,true,"Operante","","","27/01/2026 16:50:00","27/01/2026 16:50:00","","100mm",""
"hid_2945","5334","PLA00061","5334","PLANALTINA","QUADRA 6 CONJUNTO 6B CASA 24 PLANALTINA-DF","EM FRENTE A CASA 24/RUA DOS FUNDOS DO SUPERMERCADO RAMOS.","EM FRENTE A CASA 24/RUA DOS FUNDOS DO SUPERMERCADO RAMOS.",-15.60525,-47.644167,false,"Inoperante","TAMPA DE CONCRETO QUEBRADA OU REMOVIDA","","26/01/2026 09:53:00","26/01/2026 09:53:00","","100mm",""
"hid_2946","5335","PLA00062","5335","PLANALTINA","Quadra. 06 Conj. 6F Casa 25.","Ao lado do campo de futebol","Ao lado do campo de futebol",-15.603333,-47.644083,true,"Operante","","","26/01/2026 09:56:00","26/01/2026 09:56:00","","100mm",""
"hid_2947","5336","PLA00063","5336","PLANALTINA","Quadra. 06 Conj. 6J Casa 26.","Rua da Casa da Bênção.","Rua da Casa da Bênção.",-15.601556,-47.643972,true,"Operante","","","26/01/2026 09:58:00","26/01/2026 09:58:00","","100mm",""
"hid_2948","5337","PLA00064","5337","PLANALTINA","Q. 03 Conj. 3 C Casa 25.","Frente Casa 25.","Frente Casa 25.",-15.604944,-47.649694,true,"Operante","","","30/01/2026 10:54:00","30/01/2026 10:54:00","","100mm",""
"hid_2949","5338","PLA00065","5338","PLANALTINA","Q. 03 Conj. 3 F Casa 25.","Fundos do Colégio. CED 3","Fundos do Colégio. CED 3",-15.603083,-47.649639,true,"Operante","","","26/01/2026 09:29:00","26/01/2026 09:29:00","","100mm",""
"hid_2950","5339","PLA00066","5339","PLANALTINA","Q. 03 Conj. 3 K Casa 25.","Frente Casa 25.","Frente Casa 25.",-15.60125,-47.649528,true,"Operante","","","26/01/2026 09:27:00","26/01/2026 09:27:00","","100mm",""
"hid_2951","5341","PLA00067","5341","PLANALTINA","Q. 02 Conj. 2 C Casa 21.","Frente Casa 21.","Frente Casa 21.",-15.605,-47.651611,true,"Operante","","","26/01/2026 09:34:00","26/01/2026 09:34:00","","100mm",""
"hid_2952","5342","PLA00068","5342","PLANALTINA","Q. 02 Conj. 2 F Casa 25.","Frente à Quadra Poliesportiva.","Frente à Quadra Poliesportiva.",-15.602972,-47.6515,true,"Operante","","","26/01/2026 09:31:00","26/01/2026 09:31:00","","100mm",""
"hid_2953","5343","PLA00069","5343","PLANALTINA","Q. 02 Conj. 2 K Casa 23/25.","Entre Casas 23/25.","Entre Casas 23/25.",-15.601194,-47.651417,true,"Operante","","","26/01/2026 09:23:00","26/01/2026 09:23:00","","100mm",""
"hid_2954","5344","PLA00070","5344","PLANALTINA","Qd. 01 CONJ. ""D"" Casa 50.","Frente a Elétrica e Hidráulica Mocambo.

Processo SEI - CAESB 00053-00115466/2023-42","Frente a Elétrica e Hidráulica Mocambo.

Processo SEI - CAESB 00053-00115466/2023-42",-15.636028,-47.651083,false,"Inoperante","REGISTRO SOTERRADO","","03/02/2026 10:38:00","03/02/2026 10:38:00","","100mm",""
"hid_2955","5345","PLA00071","5345","PLANALTINA","Qd. 01 CONJ. ""L"" Casa 61.","Próximo ao Chaveiro Elias.

Processo SEI - CAESB 00053-00115466/2023-42","Próximo ao Chaveiro Elias.

Processo SEI - CAESB 00053-00115466/2023-42",-15.643861,-47.650306,true,"Operante","","","03/02/2026 10:43:00","03/02/2026 10:43:00","","100mm",""
"hid_2956","5346","PLA00072","5346","PLANALTINA","Qd. 01 CONJ. ""H"" Casa 03.","Próximo a Brasil Madeiras.

Processo SEI - CAESB 00053-00115466/2023-42","Próximo a Brasil Madeiras.

Processo SEI - CAESB 00053-00115466/2023-42",-15.640139,-47.650694,false,"Inoperante","FALTA FLANGE; HIDRANTE SOTERRADO","","03/02/2026 10:35:00","03/02/2026 10:35:00","","100mm",""
"hid_2957","5347","PLA00073","5347","PLANALTINA","Qd. 02 CONJ. ""H"" Casa 01.","Próximo ao lava jato JS Centro Automotivo.","Próximo ao lava jato JS Centro Automotivo.",-15.640111,-47.648028,true,"Operante","FALTA CABEÇOTE DA HASTE DO REGISTRO (LUVA)","","03/02/2026 10:30:00","03/02/2026 10:30:00","","100mm",""
"hid_2958","5348","PLA00074","5348","PLANALTINA","Qd. 3A CONJ. ""A"" Casa 14.","Prox. a pista Central

Processo SEI - CAESB 00053-00115466/2023-42","Prox. a pista Central

Processo SEI - CAESB 00053-00115466/2023-42",-15.634222,-47.651361,true,"Operante","","","03/02/2026 13:34:00","03/02/2026 13:34:00","","100mm",""
"hid_2959","5349","PLA00075","5349","PLANALTINA","Qd. 10 CONJ. ""H"" Casa 01.","frente ao Baratão da Construção/ VILA DE FATIMA


Processo SEI - CAESB 00053-00115466/2023-42","frente ao Baratão da Construção/ VILA DE FATIMA


Processo SEI - CAESB 00053-00115466/2023-42",-15.639889,-47.643861,false,"Inoperante","REGISTRO SOTERRADO","","03/02/2026 10:21:00","03/02/2026 10:21:00","","100mm",""
"hid_2960","5350","PLA00076","5350","PLANALTINA","Qd. 16 CONJ. ""L"" Casa 20","Próximo a Área verde.

Processo SEI - CAESB 00053-00115466/2023-42","Próximo a Área verde.

Processo SEI - CAESB 00053-00115466/2023-42",-15.647306,-47.643472,true,"Operante","","","03/02/2026 10:25:00","03/02/2026 10:25:00","","100mm",""
"hid_2961","5351","PLA00077","5351","PLANALTINA","Qd. 16B CONJ. ""I"" Casa 01.","Frente a Qd 08 Conj. J casa 10

Processo SEI - CAESB 00053-00115466/2023-42","Frente a Qd 08 Conj. J casa 10

Processo SEI - CAESB 00053-00115466/2023-42",-15.641306,-47.636972,false,"Inoperante","FALTA TAMPÃO DE 2.1/2""; FALTA TAMPÃO DE 4""","","03/02/2026 10:49:00","03/02/2026 10:49:00","","100mm",""
"hid_2962","5352","PLA00078","5352","PLANALTINA","Qd. 18C CONJ. ""I"" Casa 18.","Próximo a Caixa d' Água da CAESB.


Processo SEI - CAESB 00053-00115466/2023-42","Próximo a Caixa d' Água da CAESB.


Processo SEI - CAESB 00053-00115466/2023-42",-15.641361,-47.635667,false,"Inoperante","HIDRANTE SEM ÁGUA","","03/02/2026 13:39:00","03/02/2026 13:39:00","","100mm",""
"hid_2963","5353","PLA00079","5353","PLANALTINA","Qd. 18 CONJ.""M"" Casa 131","Próximo ao Bar e Restaurante Requinte-Via BR 020.( NO BALÃO DE ACES)","Próximo ao Bar e Restaurante Requinte-Via BR 020.( NO BALÃO DE ACES)",-15.646833,-47.633139,false,"Inoperante","FALTA FLANGE; FALTA TAMPÃO DE 2.1/2""; FALTA TAMPÃO DE 4""","","03/02/2026 10:52:00","03/02/2026 10:52:00","","100mm",""
"hid_2964","5354","PLA00080","5354","PLANALTINA","Qd. 10 CONJ. ""N"" Casa 51.","Próximo a Casa 51 - Via de acesso DF 345

Processo SEI - CAESB 00053-00115466/2023-42","Próximo a Casa 51 - Via de acesso DF 345

Processo SEI - CAESB 00053-00115466/2023-42",-15.641194,-47.624556,true,"Operante","","","03/02/2026 10:59:00","03/02/2026 10:59:00","","100mm",""
"hid_2965","5355","PLA00081","5355","PLANALTINA","CR 04 Casa 16 - Vale do Amanhecer.","Vale do Amanhecer - Próx. à Templo.","Vale do Amanhecer - Próx. à Templo.",-15.672833,-47.648111,true,"Operante","FALTA CABEÇOTE DA HASTE DO REGISTRO (LUVA)","","02/02/2026 10:03:00","02/02/2026 10:03:00","","100mm",""
"hid_2966","5356","PLA00082","5356","PLANALTINA","CR 30 Casa 32 - Vale do Amanhecer.","Vale do Amanhecer - Próximo ao Armarinho e Papelaria DANNY.","Vale do Amanhecer - Próximo ao Armarinho e Papelaria DANNY.",-15.673861,-47.646944,true,"Operante","FALTA CABEÇOTE DA HASTE DO REGISTRO (LUVA)","","02/02/2026 10:08:00","02/02/2026 10:08:00","","100mm",""
"hid_2967","5357","PLA00083","5357","PLANALTINA","CR 32 Casa 24 - Vale do Amanhecer.","Vale do Amanhecer - Frente Casa 24.","Vale do Amanhecer - Frente Casa 24.",-15.674639,-47.648806,true,"Operante","FALTA CABEÇOTE DA HASTE DO REGISTRO (LUVA); FALTA TAMPÃO DE 2.1/2""","","02/02/2026 10:10:00","02/02/2026 10:10:00","","100mm",""
"hid_2968","5358","PLA00084","5358","PLANALTINA","CR 34 Casa 32.","Frente Casa 32.","Frente Casa 32.",-15.675778,-47.651611,true,"Operante","FALTA CABEÇOTE DA HASTE DO REGISTRO (LUVA)","","02/02/2026 10:14:00","02/02/2026 10:14:00","","100mm",""
"hid_2969","5359","PLA00085","5359","PLANALTINA","CR 69 Casa 01.","Frente Casa 01.","Frente Casa 01.",-15.672361,-47.651056,true,"Operante","","","02/02/2026 09:42:00","02/02/2026 09:42:00","","100mm",""
"hid_2970","5360","PLA00086","5360","PLANALTINA","CR 51 Casa 01.","Frente Casa 01.","Frente Casa 01.",-15.671139,-47.647944,true,"Operante","","","02/02/2026 09:34:00","02/02/2026 09:34:00","","100mm",""
"hid_2971","5361","PLA00087","5361","PLANALTINA","CR 65 Casa 07.","Entre a CR 10. No Canteiro central.","Entre a CR 10. No Canteiro central.",-15.673917,-47.650778,true,"Operante","","","02/02/2026 09:50:00","02/02/2026 09:50:00","","100mm",""
"hid_2972","5362","PLA00088","5362","PLANALTINA","CR 71 Lote 0183.","Próximo ao Depósito de Gás.","Próximo ao Depósito de Gás.",-15.677528,-47.652861,true,"Operante","FALTA CABEÇOTE DA HASTE DO REGISTRO (LUVA)","","02/02/2026 10:27:00","02/02/2026 10:27:00","","100mm",""
"hid_2973","5363","PLA00089","5363","PLANALTINA","CR 72 Casa 144.","Frente Casa 144.","Frente Casa 144.",-15.676889,-47.651111,true,"Operante","","","03/02/2026 09:53:00","03/02/2026 09:53:00","","100mm",""
"hid_2974","5364","PLA00090","5364","PLANALTINA","CR 74 Casa 46.","Frente Casa 46.","Frente Casa 46.",-15.676556,-47.648722,true,"Operante","","","03/02/2026 09:50:00","03/02/2026 09:50:00","","100mm",""
"hid_2975","5365","PLA00091","5365","PLANALTINA","CR 75 Casa 151","Próximo à Drogaria do Povo.","Próximo à Drogaria do Povo.",-15.678583,-47.6525,true,"Operante","FALTA CABEÇOTE DA HASTE DO REGISTRO (LUVA); FALTA TAMPÃO DE 2.1/2""","","02/02/2026 10:31:00","02/02/2026 10:31:00","","100mm",""
"hid_2976","5366","PLA00092","5366","PLANALTINA","CR 77 Casa 65.","Próximo à linha de ônibus.","Próximo à linha de ônibus.",-15.678444,-47.650611,true,"Operante","","","03/02/2026 09:57:00","03/02/2026 09:57:00","","100mm",""
"hid_2977","5367","PLA00093","5367","PLANALTINA","CR 83 Casa 19B.","Lateral direita da Igreja Prebisteriana.","Lateral direita da Igreja Prebisteriana.",-15.680889,-47.652194,true,"Operante","FALTA CABEÇOTE DA HASTE DO REGISTRO (LUVA)","","03/02/2026 10:01:00","03/02/2026 10:01:00","","100mm",""
"hid_2978","5368","PLA00094","5368","PLANALTINA","CR 89 Casa 09.","Próximo à linha de ônibus.","Próximo à linha de ônibus.",-15.682194,-47.652139,false,"Inoperante","CAIXA DE REGISTRO CHEIA DE LIXO","","03/02/2026 10:04:00","03/02/2026 10:04:00","","100mm",""
"hid_2979","5369","PLA00095","5369","PLANALTINA","EMBRAPA BR - 020 KM 18 .","Frente a Garagem lado esquerdo, Hidrante com o registro da rede geral independente. ( Tem que abrir o registro).","Frente a Garagem lado esquerdo, Hidrante com o registro da rede geral independente. ( Tem que abrir o registro).",-15.603972,-47.712806,true,"Operante","","","09/02/2026 11:02:00","09/02/2026 11:02:00","","100mm",""
"hid_2980","5371","PLA00096","5371","PLANALTINA","EMBRAPA BR - 020 KM 18.","Hidrante com o registro geral da rede independente ( tem que abrir o registro).","Hidrante com o registro geral da rede independente ( tem que abrir o registro).",-15.603667,-47.713278,true,"Operante","","","09/02/2026 11:03:00","09/02/2026 11:03:00","","100mm",""
"hid_2981","5372","PLA00097","5372","PLANALTINA","EMBRAPA BR - 020 KM 18.","Próximo ao Banco SICOOB.","Próximo ao Banco SICOOB.",-15.6045,-47.713167,true,"Operante","","","09/02/2026 11:01:00","09/02/2026 11:01:00","","100mm",""
"hid_2982","5373","PLA00098","5373","PLANALTINA","EMBRAPA BR - 020 KM 18 .","Próximo ao Banco SICOOB.","Próximo ao Banco SICOOB.",-15.604167,-47.713583,true,"Operante","","","09/02/2026 11:02:00","09/02/2026 11:02:00","","100mm",""
"hid_2983","5374","PLA00099","5374","PLANALTINA","EMBRAPA BR - 020 KM 18.","Próximo ao Laboratório.","Próximo ao Laboratório.",-15.605028,-47.713528,true,"Operante","","","09/02/2026 11:00:00","09/02/2026 11:00:00","","100mm",""
"hid_2984","5375","PLA00100","5375","PLANALTINA","EMBRAPA BR - 020 KM 18.","Entre o Galpão G-01.","Entre o Galpão G-01.",-15.604583,-47.714167,true,"Operante","","","09/02/2026 11:01:00","09/02/2026 11:01:00","","100mm",""
"hid_2985","5376","PLA00101","5376","PLANALTINA","EMBRAPA BR - 020 KM 18.","Em frente ao laboratório/Plataforma I.","Em frente ao laboratório/Plataforma I.",-15.606167,-47.713611,true,"Operante","","","09/02/2026 11:00:00","09/02/2026 11:00:00","","100mm",""
"hid_2986","5377","STM00225","5377","SANTA MARIA","QR 100 CONJUNTO P CASA 16 - SANTA MARIA DF","NA ÁREA VERDE / EM FRENTE À CASA 16","NA ÁREA VERDE / EM FRENTE À CASA 16",-16.046111,-48.038472,true,"Operante","","","17/03/2026 18:49:00","17/03/2026 18:49:00","","100mm",""
"hid_2987","5379","STM00226","5379","SANTA MARIA","QR 201 CONJUNTO A CASA 39 - SANTA MARIA-DF","EM FRENTE A CASA 39 / PRÓXIMO AO CENTRO DE ENSINO FUNDAMENTAL 201","EM FRENTE A CASA 39 / PRÓXIMO AO CENTRO DE ENSINO FUNDAMENTAL 201",-16.044278,-48.033111,false,"Inoperante","HIDRANTE REMOVIDO OU NÃO ENCONTRADO","","07/04/2026 20:26:00","07/04/2026 20:26:00","","100mm",""
"hid_2988","5380","STM00227","5380","SANTA MARIA","QR 103 CONJUNTO A LOTE 12 - SANTA MARIA DF","LATERAL ESQUERDA DO LOTE 12 / EM FRENTE À CRECHE RENASCER CORUJINHA.

LOCALIZAÇÃO CORRETA; S16º 02' 18.2"" W48º 02' 05.4""","LATERAL ESQUERDA DO LOTE 12 / EM FRENTE À CRECHE RENASCER CORUJINHA.

LOCALIZAÇÃO CORRETA; S16º 02' 18.2"" W48º 02' 05.4""",-16.038361,-48.034861,true,"Operante","","","07/04/2026 20:23:00","07/04/2026 20:23:00","","100mm",""
"hid_2989","5381","SAM00288","5381","SAMAMBAIA","QR 204 CONJUNTO 3 CASA 36","NA ESQUINA","NA ESQUINA",-15.868944,-48.083722,true,"Operante","","","09/04/2025 12:00:00","09/04/2025 12:00:00","","100mm",""
"hid_2990","5382","SAM00289","5382","SAMAMBAIA","QR 204 CONJUNTO 5 CASA 40","NA ESQUINA","NA ESQUINA",-15.8695,-48.082333,true,"Operante","","","09/04/2025 11:00:00","09/04/2025 11:00:00","","100mm",""
"hid_2991","5383","SAM00290","5383","SAMAMBAIA","QR 210 CONJUNTO 11 CASA 27","FRENTE AO CONJUNTO 18 CASA 36","FRENTE AO CONJUNTO 18 CASA 36",-15.866778,-48.075528,true,"Operante","","","09/04/2025 11:00:00","09/04/2025 11:00:00","","100mm",""
"hid_2992","5384","SAM00291","5384","SAMAMBAIA","QN 308 CONJUNTO 6 LOTE 2","LATERAL DA IGREJA MINISTÉRIO VIDA ABERTA","LATERAL DA IGREJA MINISTÉRIO VIDA ABERTA",-15.876111,-48.076889,true,"Operante","","","02/06/2026 07:17:00","02/06/2026 07:17:00","","100mm",""
"hid_2993","5385","SAM00292","5385","SAMAMBAIA","QN 308 CONJUNTO 01 PISTA 100/300","AO LADO DA 32º DELEGACIA DE POLICIA / HELIPONTO","AO LADO DA 32º DELEGACIA DE POLICIA / HELIPONTO",-15.874806,-48.075778,true,"Operante","","","02/06/2026 07:18:00","02/06/2026 07:18:00","","100mm",""
"hid_2994","5386","SAM00293","5386","SAMAMBAIA","QS 308 CONJUNTO 5","FRENTE AO RESIDENCIAL ALGARVE","FRENTE AO RESIDENCIAL ALGARVE",-15.879278,-48.075139,true,"Operante","","","02/06/2026 07:18:00","02/06/2026 07:18:00","","100mm",""
"hid_2995","5387","SAM00294","5387","SAMAMBAIA","QR 308 CONJUNTO 14 CASA 11","NA ÁREA VERDE","NA ÁREA VERDE",-15.877222,-48.073972,true,"Operante","","","02/06/2026 07:19:00","02/06/2026 07:19:00","","100mm",""
"hid_2996","5388","SAM00295","5388","SAMAMBAIA","QR 310 CONJUNTO 5 LOTE 02","NA CURVA","NA CURVA",-15.875139,-48.073944,false,"Inoperante","HIDRANTE SOTERRADO","","02/06/2026 07:19:00","02/06/2026 07:19:00","","100mm",""
"hid_2997","5389","SAM00296","5389","SAMAMBAIA","QS 310 CONJUNTO 5","PRX. AO MAMULENGO AUDIO CAR","PRX. AO MAMULENGO AUDIO CAR",-15.878528,-48.071306,true,"Operante","","","02/06/2026 07:10:00","02/06/2026 07:10:00","","100mm",""
"hid_2998","5390","SAM00297","5390","SAMAMBAIA","QR 316 CONJUNTO 3 CASA 08","FRENTE A SERRALHERIA ROSSI","FRENTE A SERRALHERIA ROSSI",-15.872417,-48.064389,true,"Operante","","","08/04/2025 14:45:00","08/04/2025 14:45:00","","100mm",""
"hid_2999","5391","SAM00298","5391","SAMAMBAIA","QS 316/318","PROX. A ESCOLA CLASSE 318 / BANCA DE REVISTA","PROX. A ESCOLA CLASSE 318 / BANCA DE REVISTA",-15.875778,-48.063361,true,"Operante","","","02/06/2026 06:59:00","02/06/2026 06:59:00","","100mm",""
"hid_3000","5392","SAM00299","5392","SAMAMBAIA","QR 320 CONJUNTO 9 LOTE 01","NA ESQUINA","NA ESQUINA",-15.873778,-48.061222,true,"Operante","","","02/06/2026 06:59:00","02/06/2026 06:59:00","","100mm",""
"hid_3001","5393","SAM00300","5393","SAMAMBAIA","QR 518 CONJUNTO 03 CASA 04","PROX. AO RESIDENCIAL REBECA HONORATO","PROX. AO RESIDENCIAL REBECA HONORATO",-15.876972,-48.062444,true,"Operante","","","13/03/2025 16:20:00","13/03/2025 16:20:00","","100mm",""
"hid_3002","5394","STM00228","5394","SANTA MARIA","QR 203 CONJUNTO B LOTE 25 - SANTA MARIA DF","EM FRENTE A CASA 25","EM FRENTE A CASA 25",-16.035389,-48.033111,false,"Inoperante","REGISTRO SOTERRADO","","07/04/2026 20:24:00","07/04/2026 20:24:00","","100mm",""
"hid_3003","5395","STM00229","5395","SANTA MARIA","CL 413 CONJUNTO C LOTES 3, 4 E 5 - SANTA MARIA-DF","PROXIMO A BRASILIA METAIS / IGREJA PRESBITERIANA / NA ÁREA VERDE/PRÓX. À PARADA DE ÔNIBUS DA AV. SANTA MARIA.

LOCALIZAÇÃO CORRETA: S16º 00' 50.5"" W48º 00' 00.7""","PROXIMO A BRASILIA METAIS / IGREJA PRESBITERIANA / NA ÁREA VERDE/PRÓX. À PARADA DE ÔNIBUS DA AV. SANTA MARIA.

LOCALIZAÇÃO CORRETA: S16º 00' 50.5"" W48º 00' 00.7""",-16.014,-48.000278,true,"Operante","","","17/03/2026 15:46:00","17/03/2026 15:46:00","","100mm",""
"hid_3004","5396","STM00230","5396","SANTA MARIA","CL 302 BLOCO C LOTE 17 - SANTA MARIA-DF","LATERAL ESQUERDA DO LOTE 17 / EM FRENTE A IGREJA MISSÃO MUNDIAL DA FÉ CRISTÃ.","LATERAL ESQUERDA DO LOTE 17 / EM FRENTE A IGREJA MISSÃO MUNDIAL DA FÉ CRISTÃ.",-16.039778,-48.027861,true,"Operante","","","07/04/2026 20:29:00","07/04/2026 20:29:00","","100mm",""
"hid_3005","5398","JAR00045","5398","JARDIM BOTANICO","Quadra 01 Conjunto 15 Casa 01 - Condomínio Solar de Brasília.","Frente a Casa 01","Frente a Casa 01",-15.859889,-47.816139,true,"Operante","","","19/11/2025 08:00:00","19/11/2025 08:00:00","","100mm",""
"hid_3006","5399","SAM00301","5399","SAMAMBAIA","QS 120 CONJUNTO 02","PROX. AO RESIDENCIAL VENEZA","PROX. AO RESIDENCIAL VENEZA",-15.869389,-48.061333,true,"Operante","","","07/04/2025 11:00:00","07/04/2025 11:00:00","","100mm",""
"hid_3007","5401","SAM00303","5401","SAMAMBAIA","QS 320 CONJUNTO 10","A ESQUERDA DO POSTO MELHOR DE COMBUSTIVEIS","A ESQUERDA DO POSTO MELHOR DE COMBUSTIVEIS",-15.873833,-48.059139,true,"Operante","","","02/06/2026 07:00:00","02/06/2026 07:00:00","","100mm",""
"hid_3008","5402","SAM00304","5402","SAMAMBAIA","QR 116 CONJUNTO 07 CASA 13","AO LADO DO RESIDENCIAL EAST SIDE","AO LADO DO RESIDENCIAL EAST SIDE",-15.869194,-48.065472,true,"Operante","","","02/06/2026 07:32:00","02/06/2026 07:32:00","","100mm",""
"hid_3009","5403","SAM00305","5403","SAMAMBAIA","QN 118 CONJUNTO 01 BLOCO I","LATERAL DO BLOCO I","LATERAL DO BLOCO I",-15.8825,-48.065639,true,"Operante","","","08/04/2025 10:30:00","08/04/2025 10:30:00","","100mm",""
"hid_3010","5404","SAM00306","5404","SAMAMBAIA","QS 116 CONJUNTO 02 LOTE 04","CONDOMÍNIO RESIDENCE JACARANDÁ","CONDOMÍNIO RESIDENCE JACARANDÁ",-15.870722,-48.066611,true,"Operante","","","02/06/2026 07:32:00","02/06/2026 07:32:00","","100mm",""
"hid_3011","5405","SAM00307","5405","SAMAMBAIA","QR 116 CONJUNTO 05 CASA 01","PROXIMO AO CERCAMENTO - LATERAL DIREITA DA CASA 01","PROXIMO AO CERCAMENTO - LATERAL DIREITA DA CASA 01",-15.870361,-48.067639,true,"Operante","","","02/06/2026 07:33:00","02/06/2026 07:33:00","","100mm",""
"hid_3012","5406","SAM00308","5406","SAMAMBAIA","QR 112 CONJUNTO 11 CASA 10","FRENTE AO MERCADO SAN DIEGO","FRENTE AO MERCADO SAN DIEGO",-15.872167,-48.071917,true,"Operante","","","02/06/2026 07:31:00","02/06/2026 07:31:00","","100mm",""
"hid_3013","5407","SAM00309","5407","SAMAMBAIA","QS 114 CONJUNTO 03","FRENTE A MADEIREIRA ELDORADO","FRENTE A MADEIREIRA ELDORADO",-15.871694,-48.068389,true,"Operante","","","26/02/2025 12:00:00","26/02/2025 12:00:00","","100mm",""
"hid_3014","5408","SAM00310","5408","SAMAMBAIA","QR 114 CONJUNTO 05 CASA 14","CASA 14","CASA 14",-15.870611,-48.069639,true,"Operante","","","02/06/2026 07:31:00","02/06/2026 07:31:00","","100mm",""
"hid_3015","5409","SAM00311","5409","SAMAMBAIA","QR 110 CONJUNTO 12 CASA 04","PRAÇA","PRAÇA",-15.871,-48.074361,true,"Operante","","","02/06/2026 07:30:00","02/06/2026 07:30:00","","100mm",""
"hid_3016","5410","SAM00312","5410","SAMAMBAIA","QR 110 CONJUNTO 10 CASA 21","PROXIMO A ESCOLA","PROXIMO A ESCOLA",-15.871861,-48.075139,true,"Operante","","","02/06/2026 07:30:00","02/06/2026 07:30:00","","100mm",""
"hid_3017","5411","SAM00313","5411","SAMAMBAIA","QR 108 CONJUNTO 7A LOTE 01","RESIDENCIAL AÇORES","RESIDENCIAL AÇORES",-15.870278,-48.075861,true,"Operante","","","02/06/2026 07:29:00","02/06/2026 07:29:00","","100mm",""
"hid_3018","5412","SAM00314","5412","SAMAMBAIA","QR 108 CONJUNTO 12 CASA 13","PRAÇA","PRAÇA",-15.872361,-48.076778,true,"Operante","CAIXA DE REGISTRO QUEBRADA","","02/06/2026 07:34:00","02/06/2026 07:34:00","","100mm",""
"hid_3019","5414","JAR00046","5414","JARDIM BOTANICO","Balão de acesso entre Av. Das Palmeiras e Av. Pau Brasil","Rotatória","Rotatória",-15.88615,-47.804714,true,"Operante","","","12/11/2025 12:00:00","12/11/2025 12:00:00","","100mm",""
"hid_3020","5415","SAM00315","5415","SAMAMBAIA","QR 502 CONJUNTO 23 CASA 15","ESQUINA / ÁREA VERDE / PROXIMO A BR 060 / LATERAL DO ATACADÃO DIA A DIA","ESQUINA / ÁREA VERDE / PROXIMO A BR 060 / LATERAL DO ATACADÃO DIA A DIA",-15.887722,-48.083361,false,"Inoperante","FALTA FLANGE; FALTA TAMPÃO DE 2.1/2""","","28/04/2025 10:10:00","28/04/2025 10:10:00","","100mm",""
"hid_3021","5417","SAM00317","5417","SAMAMBAIA","EQS 104/106 conjunto 7/8","ÁREA VERDE EM FRENTE A MERCENARIA MOURA","ÁREA VERDE EM FRENTE A MERCENARIA MOURA",-15.874972,-48.079917,false,"Inoperante","","","26/02/2025 16:20:00","26/02/2025 16:20:00","","100mm",""
"hid_3022","5418","SAM00318","5418","SAMAMBAIA","QR 106 CONJUNTO 08 CASA 10","CASA 10","CASA 10",-15.873083,-48.078361,true,"Operante","","","02/06/2026 07:28:00","02/06/2026 07:28:00","","100mm",""
"hid_3023","5419","SAM00319","5419","SAMAMBAIA","QN 106 CONJUNTO 01 LOTE 01","ESQUINA LOTE 01","ESQUINA LOTE 01",-15.871583,-48.078806,true,"Operante","","","02/06/2026 07:28:00","02/06/2026 07:28:00","","100mm",""
"hid_3024","5420","SAM00320","5420","SAMAMBAIA","QR 510 CONJUNTO 03 CASA 43","NA CALÇADA CASA 43","NA CALÇADA CASA 43",-15.880667,-48.069806,true,"Operante","","","25/06/2026 16:39:00","25/06/2026 16:39:00","","100mm",""
"hid_3025","5421","SAM00321","5421","SAMAMBAIA","QN 510 ÁREA ESPECIAL","FUNDOS DA ESCOLA CLASSE 510","FUNDOS DA ESCOLA CLASSE 510",-15.88075,-48.072611,false,"Inoperante","FALTAM BUJÕES E TAMPÕES","","25/06/2026 16:39:00","25/06/2026 16:39:00","","100mm",""
"hid_3026","5422","SAM00322","5422","SAMAMBAIA","QR 510 CONJUNTO 05 CASA 09","FRENTE CASA 09","FRENTE CASA 09",-15.881639,-48.072333,true,"Operante","","","25/06/2026 16:39:00","25/06/2026 16:39:00","","100mm",""
"hid_3027","5426","SAM00325","5426","SAMAMBAIA","QR 508 CONJUNTO 01 CASA 01","FRENTE A PAPELARIA UTILLAR","FRENTE A PAPELARIA UTILLAR",-15.881472,-48.075139,true,"Operante","","","25/06/2026 16:40:00","25/06/2026 16:40:00","","100mm",""
"hid_3028","5427","SAM00326","5427","SAMAMBAIA","QN 508 CONJUNTO 01","FRENTE A PARÓQUIA SÃO JOSÉ OPERÁRIO","FRENTE A PARÓQUIA SÃO JOSÉ OPERÁRIO",-15.8805,-48.074389,true,"Operante","","","25/06/2026 16:40:00","25/06/2026 16:40:00","","100mm",""
"hid_3029","5428","SAM00327","5428","SAMAMBAIA","QS 110 CONJUNTO 02 LOTE 03","FRENTE A IGREJA MINISTÉRIO ESPÍRITO","FRENTE A IGREJA MINISTÉRIO ESPÍRITO",-15.873056,-48.073417,true,"Operante","","","26/02/2025 14:00:00","26/02/2025 14:00:00","","100mm",""
"hid_3030","5429","SAM00328","5429","SAMAMBAIA","QR 112 CONJUNTO 01 CASA 07","CASA 07","CASA 07",-15.869778,-48.07275,true,"Operante","","","02/06/2026 07:10:00","02/06/2026 07:10:00","","100mm",""
"hid_3031","5431","GAM00140","5431","GAMA","SETOR SUL ÁREA ESPECIAL - FORÇA NACIONAL - GAMA - DF","N0 ESTACIONAMENTO DAS VIATURAS/NA ÁREA INTERNA/PRÓXIMO À CERCA","N0 ESTACIONAMENTO DAS VIATURAS/NA ÁREA INTERNA/PRÓXIMO À CERCA",-16.037444,-48.058028,true,"Operante","","","31/03/2026 09:50:00","31/03/2026 09:50:00","","100mm",""
"hid_3032","5432","SAM00369","5432","SAMAMBAIA","QN 510 CONJUNTO 05 LOTE 07","IGREJA CATEDRAL DA VITÓRIA","IGREJA CATEDRAL DA VITÓRIA",-15.87975,-48.070972,true,"Operante","","","25/06/2026 16:40:00","25/06/2026 16:40:00","","100mm",""
"hid_3033","5433","SAM00330","5433","SAMAMBAIA","QR 514 CONJUNTO 11 CASA 09","NA CURVA / FRENTE CASA 09","NA CURVA / FRENTE CASA 09",-15.881528,-48.066778,true,"Operante","","","08/04/2025 11:00:00","08/04/2025 11:00:00","","100mm",""
"hid_3034","5434","SAM00331","5434","SAMAMBAIA","QR 514 CONJUNTO 13 CASA 12","FRENTE CASA 12","FRENTE CASA 12",-15.880944,-48.065167,true,"Operante","","","08/04/2025 10:00:00","08/04/2025 10:00:00","","100mm",""
"hid_3035","5435","SAM00332","5435","SAMAMBAIA","QN 514 CONJUNTO 01","FRENTE A IGREJA MARANATA","FRENTE A IGREJA MARANATA",-15.877833,-48.065278,true,"Operante","FALTA TAMPÃO DE 2.1/2""","","08/04/2025 14:43:00","08/04/2025 14:43:00","","100mm",""
"hid_3036","5436","SAM00333","5436","SAMAMBAIA","QR 514 CONJUNTO 07 CASA 43","FRENTE A DROGARIA MENOR PREÇO","FRENTE A DROGARIA MENOR PREÇO",-15.8795,-48.064806,true,"Operante","","","08/04/2025 14:44:00","08/04/2025 14:44:00","","100mm",""
"hid_3037","5437","SAM00334","5437","SAMAMBAIA","QR 516 CONJUNTO 06 CASA 38","PROXIMO A ESQUINA","PROXIMO A ESQUINA",-15.879,-48.06325,true,"Operante","","","26/02/2025 11:00:00","26/02/2025 11:00:00","","100mm",""
"hid_3038","5438","SAM00335","5438","SAMAMBAIA","QN 501 CONJUNTO 9","","",-15.885306,-48.088,true,"Operante","CAIXA DE REGISTRO MUITO PROFUNDA; REGISTRO SOTERRADO","","27/02/2025 12:25:00","27/02/2025 12:25:00","","100mm",""
"hid_3039","5439","SAM00336","5439","SAMAMBAIA","QN 501 CONJUNTO 06 LOTE 03","FUNDOS DO LOTE 03, AO LADO DE FORA DA CERCA VIVA.","FUNDOS DO LOTE 03, AO LADO DE FORA DA CERCA VIVA.",-15.88425,-48.086556,true,"Operante","","","27/02/2025 12:28:00","27/02/2025 12:28:00","","100mm",""
"hid_3040","5441","REC00187","5441","RECANTO DAS EMAS","QUADRA 508 CONJUNTO 9 CASA 1 RECANTO DAS EMAS-DF","FRENTE CASA 01","FRENTE CASA 01",-15.923909,-48.09843,true,"Operante","TAMPA METÁLICA T19 QUEBRADA OU REMOVIDA","","23/06/2026 11:31:00","23/06/2026 11:31:00","","100mm",""
"hid_3041","5442","JAR00047","5442","JARDIM BOTANICO","RESIDENCIAL JARDIM DO LAGO - QUADRA 09","AV.DO SOL / Á DIREITA DA GUARITA DO RESIDENCIAL JARDIM DO LAGO","AV.DO SOL / Á DIREITA DA GUARITA DO RESIDENCIAL JARDIM DO LAGO",-15.874,-47.802194,true,"Operante","","","14/11/2025 09:00:00","14/11/2025 09:00:00","","100mm",""
"hid_3042","5443","JAR00048","5443","JARDIM BOTANICO","CONDOMÍNIO VILLE DE MONTAGNE, QUADRA 26 LOTE 37/39","FINAL DA RUA","FINAL DA RUA",-15.850278,-47.801,true,"Operante","","","25/11/2025 10:00:00","25/11/2025 10:00:00","","100mm",""
"hid_3043","5444","JAR00049","5444","JARDIM BOTANICO","Quadra 02 Conjunto 17 - Condomínio Solar de Brasília.","ENTRE OS CONJUNTOS 17/19","ENTRE OS CONJUNTOS 17/19",-15.851667,-47.813611,true,"Operante","","","19/11/2025 11:00:00","19/11/2025 11:00:00","","100mm",""
"hid_3044","5445","PLA00102","5445","PLANALTINA","Módulo 02 lote 5 - Mestre D'armas-DVO - Planaltina","Próximo ao lado da Igreja Assembleia de Deus.","Próximo ao lado da Igreja Assembleia de Deus.",-15.6,-47.683861,true,"Operante","","","09/02/2026 09:49:00","09/02/2026 09:49:00","","100mm",""
"hid_3045","5446","PLA00103","5446","PLANALTINA","Módulo 10 casa 03A. - Mestre D'armads-DVO - Planaltina","Frente ao Depósito de Bebidas.","Frente ao Depósito de Bebidas.",-15.601833,-47.690139,true,"Operante","","","09/02/2026 09:53:00","09/02/2026 09:53:00","","100mm",""
"hid_3046","5447","PLA00104","5447","PLANALTINA","Módulo 10 casa 15A. - Mestre D'armas - DVO Planaltina","Lateral esquerda da casa 15A","Lateral esquerda da casa 15A",-15.60125,-47.690944,true,"Operante","","","09/02/2026 09:54:00","09/02/2026 09:54:00","","100mm",""
"hid_3047","5448","PLA00105","5448","PLANALTINA","Módulo ""E"" Casa 1A. - Mestre D!armas","Lateral esquerda do lote 1A/ MERCADO E SACOLÃO PARAÍBA","Lateral esquerda do lote 1A/ MERCADO E SACOLÃO PARAÍBA",-15.603222,-47.686444,true,"Operante","","","09/02/2026 09:58:00","09/02/2026 09:58:00","","100mm",""
"hid_3048","5449","PLA00106","5449","PLANALTINA","Conjunto ""A"" casa 53A - Res. Nov.Esperança","Esquina/ lote 53a","Esquina/ lote 53a",-15.604056,-47.683028,false,"Inoperante","FALTA TAMPÃO DE 2.1/2""","","28/01/2026 14:19:00","28/01/2026 14:19:00","","100mm",""
"hid_3049","5450","PLA00107","5450","PLANALTINA","Módulo ""B"" lote 28 Condomínio Park Mônaco.","Frente a casa 4A-1.

Processo SEI - CAESB 00053-00115466/2023-42","Frente a casa 4A-1.

Processo SEI - CAESB 00053-00115466/2023-42",-15.601833,-47.675806,true,"Operante","FALTA CABEÇOTE DA HASTE DO REGISTRO (LUVA)","","28/01/2026 14:36:00","28/01/2026 14:36:00","","100mm",""
"hid_3050","5451","PLA00108","5451","PLANALTINA","Módulo 7 lote 1B - Itiquira","Drogaria da Família","Drogaria da Família",-15.601694,-47.678333,true,"Operante","","","28/01/2026 14:23:00","28/01/2026 14:23:00","","100mm",""
"hid_3051","5453","BSB00912","5453","BRASILIA","SES 805 / FUNDOS LADO DIREITO DA EMBAIXADA DA TURQUIA.","FUNDOS LADO DIREITO DA EMBAIXADA DA TURQUIA.","FUNDOS LADO DIREITO DA EMBAIXADA DA TURQUIA.",-15.817583,-47.888611,true,"Operante","","","12/08/2025 11:00:00","12/08/2025 11:00:00","","100mm",""
"hid_3052","5454","BSB00913","5454","BRASILIA","FUNDOS DO MEMORIAL JK","EIXO MONUMENTAL / FUNDOS DO MEMORIAL JK","EIXO MONUMENTAL / FUNDOS DO MEMORIAL JK",-15.784528,-47.914083,true,"Operante","","","14/08/2025 08:30:00","14/08/2025 08:30:00","","100mm",""
"hid_3053","5455","PLA00109","5455","PLANALTINA","CL 01 casa 15 Rua do Sossego - Estância 05.","Frente a casa 15.","Frente a casa 15.",-15.608639,-47.693222,true,"Operante","","","27/01/2026 17:00:00","27/01/2026 17:00:00","","100mm",""
"hid_3054","5456","PLA00110","5456","PLANALTINA","Módulo 2 casa 1A - Estância III","Frente a casa 1A.","Frente a casa 1A.",-15.617444,-47.685389,true,"Operante","","","27/01/2026 17:02:00","27/01/2026 17:02:00","","100mm",""
"hid_3055","5457","PLA00111","5457","PLANALTINA","Módulo 3 casa 34 - Estância 4.","Frente a casa 34.","Frente a casa 34.",-15.616528,-47.679306,true,"Operante","","","27/01/2026 17:06:00","27/01/2026 17:06:00","","100mm",""
"hid_3056","5458","PLA00112","5458","PLANALTINA","Módulo 03 casa 07b - Estância 05.","Próximo a uma igreja evengélica.","Próximo a uma igreja evengélica.",-15.613083,-47.692306,true,"Operante","","","27/01/2026 17:01:00","27/01/2026 17:01:00","","100mm",""
"hid_3057","5459","PLA00113","5459","PLANALTINA","Módulo 09 casa 07 - Estância 05.","Frente a casa 07.","Frente a casa 07.",-15.615,-47.689389,true,"Operante","","","27/01/2026 17:01:00","27/01/2026 17:01:00","","100mm",""
"hid_3058","5460","PLA00114","5460","PLANALTINA","Módulo ""A"" casa 15 - Estância 02.","Frente a casa 15.","Frente a casa 15.",-15.616,-47.688417,true,"Operante","","","27/01/2026 17:01:00","27/01/2026 17:01:00","","100mm",""
"hid_3059","5461","PLA00115","5461","PLANALTINA","Módulo ""H"" casa 2 - Estância II.","Frente a casa 2.","Frente a casa 2.",-15.611694,-47.685667,true,"Operante","","","27/01/2026 17:02:00","27/01/2026 17:02:00","","100mm",""
"hid_3060","5462","PLA00116","5462","PLANALTINA","Quadra 3 Rua E casa 4A-1 - Estância I","Frente a casa 4A-1.","Frente a casa 4A-1.",-15.620944,-47.678556,true,"Operante","","","27/01/2026 17:06:00","27/01/2026 17:06:00","","100mm",""
"hid_3061","5464","PLA00118","5464","PLANALTINA","Módulo ""V"" Lote 20 - Estância I.","Frente ao lote 20.","Frente ao lote 20.",-15.613583,-47.677944,true,"Operante","","","27/01/2026 17:05:00","27/01/2026 17:05:00","","100mm",""
"hid_3062","5467","PLA00120","5467","PLANALTINA","Estância I. Módulo ""L"" Casa 32","Frente a casa 34.","Frente a casa 34.",-15.612556,-47.675389,true,"Operante","","","27/01/2026 17:05:00","27/01/2026 17:05:00","","100mm",""
"hid_3063","5468","PLA00121","5468","PLANALTINA","Módulo ""B"" Casa 30A. - ESTÂNCIA PLANALTINA","Entre as casa 30/30A.","Entre as casa 30/30A.",-15.604972,-47.670889,false,"Inoperante","HIDRANTE SEM ÁGUA","","28/01/2026 14:36:00","28/01/2026 14:36:00","","100mm",""
"hid_3064","5470","PLA00149","5470","PLANALTINA","Módulo ""O"" Casa 38B - ESTÂNCIA PLANALTINA","Lateral da casa 38B","Lateral da casa 38B",-15.607144,-47.668306,false,"Inoperante","HIDRANTE SOTERRADO","","28/01/2026 14:43:00","28/01/2026 14:43:00","","100mm",""
"hid_3065","5478","BSB00914","5478","BRASILIA","SQS 108 BLOCO ""J""","LATERAL DIREITA DO BLOCO ""J"" / ESCOLA 108 SUL.","LATERAL DIREITA DO BLOCO ""J"" / ESCOLA 108 SUL.",-15.817222,-47.903556,false,"Inoperante","CAIXA DE REGISTRO SOTERRADA","","21/01/2025 15:55:00","21/01/2025 15:55:00","","100mm",""
"hid_3066","5480","BSB00915","5480","BRASILIA","SRPN/CPAS - ESTÁDIO NACIONAL DE BRASILIA - BRASILIA-DF","EM FRENTE AO PORTÃO Nº 01 DO ESTÁDIO","EM FRENTE AO PORTÃO Nº 01 DO ESTÁDIO",-15.782389,-47.900556,true,"Operante","","","11/02/2026 18:46:00","11/02/2026 18:46:00","","100mm",""
"hid_3067","5483","BSB00917","5483","BRASILIA","SRPN/CPAS - ESTÁDIO NACIONAL DE BRASILIA - BRASILIA-DF","EM FRENTE AO PORTÃO Nº 19 DO ESTÁDIO","EM FRENTE AO PORTÃO Nº 19 DO ESTÁDIO",-15.782167,-47.897944,true,"Operante","","","31/07/2025 11:30:00","31/07/2025 11:30:00","","100mm",""
"hid_3068","5486","BSB00918","5486","BRASILIA","SGAS 912 / CCE 1 - BRASÍLIA-DF","FRENTE AO CENTRO EDUCACIONAL ESPECIAL 01","FRENTE AO CENTRO EDUCACIONAL ESPECIAL 01",-15.815917,-47.91825,true,"Operante","","","18/07/2025 10:00:00","18/07/2025 10:00:00","","100mm",""
"hid_3069","5487","BSB00919","5487","BRASILIA","SGAS 913 CONJUNTO 'B' - BRASÍLIA-DF","FRENTE A UNIP","FRENTE A UNIP",-15.819483,-47.921686,true,"Operante","","","18/07/2025 09:30:00","18/07/2025 09:30:00","","100mm",""
"hid_3070","5490","BSB00920","5490","BRASILIA","SAIS Quadra 4 Área Especial 03 Lote 05 - BRASÍLIA-DF","FRENTE AO COLÉGIO MILITAR DOM PEDRO II","FRENTE AO COLÉGIO MILITAR DOM PEDRO II",-15.835278,-47.939444,true,"Operante","","","10/01/2025 09:19:00","10/01/2025 09:19:00","","100mm",""
"hid_3071","5491","BSB00921","5491","BRASILIA","SPO - ÁREA ESPECIAL 03 - INSPETÓRIA DE SAÚDE","FUNDOS DA INSPETÓRIA DE SAÚDE","FUNDOS DA INSPETÓRIA DE SAÚDE",-15.833889,-47.941389,true,"Operante","FALTA CABEÇOTE DA HASTE DO REGISTRO (LUVA)","","10/01/2025 09:18:00","10/01/2025 09:18:00","","100mm",""
"hid_3072","5492","BSB00922","5492","BRASILIA","SAAN QUADRA 1 LOTE 1090/1100","EM FRENTE AO LOTE 1090/1100-GRUPO 5 ESTRELAS","EM FRENTE AO LOTE 1090/1100-GRUPO 5 ESTRELAS",-15.759778,-47.936417,true,"Operante","","","17/03/2026 19:30:00","17/03/2026 19:30:00","","100mm",""
"hid_3073","5493","BSB00923","5493","BRASILIA","SAAN QUADRA 3","EM FRENTE AO LOTE 70/80 MECANICA AUTO ZEMA/ CANÇÃO NOVA","EM FRENTE AO LOTE 70/80 MECANICA AUTO ZEMA/ CANÇÃO NOVA",-15.769278,-47.936389,true,"Operante","","","17/03/2026 19:31:00","17/03/2026 19:31:00","","100mm",""
"hid_3074","5494","BSB00924","5494","BRASILIA","1º RCG REGIMENTO DE CAVALARIA DE GUARDA","APÓS A ENTRADA PRINCIPAL A DIREITA AO LADO DA RECEPÇÃO","APÓS A ENTRADA PRINCIPAL A DIREITA AO LADO DA RECEPÇÃO",-15.760611,-47.953917,true,"Operante","","","08/07/2025 10:30:00","08/07/2025 10:30:00","","100mm",""
"hid_3075","5495","BSB00925","5495","BRASILIA","SQN 108 BLOCO G","ÁREA VERDE EM FRENTE AO BLOCO G, PRÓXIMO AO PARQUINHO","ÁREA VERDE EM FRENTE AO BLOCO G, PRÓXIMO AO PARQUINHO",-15.763944,-47.885,true,"Operante","","","01/07/2025 09:00:00","01/07/2025 09:00:00","","100mm",""
"hid_3076","5498","BSB00926","5498","BRASILIA","SES QUADRA 813 - EMBAIXADA DA CHINA - BRASÍLIA-DF","EMBAIXADA DA CHINA - TERRENO BALDIO","EMBAIXADA DA CHINA - TERRENO BALDIO",-15.834167,-47.901667,true,"Operante","","","17/03/2026 19:36:00","17/03/2026 19:36:00","","100mm",""
"hid_3077","5499","BSB00927","5499","BRASILIA","SETOR DE EMBAIXADAS 805 SUL.","FUNDOS COM A EMBAIXADA DO MÉXICO.","FUNDOS COM A EMBAIXADA DO MÉXICO.",-15.813757,-47.884541,true,"Operante","","","11/02/2026 18:47:00","11/02/2026 18:47:00","","100mm",""
"hid_3078","5500","BSB00928","5500","BRASILIA","SQN 405 BLOCO B","ESQUERDA DO BLOCO B","ESQUERDA DO BLOCO B",-15.770361,-47.877472,true,"Operante","","","23/06/2025 08:00:00","23/06/2025 08:00:00","","100mm",""
"hid_3079","5502","SCI00017","5502","SCIA (SETOR COMPLEMENTAR DE INDUSTRIA E ABASTAMENTO) E ESTRUTURAL","SCIA QUADRA 13 CONJUNTO 04 LOTE 14 (CIDADE DO AUTOMÓVEL)","VIA DE ACESSO EPCL / EM FRENTE DRUGOVICH","VIA DE ACESSO EPCL / EM FRENTE DRUGOVICH",-15.789778,-47.977944,true,"Operante","","","20/10/2025 08:30:00","20/10/2025 08:30:00","","100mm",""
"hid_3080","5503","SCI00018","5503","SCIA (SETOR COMPLEMENTAR DE INDUSTRIA E ABASTAMENTO) E ESTRUTURAL","SCIA QUADRA 08 CONJUNTO 08 LOTE 01 (CIDADE DO AUTOMÓVEL)","VIA DE ACESSO EPCL / EM FRENTE AO DEPÓSITO DA CIA TOY","VIA DE ACESSO EPCL / EM FRENTE AO DEPÓSITO DA CIA TOY",-15.781639,-47.987444,false,"Inoperante","FALTA TAMPÃO DE 2.1/2""; FALTA TAMPÃO DE 4""","","20/10/2025 09:50:00","20/10/2025 09:50:00","","100mm",""
"hid_3081","5504","SCI00019","5504","SCIA (SETOR COMPLEMENTAR DE INDUSTRIA E ABASTAMENTO) E ESTRUTURAL","SCIA QUADRA 10 CONJUNTO 02 LOTE 04/05 (CIDADE DO AUTOMÓVEL)","VIA DE ACESSO EPCL / EM FRENTE AUTOTRAC","VIA DE ACESSO EPCL / EM FRENTE AUTOTRAC",-15.786778,-47.984167,false,"Inoperante","FALTAM BUJÕES E TAMPÕES","","20/10/2025 10:00:00","20/10/2025 10:00:00","","100mm",""
"hid_3082","5505","SCI00020","5505","SCIA (SETOR COMPLEMENTAR DE INDUSTRIA E ABASTAMENTO) E ESTRUTURAL","SCIA QUADRA 3 CONJUNTO 30 - CIDADE ESTRUTURAL-DF","VIA DE ACESSO EPCL / EM FRENTE CENTRO DE MÚLTIPLAS FUNÇÕES DO CBMDF","VIA DE ACESSO EPCL / EM FRENTE CENTRO DE MÚLTIPLAS FUNÇÕES DO CBMDF",-15.77975,-47.992694,true,"Operante","","","20/10/2025 11:30:00","20/10/2025 11:30:00","","100mm",""
"hid_3083","5507","BSB00931","5507","BRASILIA","SDS - CONIC - FUNDOS (SUBSOLO) ED. VENÂNCIO V - VIA DE ACESSO S2/S1 BRASILIA-DF","FUNDOS DO CONIC/LATERAL ESQUERDA DA CASA DO CHOCOLATE.","FUNDOS DO CONIC/LATERAL ESQUERDA DA CASA DO CHOCOLATE.",-15.795028,-47.885056,true,"Operante","","","06/08/2025 08:00:00","06/08/2025 08:00:00","","100mm",""
"hid_3084","5508","BSB00932","5508","BRASILIA","SDS - CONIC - FUNDOS (SUBSOLO) ED. VENÂNCIO V - VIA DE ACESSO S2/S1 BRASILIA-DF","EM FRENTE AO SECHOSC-DF (SINDICATO DOS EMPREGADOS NO COMERCIO HOTELEIRO, RESTAURANTES, BARES DO DF/LATERAL DIREITA DO EIXO MONUMENTAL.","EM FRENTE AO SECHOSC-DF (SINDICATO DOS EMPREGADOS NO COMERCIO HOTELEIRO, RESTAURANTES, BARES DO DF/LATERAL DIREITA DO EIXO MONUMENTAL.",-15.794528,-47.884917,true,"Operante","","","06/08/2025 07:45:00","06/08/2025 07:45:00","","100mm",""
"hid_3085","5510","SUD00064","5510","SUDOESTE E OCTOGONAL","QRSW 7 BLOCO 'A7'","EM FRENTE AO BLOCO 'A7' / ÁREA VERDE","EM FRENTE AO BLOCO 'A7' / ÁREA VERDE",-15.785,-47.928556,true,"Operante","","","07/08/2025 12:20:00","07/08/2025 12:20:00","","100mm",""
"hid_3086","5512","SUD00065","5512","SUDOESTE E OCTOGONAL","QRSW 8, BLOCO B4","FUNDOS DO BLOCO - B4","FUNDOS DO BLOCO - B4",-15.783486,-47.928022,true,"Operante","","","20/08/2025 11:44:00","20/08/2025 11:44:00","","100mm",""
"hid_3087","5513","SUD00066","5513","SUDOESTE E OCTOGONAL","SQSW 306","ÁREA VERDE","ÁREA VERDE",-15.806389,-47.934444,true,"Operante","","","28/07/2025 09:00:00","28/07/2025 09:00:00","","100mm",""
"hid_3088","5515","CRU00065","5515","CRUZEIRO","QUADRA 06 BLOCO 'S' CASA 04 - CRUZEIRO VELHO","EM FRENTE CASA 04","EM FRENTE CASA 04",-15.787475,-47.932683,true,"Operante","","","26/06/2025 10:46:00","26/06/2025 10:46:00","","100mm",""
"hid_3089","5516","TAG00183","5516","TAGUATINGA","QNC 01 A.E. 19","SANDU NORTE, ESQUINA / ESQUERDA DO PARADISO CLUBE RESIDENCE","SANDU NORTE, ESQUINA / ESQUERDA DO PARADISO CLUBE RESIDENCE",-15.831722,-48.061361,true,"Operante","","","27/11/2024 10:00:00","27/11/2024 10:00:00","","100mm",""
"hid_3090","5517","TAG00184","5517","TAGUATINGA","QNC 04 CASA 01","SANDU NORTE, ESQUINA / ESQUERDA DO LOTE 01","SANDU NORTE, ESQUINA / ESQUERDA DO LOTE 01",-15.829222,-48.062139,true,"Operante","","","26/03/2025 09:40:00","26/03/2025 09:40:00","","100mm",""
"hid_3091","5518","TAG00185","5518","TAGUATINGA","QNC 05 SANDU NORTE, ESQUINA","FRENTE A 1º IGREJA PRESBITERIANA","FRENTE A 1º IGREJA PRESBITERIANA",-15.827444,-48.06275,true,"Operante","PINTAR HIDRANTE DE AMARELO","","24/03/2025 08:00:00","24/03/2025 08:00:00","","100mm",""
"hid_3092","5519","TAG00186","5519","TAGUATINGA","QNC 09 LOTE 02","SANDU NORTE, ESQUINA / FRENTE A GOL PROTEÇÃO VEICULAR","SANDU NORTE, ESQUINA / FRENTE A GOL PROTEÇÃO VEICULAR",-15.824861,-48.063667,true,"Operante","PINTAR HIDRANTE DE AMARELO","","24/03/2025 09:30:00","24/03/2025 09:30:00","","100mm",""
"hid_3093","5520","TAG00187","5520","TAGUATINGA","QNF 19 LOTE 20 LOJA 05","SANDU NORTE, FRENTE A OFICINA DE MOTOS / ESQUINA","SANDU NORTE, FRENTE A OFICINA DE MOTOS / ESQUINA",-15.812694,-48.067806,true,"Operante","","","07/04/2025 13:38:00","07/04/2025 13:38:00","","100mm",""
"hid_3094","5521","TAG00188","5521","TAGUATINGA","QNE 35 LOTE 25","NO CRUZAMENTO DA SANDU NORTE COM A AV. HÉLIO PRATES / LABORATÓRIO EXAME","NO CRUZAMENTO DA SANDU NORTE COM A AV. HÉLIO PRATES / LABORATÓRIO EXAME",-15.803944,-48.070278,true,"Operante","","","07/04/2025 13:37:00","07/04/2025 13:37:00","","100mm",""
"hid_3095","5522","ACL00048","5522","AGUAS CLARAS","RUA 26 NORTE ESQUINA COM A AVENIDA CASTANHEIRAS","FRENTE A MADERO CONTAINER HAMBURGUERIA","FRENTE A MADERO CONTAINER HAMBURGUERIA",-15.838306,-48.030194,true,"Operante","","","04/04/2025 12:00:00","04/04/2025 12:00:00","","100mm","/hidrantes/aguas_claras/ACL00048.jpeg"
"hid_3096","5523","REC00188","5523","RECANTO DAS EMAS","SETOR DE CHACARAS - CHACARA 50 GLEBA 28 RECANTO DAS EMAS-DF","EM FRENTE A GLEBA 28/ATRAS DA GARAGEM DE ONIBUS DA EMPRESA SÃO JOSE","EM FRENTE A GLEBA 28/ATRAS DA GARAGEM DE ONIBUS DA EMPRESA SÃO JOSE",-15.922278,-48.110611,true,"Operante","","","08/06/2026 11:04:00","08/06/2026 11:04:00","","100mm",""
"hid_3097","5525","REC00189","5525","RECANTO DAS EMAS","ADE QUADRA 200 CONJUNTO 3 LOTE 20 RECANTO DAS EMAS-DF","EM FRENTE AO LOTE 20 / EM FRENTE A RJLV - O REI DOS ENGATES.","EM FRENTE AO LOTE 20 / EM FRENTE A RJLV - O REI DOS ENGATES.",-15.902861,-48.0545,true,"Operante","","","12/05/2026 09:17:00","12/05/2026 09:17:00","","100mm",""
"hid_3098","5527","SIA00124","5527","SIA (SETOR DE INDUSTRIA E ABASTECIMENTO)","SIA SUL QUADRA 4C / CENTRO EMPRESARIAL CENTER 1","FRENTE CENTRO EMPRESARIAL CENTER 1 / BEIRA DA PISTA","FRENTE CENTRO EMPRESARIAL CENTER 1 / BEIRA DA PISTA",-15.803583,-47.9505,true,"Operante","","","23/07/2026 10:32:00","23/07/2026 10:32:00","","100mm",""
"hid_3099","5532","VIC00058","5532","VICENTE PIRES","COLÔNIA AGRICOLA SAMAMBAIA CHÁCARA 132 LOTE A","FRENTE LOTE A","FRENTE LOTE A",-15.822694,-48.036583,true,"Operante","","","25/02/2026 15:06:00","25/02/2026 15:06:00","","100mm",""
"hid_3100","5533","GUA00120","5533","GUARA","QE 38 CONJUNTO 'I' CASA 37","EM FRENTE CASA 37","EM FRENTE CASA 37",-15.8485,-47.972278,false,"Inoperante","REGISTRO COM VAZAMENTO","Caixa inundada.","14/07/2026 09:49:00","14/07/2026 09:49:00","","100mm",""
"hid_3101","5558","SUD00067","5558","SUDOESTE E OCTOGONAL","SQSW 301, BLOCO A","FUNDOS DO BLOCO 'A'","FUNDOS DO BLOCO 'A'",-15.796817,-47.921761,true,"Operante","","","29/07/2025 10:35:00","29/07/2025 10:35:00","","100mm",""
"hid_3102","5571","FER00003","5571","FERCAL","ROD.DF 150 KM 13 ALTO BELA VISTA Qd.15 CASA 70","ESQUINA DO CAMPO SINTÉTICO.","ESQUINA DO CAMPO SINTÉTICO.",-15.59964,-47.881593,false,"Inoperante","HIDRANTE SEM ÁGUA","","15/01/2026 09:33:00","15/01/2026 09:33:00","","100mm",""
"hid_3103","5572","FER00004","5572","FERCAL","ROD.DF 150 KM 13 ALTO BELA VISTA Q.15 CASA 24","EM FRENTE A RESIDÊNCIA. CASA 24","EM FRENTE A RESIDÊNCIA. CASA 24",-15.598374,-47.877925,false,"Inoperante","HIDRANTE SEM ÁGUA","","15/01/2026 09:22:00","15/01/2026 09:22:00","","100mm",""
"hid_3104","5573","SAM00337","5573","SAMAMBAIA","QR - 210 CONJUNTO 19 CASA 13","EM FRENTE AO POSTO DE SAÚDE","EM FRENTE AO POSTO DE SAÚDE",-15.866149,-408.074835,true,"Operante","","","04/11/2023 00:00:00","04/11/2023 00:00:00","","100mm",""
"hid_3105","5577","SO200013","5577","SOBRADINHO II","DF 420 SETOR DE MANSÕES SOBRADINHO","EM FRENTE A IGREJA CRISTÃ EVANGÉLICA RESGATE . AO LADO DA PARADA .","EM FRENTE A IGREJA CRISTÃ EVANGÉLICA RESGATE . AO LADO DA PARADA .",-15.633944,-47.826889,true,"Operante","","","01/04/2025 16:53:00","01/04/2025 16:53:00","","100mm",""
"hid_3106","5585","OCT00013","5585","SUDOESTE E OCTOGONAL","AOS 2 PORTARIA","BLOCOS A/G/PORTARIA","BLOCOS A/G/PORTARIA",-15.806317,-47.939886,true,"Operante","","","28/07/2025 08:20:00","28/07/2025 08:20:00","","100mm",""
"hid_3107","5591","SO200014","5591","SOBRADINHO II","AR 18 CONJUNTO 3 CASA 23 - SOBRADINHO II-DF","LATERAL ESQUERDA DA CASA 23 / AREA VERDE

LOCALIZAÇÃO CORRETA: 15º 39' 05.8""S 47º 49' 18.8""W","LATERAL ESQUERDA DA CASA 23 / AREA VERDE

LOCALIZAÇÃO CORRETA: 15º 39' 05.8""S 47º 49' 18.8""W",-15.651583,-47.821889,true,"Operante","","","14/01/2026 15:24:00","14/01/2026 15:24:00","","100mm",""
"hid_3108","5601","BSB00975","5601","BRASILIA","SQS 405 ESCOLA CLASSE 405 SUL","VIA DE ACESSO L1 - EM FRENTE A ESCOLA","VIA DE ACESSO L1 - EM FRENTE A ESCOLA",-15.815694,-47.894056,false,"Inoperante","REGISTRO COM VAZAMENTO","","21/11/2024 10:22:00","21/11/2024 10:22:00","","100mm",""
"hid_3109","5602","BSB00976","5602","BRASILIA","SQS 405 BL I","VIA DE ACESSO L1 LATERAL DO BLOCO I","VIA DE ACESSO L1 LATERAL DO BLOCO I",-15.815264,-47.8925,true,"Operante","","","30/06/2025 09:30:00","30/06/2025 09:30:00","","100mm",""
"hid_3110","5604","BSB00978","5604","BRASILIA","SQS405 BLOCO L/VIA L2","NA VIA L2 - FUNDOS LADO ESQUERDO DO BLOCO L","NA VIA L2 - FUNDOS LADO ESQUERDO DO BLOCO L",-15.816403,-47.890722,false,"Inoperante","REGISTRO COM VAZAMENTO","","21/11/2024 10:11:00","21/11/2024 10:11:00","","100mm",""
"hid_3111","5609","SAM00343","5609","SAMAMBAIA","QN 511 - Samambaia DF","AREA VERDE","AREA VERDE",-16.494381,-48.172642,true,"Operante","","","01/04/2025 13:00:00","01/04/2025 13:00:00","","100mm",""
"hid_3112","5612","SAM00346","5612","SAMAMBAIA","QR 517, CONJ A, CASA 01","CALÇADA DO EDIFÍCIO SAFIRA","CALÇADA DO EDIFÍCIO SAFIRA",-16.498339,-48.187306,true,"Operante","","","03/04/2025 09:30:00","03/04/2025 09:30:00","","100mm",""
"hid_3113","5613","SAM00347","5613","SAMAMBAIA","SMSE - CONJUNTO 19 LOTE 09","EM FRENTE A PISTA PRINCIPAL, atrás da borrachara do Trevo","EM FRENTE A PISTA PRINCIPAL, atrás da borrachara do Trevo",-15.880345,-408.058483,true,"Operante","","","31/10/2023 00:00:00","31/10/2023 00:00:00","","100mm",""
"hid_3114","5634","CEI00130","5634","CEILANDIA","QI 21 LOTE 59","ÁREA VERDE","ÁREA VERDE",-15.799694,-48.154028,false,"Inoperante","FALTAM BUJÕES E TAMPÕES","","16/05/2025 10:45:00","16/05/2025 10:45:00","","100mm",""
"hid_3115","5681","STM00239","5681","SANTA MARIA","QR 316 CONJUNTO B LOTE 7 SANTA MARIA-DF","EM FRENTE A PAPELARIA E ARMARINHO XUXA LORD / EM FRENTE AO LOTE 7 / EM FRENTE A IGREJA DE JESUS CRISTO DOS SANTOS DOS ULTIMOS DIAS.","EM FRENTE A PAPELARIA E ARMARINHO XUXA LORD / EM FRENTE AO LOTE 7 / EM FRENTE A IGREJA DE JESUS CRISTO DOS SANTOS DOS ULTIMOS DIAS.",-16.009194,-47.996028,true,"Operante","","","10/03/2026 16:00:00","10/03/2026 16:00:00","","100mm",""
"hid_3116","5682","SAM00348","5682","SAMAMBAIA","QUADRA 301 CONJUNTO 02 SAMAMBAIA SUL","LATERAL DIREITA DO EDIFÍCIO VIA SOLARE","LATERAL DIREITA DO EDIFÍCIO VIA SOLARE",-15.881675,-48.089267,true,"Operante","","","10/03/2025 13:00:00","10/03/2025 13:00:00","","100mm",""
"hid_3117","5684","SUD00075","5684","SUDOESTE E OCTOGONAL","CLSW 105 BLOCO 'A'","PRÓXIMO AO PONTO DE TAXI","PRÓXIMO AO PONTO DE TAXI",-15.806483,-47.932906,true,"Operante","","","28/07/2025 09:14:00","28/07/2025 09:14:00","","100mm",""
"hid_3118","5685","GAM00141","5685","GAMA","SETOR INDUSTRIAL QI 1 LOTE 20 LOJA 2 GAMA-DF","ENTRE A FARMACIA DEDICAR (LOTE 2) E O ATACADÃO DIA-A-DIA (LATERAL ESQUERDA DO ATACADÃO)","ENTRE A FARMACIA DEDICAR (LOTE 2) E O ATACADÃO DIA-A-DIA (LATERAL ESQUERDA DO ATACADÃO)",-16.016172,-48.060031,true,"Operante","","","22/04/2026 10:02:00","22/04/2026 10:02:00","","100mm",""
"hid_3119","5687","RIA00040","5687","RIACHO FUNDO II","GRANJA RIACHO FUNDO INSTITUTO DE SAUDE MENTAL RIACHO FUNDO I - DF","EM FRENTE A PORTARIA 2 DO INSTITUTO / ENTRADA PELO RIACHO FUNDO II","EM FRENTE A PORTARIA 2 DO INSTITUTO / ENTRADA PELO RIACHO FUNDO II",-15.898444,-48.038486,true,"Operante","FALTA CABEÇOTE DA HASTE DO REGISTRO (LUVA)","","21/07/2026 08:38:00","21/07/2026 08:38:00","","100mm",""
"hid_3120","5695","BSB00981","5695","BRASILIA","SGAS 902 LOTE 73 BLOCO 'A'","FRENTE A ESTACIO","FRENTE A ESTACIO",-15.7975,-47.896667,true,"Operante","","","17/03/2026 19:38:00","17/03/2026 19:38:00","","100mm",""
"hid_3121","5696","SAM00349","5696","SAMAMBAIA","QR 508, CONJUNTO 09, CASA 09","ESTACIONAMENTO AO LADO DA ÁREA VERDE DO LOTE 01, QN 506, CJ- 05, SAMAMBAIA SUL.","ESTACIONAMENTO AO LADO DA ÁREA VERDE DO LOTE 01, QN 506, CJ- 05, SAMAMBAIA SUL.",-15.882583,-48.072611,true,"Operante","","","27/02/2025 13:10:00","27/02/2025 13:10:00","","100mm",""
"hid_3122","5698","BSB00982","5698","BRASILIA","SCRS 512 BL. ""C"" LOJA 53","FRENTE AO BL. ""C"" LOJA 53","FRENTE AO BL. ""C"" LOJA 53",-15.8213,-47.918261,true,"Operante","","","03/01/2025 10:00:00","03/01/2025 10:00:00","","100mm",""
"hid_3123","5699","BSB00983","5699","BRASILIA","SCRS 512 BL. ""A"" LOJA 23","FRENTE A LOJA 23","FRENTE A LOJA 23",-15.820167,-47.916683,true,"Operante","","","03/01/2025 10:15:00","03/01/2025 10:15:00","","100mm",""
"hid_3124","5700","BSB00984","5700","BRASILIA","SCRS 510 BLOCO C","FRENTE A LOJA 55","FRENTE A LOJA 55",-15.817461,-47.912897,true,"Operante","","","03/01/2025 10:35:00","03/01/2025 10:35:00","","100mm",""
"hid_3125","5702","BSB00985","5702","BRASILIA","SHIGS 713 BLOCO D","FRENTE CASA 36","FRENTE CASA 36",-15.818906,-47.919669,true,"Operante","","","03/07/2025 12:30:00","03/07/2025 12:30:00","","100mm",""
"hid_3126","5721","BSB00991","5721","BRASILIA","SQN 109 BLOCO ' I '","FRENTE AO BLOCO ' I ' / ÁREA VERDE.","FRENTE AO BLOCO ' I ' / ÁREA VERDE.",-15.760278,-47.886667,true,"Operante","","","02/07/2025 10:00:00","02/07/2025 10:00:00","","100mm",""
"hid_3127","5735","BSB01001","5735","BRASILIA","SQN 214 BLOCO 'B'.","FRENTE BLOCO 'B' / ED. RIO SENA.","FRENTE BLOCO 'B' / ED. RIO SENA.",-15.743889,-47.886667,true,"Operante","","","29/05/2025 08:30:00","29/05/2025 08:30:00","","100mm",""
"hid_3128","5737","SAM00350","5737","SAMAMBAIA","Q 201 Conj. 5 - Samambaia Sul","Entre o residencial Samville e os fundos do 37 GBM","Entre o residencial Samville e os fundos do 37 GBM",-15.873694,-48.09375,true,"Operante","","","28/02/2025 14:00:00","28/02/2025 14:00:00","","100mm",""
"hid_3129","5738","SAM00351","5738","SAMAMBAIA","Q 201 Conj. 5 - Samambaia Sul","Entre o 37º GBM e o Supermercado Tatico","Entre o 37º GBM e o Supermercado Tatico",-15.873028,-48.092306,true,"Operante","","","28/02/2025 14:20:00","28/02/2025 14:20:00","","100mm",""
"hid_3130","5740","SAM00352","5740","SAMAMBAIA","Q 201 Conj. 3 - Samambaia Sul","Atrás do Supermercado Tatico","Atrás do Supermercado Tatico",-15.872583,-48.090417,true,"Operante","","","28/04/2025 10:24:00","28/04/2025 10:24:00","","100mm",""
"hid_3131","5741","SAM00353","5741","SAMAMBAIA","Q 201 Conj. 7 - Samambaia Sul","Rua do Residencial Samville, atrás do Tatico","Rua do Residencial Samville, atrás do Tatico",-15.873389,-48.090722,false,"Inoperante","FALTA CABEÇOTE DA HASTE DO REGISTRO (LUVA); FALTA FLANGE","","28/04/2025 10:14:00","28/04/2025 10:14:00","","100mm",""
"hid_3132","5742","SAM00354","5742","SAMAMBAIA","Q 201 Conj. 7 - Samambaia Sul","Rua do Residencial Samville","Rua do Residencial Samville",-15.87375,-48.091833,true,"Operante","","","28/04/2025 21:43:00","28/04/2025 21:43:00","","100mm",""
"hid_3133","5743","SAM00355","5743","SAMAMBAIA","Q 201 Conj. 1 Lote 8 - Samambaia Sul","Entre o 37º GBM e o Supermercado Tatico","Entre o 37º GBM e o Supermercado Tatico",-15.872111,-48.092917,true,"Operante","FALTA CABEÇOTE DA HASTE DO REGISTRO (LUVA)","","28/04/2025 10:32:00","28/04/2025 10:32:00","","100mm",""
"hid_3134","5744","BSB01003","5744","BRASILIA","SCRS 512 Bl. ""C"" LOJA 71","FRENTE A SÓREPAROS","FRENTE A SÓREPAROS",-15.821431,-47.918442,true,"Operante","","","03/01/2025 09:40:00","03/01/2025 09:40:00","","100mm",""
"hid_3135","5745","BSB01004","5745","BRASILIA","NA BEIRA DA EPIA, ATRÁS DA ANA (AGÊNCIA NACIONAL DE ÁGUAS)","ENTRE A PRF / RODOVIARIA INTERESTADUAL","ENTRE A PRF / RODOVIARIA INTERESTADUAL",-15.820269,-47.949372,true,"Operante","","","08/07/2025 07:30:00","08/07/2025 07:30:00","","100mm",""
"hid_3136","5746","BSB01005","5746","BRASILIA","SQS 405 BL Q/S","ENTRE OS BLOCOS Q/S","ENTRE OS BLOCOS Q/S",-15.814683,-47.891672,false,"Inoperante","CAIXA DE REGISTRO SOTERRADA","","21/11/2024 10:15:00","21/11/2024 10:15:00","","100mm",""
"hid_3137","5747","BSB01006","5747","BRASILIA","SHLS CONJUNTO 'A'","ENTRE OS HOSPITAIS SANTA LUZIA / SANTA LUCIA","ENTRE OS HOSPITAIS SANTA LUZIA / SANTA LUCIA",-15.827356,-47.929558,true,"Operante","","","23/05/2025 10:00:00","23/05/2025 10:00:00","","100mm",""
"hid_3138","5749","BSB01007","5749","BRASILIA","SHLS CONJUNTO 'A'","ENTRE OS HOSPITAIS SANTA LUZIA / SANTA LUCIA (FUNDOS)","ENTRE OS HOSPITAIS SANTA LUZIA / SANTA LUCIA (FUNDOS)",-15.827936,-47.930417,true,"Operante","","","23/05/2025 09:00:00","23/05/2025 09:00:00","","100mm",""
"hid_3139","5750","BSB01008","5750","BRASILIA","SHIGS 715BLOCO 'A' CASA 62","FRENTE A CASA 62","FRENTE A CASA 62",-15.826214,-47.925719,true,"Operante","","","25/09/2025 12:00:00","25/09/2025 12:00:00","","100mm",""
"hid_3140","5751","BSB01009","5751","BRASILIA","SQN 308 - Bl. "" E / K ""","Entre os Bl's. ""E"" e Bl. "" K "" / Área verde","Entre os Bl's. ""E"" e Bl. "" K "" / Área verde",-15.763558,-47.889253,true,"Operante","","","14/01/2025 11:16:00","14/01/2025 11:16:00","","100mm",""
"hid_3141","5753","BSB01011","5753","BRASILIA","SQN 214 BLOCO 'E'","EM FRENTE AO BLOCO 'E'","EM FRENTE AO BLOCO 'E'",-15.743617,-47.888253,true,"Operante","","","29/05/2025 10:30:00","29/05/2025 10:30:00","","100mm",""
"hid_3142","5754","BSB01012","5754","BRASILIA","SQN 214 BLOCO 'J'","Em frente ao bloco 'J' na área verde.","Em frente ao bloco 'J' na área verde.",-15.744544,-47.888108,true,"Operante","","","29/05/2025 10:00:00","29/05/2025 10:00:00","","100mm",""
"hid_3143","5756","BSB01013","5756","BRASILIA","SQN 102 BLOCO 'A/B'","LATERAL ESQUERDA DO BLOCO 'A'","LATERAL ESQUERDA DO BLOCO 'A'",-15.782139,-47.8835,true,"Operante","","","17/03/2026 19:26:00","17/03/2026 19:26:00","","100mm",""
"hid_3144","5758","SAM00356","5758","SAMAMBAIA","Q 201 Conj. 6 - Samambaia Sul","De frente à torre de energia","De frente à torre de energia",-15.874621,-48.090126,true,"Operante","","","10/04/2025 17:21:00","10/04/2025 17:21:00","","100mm",""
"hid_3145","5759","SAM00357","5759","SAMAMBAIA","Q 201 Conj. 7 - Samambaia Sul","Próximo à QR 203 Conj. 4 LT 34","Próximo à QR 203 Conj. 4 LT 34",-15.875024,-48.091007,true,"Operante","","","10/04/2025 17:21:00","10/04/2025 17:21:00","","100mm",""
"hid_3146","5760","SAM00358","5760","SAMAMBAIA","QR 203 Conj. 4 LT 27","Em frente à casa","Em frente à casa",-15.874959,-48.091793,true,"Operante","","","28/04/2025 10:40:00","28/04/2025 10:40:00","","100mm",""
"hid_3147","5761","SAM00359","5761","SAMAMBAIA","QR 203 Conj. 10 Casa 11","De frente ao Ponto de Encontro Comunitário (Academia pública)","De frente ao Ponto de Encontro Comunitário (Academia pública)",-15.874714,-48.09281,true,"Operante","","","02/06/2026 07:35:00","02/06/2026 07:35:00","","100mm",""
"hid_3148","5763","SUD00076","5763","SUDOESTE E OCTOGONAL","SQSW 301 BLOCO D","LATERAL BLOCO D","LATERAL BLOCO D",-15.795403,-47.920194,true,"Operante","","","11/08/2025 11:50:00","11/08/2025 11:50:00","","100mm",""
"hid_3149","5764","SUD00077","5764","SUDOESTE E OCTOGONAL","SQSW 302 BLOCO H","FRENTE AO BLOCO H","FRENTE AO BLOCO H",-15.798431,-47.924675,true,"Operante","","","30/07/2025 10:42:00","30/07/2025 10:42:00","","100mm",""
"hid_3150","5765","SUD00078","5765","SUDOESTE E OCTOGONAL","SQSW 304 BLOCO G/H","ENTRE BLOCOS G/H","ENTRE BLOCOS G/H",-15.800153,-47.929122,false,"Inoperante","REGISTRO SOTERRADO","","30/07/2025 10:16:00","30/07/2025 10:16:00","","100mm",""
"hid_3151","5766","SUD00079","5766","SUDOESTE E OCTOGONAL","SQSW 304 BLOCO H","FRENTE AO BLOCO H","FRENTE AO BLOCO H",-15.800961,-47.929733,true,"Operante","","","28/07/2025 10:07:00","28/07/2025 10:07:00","","100mm",""
"hid_3152","5767","SUD00080","5767","SUDOESTE E OCTOGONAL","SQSW 304 BLOCO D","LATERAL ESQUERDA DO BLOCO D","LATERAL ESQUERDA DO BLOCO D",-15.801892,-47.929608,true,"Operante","","","30/07/2025 10:20:00","30/07/2025 10:20:00","","100mm",""
"hid_3153","5770","ACL00049","5770","AGUAS CLARAS","QUADRA 104, LOTE 02, Praça do TIZIU","Ao Lado do Residencial Paradiso, Lote 04.","Ao Lado do Residencial Paradiso, Lote 04.",-15.833881,-48.018189,true,"Operante","PINTAR HIDRANTE DE AMARELO","","04/04/2025 09:00:00","04/04/2025 09:00:00","","100mm","/hidrantes/aguas_claras/ACL00049.jpeg"
"hid_3154","5772","SO200015","5772","SOBRADINHO II","AR 16 CONJUNTO 4 LOTE 12 - SOBRADINHO II-DF","EM FRENTE A IGREJA DEUS DAS NAÇÕES / EM FRENTE AO LOTE 12","EM FRENTE A IGREJA DEUS DAS NAÇÕES / EM FRENTE AO LOTE 12",-15.651667,-47.824333,true,"Operante","","","14/01/2026 15:15:00","14/01/2026 15:15:00","","100mm",""
"hid_3155","5774","BSB01015","5774","BRASILIA","SETOR DE GARAGENS E MANUTENÇÃO NORTE / COORDENAÇÃO GERAL DE TRANSPORTE (CONTRAN)","AV. N2, POSTERIOR AO PALÁCIO DO PLANALTO, EM FRENTE AO EDIFÍCIO DA CONTRAN","AV. N2, POSTERIOR AO PALÁCIO DO PLANALTO, EM FRENTE AO EDIFÍCIO DA CONTRAN",-15.796327,-47.860155,true,"Operante","","","19/01/2026 15:18:00","19/01/2026 15:18:00","","100mm",""
"hid_3156","5778","SAM00361","5778","SAMAMBAIA","QN 511","ÁREA VERDE","ÁREA VERDE",-15.889938,-48.102132,false,"Inoperante","FALTAM BUJÕES E TAMPÕES","","14/04/2025 10:00:00","14/04/2025 10:00:00","","100mm",""
"hid_3157","5779","SAM00362","5779","SAMAMBAIA","QS 105 CONJ 5","Próximo à avenida principal e à Igreja Assembleia de Deus","Próximo à avenida principal e à Igreja Assembleia de Deus",-15.882606,-48.097906,true,"Operante","","","27/02/2025 09:35:00","27/02/2025 09:35:00","","100mm",""
"hid_3158","5789","BSB01026","5789","BRASILIA","EM FRENTE AO PAVILHÃO DAS METAS","EIXO MONUMENTAL / VIA N1","EIXO MONUMENTAL / VIA N1",-15.801822,-47.854397,true,"Operante","","","19/01/2026 15:19:00","19/01/2026 15:19:00","","100mm",""
"hid_3159","5790","BSB01027","5790","BRASILIA","SETOR DE GARAGENS E MANUTENÇÃO NORTE EM FRENTE A INTERLEGIS","AV. N2 / EM FRENTE A INTERLEGIS","AV. N2 / EM FRENTE A INTERLEGIS",-15.796672,-47.864564,true,"Operante","","","17/03/2026 20:11:00","17/03/2026 20:11:00","","100mm",""
"hid_3160","5792","BSB01028","5792","BRASILIA","SETOR DE GARAGENS E MANUTENÇÃO / ESTACIONAMENTO DO MINISTERIO DA JUSTIÇA","AV. N2 / EM FRENTE AO ESTACIONAMENTO DO MINISTÉRIO DA JUSTIÇA","AV. N2 / EM FRENTE AO ESTACIONAMENTO DO MINISTÉRIO DA JUSTIÇA",-15.796156,-47.865411,true,"Operante","","","17/03/2026 18:51:00","17/03/2026 18:51:00","","100mm",""
"hid_3161","5793","GAM00142","5793","GAMA","1º BDAAE - BRIGADA DE DEFESA ANTIAEREA - RODOVIA DF001 KM 56 - GAMA-DF","LATERAL DIREITA/FRENTE DO COMANDO","LATERAL DIREITA/FRENTE DO COMANDO",-15.977028,-48.012139,false,"Inoperante","","","29/09/2024 18:56:00","29/09/2024 18:56:00","","100mm",""
"hid_3162","5794","GAM00143","5794","GAMA","1º BDAAE - BRIGADA DE DEFESA ANTIAEREA - RODOVIA DF001 KM 56 - GAMA-DF","LATERAL DIREITA/FUNDOS DO COMANDO","LATERAL DIREITA/FUNDOS DO COMANDO",-15.9775,-48.012389,false,"Inoperante","","","29/09/2024 18:50:00","29/09/2024 18:50:00","","100mm",""
"hid_3163","5795","GAM00144","5795","GAMA","1º BDAAE - BRIGADA DE DEFESA ANTIAEREA - RODOVIA DF001 KM 56 - GAMA-DF","LATERAL ESQUERDA/FRENTE DO COMANDO","LATERAL ESQUERDA/FRENTE DO COMANDO",-15.977306,-48.011639,false,"Inoperante","FALTA CABEÇOTE DA HASTE DO REGISTRO (LUVA); HIDRANTE COM POUCA PRESSÃO; HIDRANTE SEM ÁGUA","","26/12/2024 10:30:00","26/12/2024 10:30:00","","100mm",""
"hid_3164","5796","GAM00145","5796","GAMA","1º BDAAE - BRIGADA DE DEFESA ANTIAEREA - RODOVIA DF001 KM 56 - GAMA-DF","LATERAL ESQUERDA/FUNDOS DO COMANDO","LATERAL ESQUERDA/FUNDOS DO COMANDO",-15.97775,-48.011889,false,"Inoperante","FALTA CABEÇOTE DA HASTE DO REGISTRO (LUVA); HASTE DO REGISTRO INCOMPATÍVEL COM AS LUVAS.","","26/12/2024 10:40:00","26/12/2024 10:40:00","","100mm",""
"hid_3165","5799","LAN00136","5799","LAGO NORTE","SHIN - QI 06 Conj. 08 CASA 01","LATERAL ESQUERDA","LATERAL ESQUERDA",-15.734908,-407.86995,true,"Operante",".; TIPO DE CAIXA DO REGISTRO DE HIDRANTE DE ALVENARIA","","14/05/2022 00:00:00","14/05/2022 00:00:00","","100mm",""
"hid_3166","5807","SIA00125","5807","SIA (SETOR DE INDUSTRIA E ABASTECIMENTO)","SIA TRECHO 2 LOTE 1655","EM FRENTE A VELCAR / EM FRENTE AO QUIOSQUE 32","EM FRENTE A VELCAR / EM FRENTE AO QUIOSQUE 32",-15.803,-47.966917,false,"Inoperante","TAMPA DA CAIXA LACRADA (CONCRETADA)","","14/07/2026 10:06:00","14/07/2026 10:06:00","","100mm",""
"hid_3167","5808","LAN00138","5808","LAGO NORTE","CA 07 BL 17 LOTES 08/09","EM FRENTE A ACADEMIA HEADWAY","EM FRENTE A ACADEMIA HEADWAY",-15.719078,-47.886844,true,"Operante","","","08/01/2026 14:33:00","08/01/2026 14:33:00","","100mm",""
"hid_3168","5812","LAN00141","5812","LAGO NORTE","SHIN QI 02 CONJUNTO 08 CASA 02","Lateral da casa 02 (área verde)","Lateral da casa 02 (área verde)",-15.723389,-47.8895,true,"Operante","","","19/12/2025 12:40:00","19/12/2025 12:40:00","","100mm",""
"hid_3169","5814","TAG00192","5814","TAGUATINGA","QND 21 LOTE 02","FRENTE AO LOTE 02","FRENTE AO LOTE 02",-15.810761,-48.061553,true,"Operante","","","04/04/2025 10:30:00","04/04/2025 10:30:00","","100mm",""
"hid_3170","5833","SAM00363","5833","SAMAMBAIA","QN 407 - Samambaia Sul","Próximo à Reciclagem","Próximo à Reciclagem",-15.871773,-48.102286,true,"Operante","","","10/04/2025 17:24:00","10/04/2025 17:24:00","","100mm",""
"hid_3171","5834","TAG00193","5834","TAGUATINGA","QI 16","PRÓXIMO À PADARIA PÃO DELEYT","PRÓXIMO À PADARIA PÃO DELEYT",-15.810442,-48.077429,true,"Operante","","","07/04/2025 13:38:00","07/04/2025 13:38:00","","100mm",""
"hid_3172","5835","SCI00021","5835","SCIA (SETOR COMPLEMENTAR DE INDUSTRIA E ABASTAMENTO) E ESTRUTURAL","SCIA QUADRA 1 CONJUNTO 1 AO LADO DO COLEGIO MILITAR - ESTRUTURAL-DF","LATERAL ESQUERDA DA FEIRA PERMANENTE","LATERAL ESQUERDA DA FEIRA PERMANENTE",-15.782694,-47.996583,true,"Operante","","","21/10/2025 11:30:00","21/10/2025 11:30:00","","100mm",""
"hid_3173","5836","SCI00022","5836","SCIA (SETOR COMPLEMENTAR DE INDUSTRIA E ABASTAMENTO) E ESTRUTURAL","SCIA QUADRA 9 CONJUNTO 2 LOTES 4 A 7 - DEPOSITO A C COELHO - ESTRUTURAL-DF","EM FRENTE AO DEPOSITO DA A C COELHO (CENTRO DE DISTRIBUIÇÃO)","EM FRENTE AO DEPOSITO DA A C COELHO (CENTRO DE DISTRIBUIÇÃO)",-15.783917,-47.982111,false,"Inoperante","FALTA TAMPÃO DE 2.1/2""; FALTA TAMPÃO DE 4""","","20/10/2025 09:49:00","20/10/2025 09:49:00","","100mm",""
"hid_3174","5837","VIC00059","5837","VICENTE PIRES","RUA 12 CHACARA 137 LOTE 39 VICENTE PIRES","EM FRENTE LOTE 39","EM FRENTE LOTE 39",-15.793917,-48.024833,true,"Operante","","","04/03/2026 16:04:00","04/03/2026 16:04:00","","100mm",""
"hid_3175","5841","VIC00060","5841","VICENTE PIRES","RUA 12 CHÁCARA 143","FRENTE A CONGREGAÇÃO CRISTÃ NO BRASIL","FRENTE A CONGREGAÇÃO CRISTÃ NO BRASIL",-15.794667,-48.030722,false,"Inoperante","REGISTRO SOTERRADO","","04/03/2026 16:09:00","04/03/2026 16:09:00","","100mm",""
"hid_3176","5842","LAS00113","5842","LAGO SUL","QI 28 CONJUNTO 02 CASA 01","FRENTE A CASA 01","FRENTE A CASA 01",-15.816817,-47.808128,true,"Operante","","","18/06/2025 12:49:00","18/06/2025 12:49:00","","100mm","/hidrantes/lago_sul/LAS00113.jpeg"
"hid_3177","5843","LAS00114","5843","LAGO SUL","QI 28 CONJUNTO 01 CASA 02","FRENTE A CASA 02","FRENTE A CASA 02",-15.817003,-47.807011,true,"Operante","","","18/06/2025 13:00:00","18/06/2025 13:00:00","","100mm","/hidrantes/lago_sul/LAS00114.jpeg"
"hid_3178","5845","SEB00080","5845","SAO SEBASTIAO","RUA 25 CONUNTO A LOTE 20 - RESIDENCIAL BOSQUE","FRENTE AO LOTE 2B","FRENTE AO LOTE 2B",-15.912583,-47.756694,false,"Inoperante","REGISTRO SOTERRADO","","24/09/2025 10:12:00","24/09/2025 10:12:00","","100mm",""
"hid_3179","5846","SEB00081","5846","SAO SEBASTIAO","RUA 26 CONUNTO A CASA 36A","FRENTE AO BAIRRO RESIDENCIAL BELA VISTA / CASA 36A DO RESIDENCIAL BOSQUE","FRENTE AO BAIRRO RESIDENCIAL BELA VISTA / CASA 36A DO RESIDENCIAL BOSQUE",-15.912389,-47.753861,true,"Operante","","","24/09/2025 09:57:00","24/09/2025 09:57:00","","100mm",""
"hid_3180","5847","CEI00131","5847","CEILANDIA","St. de Indústria QCS - Ceilândia","Na praça, próximo ao espaço de festas Bitarães","Na praça, próximo ao espaço de festas Bitarães",-15.801609,-48.151178,false,"Inoperante","REGISTRO SOTERRADO","","20/08/2025 11:47:00","20/08/2025 11:47:00","","100mm",""
"hid_3181","5848","SEB00082","5848","SAO SEBASTIAO","SHJM QUADRA 01 RUA G - FRENTE A TORRE G2","FRENTE A TORRE G2","FRENTE A TORRE G2",-15.885806,-47.8165,true,"Operante","","","09/09/2025 08:00:00","09/09/2025 08:00:00","","100mm",""
"hid_3182","5854","BSB01048","5854","BRASILIA","SGAN QD 916 VIA W5","EM FRENTE A ESCOLA CANADÁ.","EM FRENTE A ESCOLA CANADÁ.",-15.741139,-47.901917,true,"Operante","","","14/01/2025 11:33:00","14/01/2025 11:33:00","","100mm",""
"hid_3183","5855","SAM00364","5855","SAMAMBAIA","QR 118 Conj. 3A - Samambaia Sul","Na esquina do Condomínio Vila Real","Na esquina do Condomínio Vila Real",-15.868228,-48.065663,true,"Operante","FALTA CABEÇOTE DA HASTE DO REGISTRO (LUVA)","","28/04/2025 11:05:00","28/04/2025 11:05:00","","100mm",""
"hid_3184","5856","SAM00365","5856","SAMAMBAIA","QS 518 CJ. 01 Loja 04 - Samambaia Sul","Em frente à Nacional Veículos","Em frente à Nacional Veículos",-15.87783,-48.061205,true,"Operante","","","13/03/2025 16:21:00","13/03/2025 16:21:00","","100mm",""
"hid_3185","5857","BSB01049","5857","BRASILIA","SGAS 609 / NA VIA L2","EM FRENTE AO COLÉGIO PIO XII / CANTEIRO CENTRAL","EM FRENTE AO COLÉGIO PIO XII / CANTEIRO CENTRAL",-15.825578,-47.901592,true,"Operante","","","17/03/2026 18:51:00","17/03/2026 18:51:00","","100mm",""
"hid_3186","5858","BSB01050","5858","BRASILIA","SHCGN 715 BLOCO 'L' CASA 39","EM FRENTE A CASA 39","EM FRENTE A CASA 39",-15.743556,-47.900428,false,"Inoperante","REGISTRO DANIFICADO","","20/05/2025 12:30:00","20/05/2025 12:30:00","","100mm",""
"hid_3187","5859","SAM00366","5859","SAMAMBAIA","QN 417 Conj. O","Ao lado da Assembleia de Deus ADTAG","Ao lado da Assembleia de Deus ADTAG",-15.878855,-48.118139,false,"Inoperante","FALTA FLANGE; FALTAM DOIS TAMPÕES DE 2 1/2; FALTA TAMPÃO DE 4""","","11/04/2025 12:40:00","11/04/2025 12:40:00","","100mm",""
"hid_3188","5860","SAM00367","5860","SAMAMBAIA","QN 415 Conj. H","Próximo à avenida principal","Próximo à avenida principal",-15.877415,-48.114989,false,"Inoperante","FALTA FLANGE; FALTAM BUJÕES E TAMPÕES","","28/04/2025 11:50:00","28/04/2025 11:50:00","","100mm",""
"hid_3189","5862","BSB01051","5862","BRASILIA","SCRN Q. 711 Bl. "" D "" Loja 13 - Via W3","Na Via de acesso W3- Em frente ao Bl. "" D "" ""Nosso Café""","Na Via de acesso W3- Em frente ao Bl. "" D "" ""Nosso Café""",-15.756833,-47.893833,true,"Operante","","","20/05/2025 11:30:00","20/05/2025 11:30:00","","100mm",""
"hid_3190","5863","BSB01052","5863","BRASILIA","QUADRA 708/709 ENTRE OS BLOCOS G e H","AO LADO DA OFICINA AUTOMOTIVA","AO LADO DA OFICINA AUTOMOTIVA",-15.763694,-47.893,true,"Operante","","","17/03/2026 18:54:00","17/03/2026 18:54:00","","100mm",""
"hid_3191","5865","SUD00081","5865","SUDOESTE E OCTOGONAL","SQSW 500 BLOCO 'G'","LATERAL ESQUERDA DO BLOCO 'G'","LATERAL ESQUERDA DO BLOCO 'G'",-15.787206,-47.919692,true,"Operante","","","11/08/2025 10:00:00","11/08/2025 10:00:00","","100mm",""
"hid_3192","5867","SUD00082","5867","SUDOESTE E OCTOGONAL","SQSW 500 BLOCO 'P'","EM FRENTE AO BLOCO 'P'","EM FRENTE AO BLOCO 'P'",-15.784833,-47.922981,true,"Operante","","","11/08/2025 10:50:00","11/08/2025 10:50:00","","100mm",""
"hid_3193","5868","SUD00083","5868","SUDOESTE E OCTOGONAL","SQSW 500 BLOCO 'T'","EM FRENTE AO BLOCO 'T'","EM FRENTE AO BLOCO 'T'",-15.78435,-47.924625,true,"Operante","","","11/08/2025 11:00:00","11/08/2025 11:00:00","","100mm",""
"hid_3194","5869","SUD00084","5869","SUDOESTE E OCTOGONAL","SQSW 500 BLOCO 'R'","EM FRENTE AO BLOCO 'R'","EM FRENTE AO BLOCO 'R'",-15.785506,-47.923683,true,"Operante","","","11/08/2025 10:40:00","11/08/2025 10:40:00","","100mm",""
"hid_3195","5870","SUD00085","5870","SUDOESTE E OCTOGONAL","SQSW 500 BLOCO 'B'","EM FRENTE AO BLOCO 'B'","EM FRENTE AO BLOCO 'B'",-15.786356,-47.921722,true,"Operante","","","11/08/2025 10:30:00","11/08/2025 10:30:00","","100mm",""
"hid_3196","5871","REC00190","5871","RECANTO DAS EMAS","QR 206 AVENIDA DO FORUM - RECANTO DAS EMAS-DF","NA AREA VERDE APOS O FORUM E PROXIMO AO BALÃO DA 206","NA AREA VERDE APOS O FORUM E PROXIMO AO BALÃO DA 206",-15.910172,-48.072683,true,"Operante","","","02/06/2026 10:11:00","02/06/2026 10:11:00","","100mm",""
"hid_3197","5872","SOB00045","5872","SOBRADINHO","Quadra 13 Conj. F casa 01 - Sobradinho","Esquina da Casa 01","Esquina da Casa 01",-15.643917,-47.787,true,"Operante","","","11/07/2025 09:30:00","11/07/2025 09:30:00","","100mm",""
"hid_3198","5874","CEI00132","5874","CEILANDIA","St. M EQNM 8/10","Próximo à parada de ônibus","Próximo à parada de ônibus",-15.802257,-48.11786,false,"Inoperante","REGISTRO EMPERRADO","","13/08/2025 10:03:00","13/08/2025 10:03:00","","100mm",""
"hid_3199","5875","BSB01053","5875","BRASILIA","SQNW 106 - BLOCO A - ED. RESIDENCIAL PARÍS","FRENTE AO ED. RESIDENCIAL PARÍS","FRENTE AO ED. RESIDENCIAL PARÍS",-15.754944,-47.909444,true,"Operante","","","19/08/2025 08:00:00","19/08/2025 08:00:00","","100mm",""
"hid_3200","5876","STM00240","5876","SANTA MARIA","QR 103 - CEF 103 - SANTA MARIA-DF","LATERAL ESQUERDA DA ENTRADA DO CEF 103 / EM FRENTE A AREA VERDE","LATERAL ESQUERDA DA ENTRADA DO CEF 103 / EM FRENTE A AREA VERDE",-16.036756,-48.037836,true,"Operante","","","07/04/2026 20:22:00","07/04/2026 20:22:00","","100mm",""
"hid_3201","5877","STM00241","5877","SANTA MARIA","TRECHO 02 CONJUNTO 03 POLO JK - SANTA MARIA","EM FRENTE AO DEPÓSITO DO ATACADÃO DIA A DIA","EM FRENTE AO DEPÓSITO DO ATACADÃO DIA A DIA",-16.04834,-47.97236,true,"Operante","","","26/03/2026 14:43:00","26/03/2026 14:43:00","","100mm",""
"hid_3202","5878","BSB01054","5878","BRASILIA","SQN 407 ENTRE BLOCO F/D - AREA VERDE","ENTRE BLOCO F/D - AREA VERDE","ENTRE BLOCO F/D - AREA VERDE",-15.764889,-47.878722,true,"Operante","","","17/03/2026 18:56:00","17/03/2026 18:56:00","","100mm",""
"hid_3203","5879","BSB01055","5879","BRASILIA","SQS 207 BLOCO 'J'","ENTRE OS BLOCOS 'G/J'","ENTRE OS BLOCOS 'G/J'",-15.818267,-47.899033,true,"Operante","","","20/05/2025 09:00:00","20/05/2025 09:00:00","","100mm",""
"hid_3204","5880","BSB01056","5880","BRASILIA","SES 803 EMBAIXADA DO URUGUAI - BRASÍLIA -DF","EMBAIXADA DO URUGUAI","EMBAIXADA DO URUGUAI",-15.812758,-47.880244,true,"Operante","","","07/08/2025 10:30:00","07/08/2025 10:30:00","","100mm",""
"hid_3205","5881","TAG00194","5881","TAGUATINGA","QNA 42 S/N LT 17, Taguatinga Norte","Próximo à Fênix Clube de Tiro / Wizard","Próximo à Fênix Clube de Tiro / Wizard",-15.818249,-48.062297,true,"Operante","","","24/03/2025 10:00:00","24/03/2025 10:00:00","","100mm",""
"hid_3206","5882","TAG00195","5882","TAGUATINGA","QNB 11 Taguatinga Norte","Em frente à Bluefit","Em frente à Bluefit",-15.823572,-48.06188,true,"Operante","","","24/03/2025 10:00:00","24/03/2025 10:00:00","","100mm",""
"hid_3207","5883","BSB01057","5883","BRASILIA","SAFS QUADRA 01 BLOCO 'B'","ANEXO DO MINISTERIO DO TRABALHO","ANEXO DO MINISTERIO DO TRABALHO",-15.800997,-47.869833,true,"Operante","","","17/03/2026 18:57:00","17/03/2026 18:57:00","","100mm",""
"hid_3208","5884","BSB01058","5884","BRASILIA","SAFS QUADRA 01 BLOCO 'B'","ANEXO DO MINISTERIO DO SAÚDE.","ANEXO DO MINISTERIO DO SAÚDE.",-15.801214,-47.869233,true,"Operante","","","14/08/2025 12:30:00","14/08/2025 12:30:00","","100mm",""
"hid_3209","5885","SIA00126","5885","SIA (SETOR DE INDUSTRIA E ABASTECIMENTO)","SIA TRECHO 1 LOTE 125/150","FUNDOS DA FORD SLAVIERO VIA EPTG","FUNDOS DA FORD SLAVIERO VIA EPTG",-15.808967,-47.953208,true,"Operante","","","22/07/2026 10:23:00","22/07/2026 10:23:00","","100mm",""
"hid_3210","5886","SIA00127","5886","SIA (SETOR DE INDUSTRIA E ABASTECIMENTO)","SIA TRECHO 16 / MAXXI ATACADISTA","EM FRENTE MAXXI ATACADISTA","EM FRENTE MAXXI ATACADISTA",-15.790189,-47.943772,true,"Operante","","","23/07/2026 11:14:00","23/07/2026 11:14:00","","100mm",""
"hid_3211","5887","SEB00083","5887","SAO SEBASTIAO","QUADRA 2 CONJUNTO 11 CASA 2","CASA 2/ INSTITUTO FEDERAL","CASA 2/ INSTITUTO FEDERAL",-15.891778,-47.779306,true,"Operante","","","22/09/2025 09:20:00","22/09/2025 09:20:00","","100mm",""
"hid_3212","5888","BSB01059","5888","BRASILIA","PRAÇA MUNICIPAL, LOTE 01 - BRASÍLIA-DF","FRENTE AO TJDF","FRENTE AO TJDF",-15.787673,-47.908775,true,"Operante","","","17/01/2025 12:50:00","17/01/2025 12:50:00","","100mm",""
"hid_3213","5908","SIA00130","5908","SIA (SETOR DE INDUSTRIA E ABASTECIMENTO)","SIA TRECHO 07 / CANTEIRO CENTRAL / FEIRA DOS IMPORTADOS - BRASILIA-DF","EM FRENTE A FEIRA DOS IMPORTADOS/LOJA SIA LESTE","EM FRENTE A FEIRA DOS IMPORTADOS/LOJA SIA LESTE",-15.797639,-47.9495,true,"Operante","","","23/07/2026 10:46:00","23/07/2026 10:46:00","","100mm",""
"hid_3214","5910","BSB01060","5910","BRASILIA","SHIGS 712 BLOCO 'C' - BRASÍLIA-DF","EM FRENTE AO BLOCO 'C'","EM FRENTE AO BLOCO 'C'",-15.816732,-47.916775,true,"Operante","","","25/09/2025 11:00:00","25/09/2025 11:00:00","","100mm",""
"hid_3215","5911","BSB01061","5911","BRASILIA","SHIGS 709 BLOCO 'M' CASA 54 - BRASÍLIA-DF","EM FRENTE AO BLOCO M CASA 54.","EM FRENTE AO BLOCO M CASA 54.",-15.812331,-47.910539,true,"Operante","","","25/09/2025 11:30:00","25/09/2025 11:30:00","","100mm",""
"hid_3216","5919","SEB00084","5919","SAO SEBASTIAO","Quadra 305 conjunto 10 casa 42 Residencial Oeste","frente a casa 42","frente a casa 42",-15.9,-47.788722,false,"Inoperante","REGISTRO DANIFICADO","","26/09/2025 11:30:00","26/09/2025 11:30:00","","100mm",""
"hid_3217","5921","SEB00085","5921","SAO SEBASTIAO","Quadra 307 conjunto 05 frente casa 16 Residencial Oeste","frente a casa 16","frente a casa 16",-15.900806,-47.790333,true,"Operante","REGISTRO SOTERRADO","","26/09/2025 12:00:00","26/09/2025 12:00:00","","100mm",""
"hid_3218","5922","SEB00086","5922","SAO SEBASTIAO","Quadra 306 conjunto 01 casa 31 Residencial Oeste","frente a casa 31","frente a casa 31",-15.902417,-47.787028,true,"Operante","","","26/09/2025 11:00:00","26/09/2025 11:00:00","","100mm",""
"hid_3219","5923","SEB00087","5923","SAO SEBASTIAO","Quadra 206 conjunto 04 frente casa 15 Residencial Oeste","Ao lado da casa 15","Ao lado da casa 15",-15.898861,-47.784722,true,"Operante","","","23/09/2025 09:00:00","23/09/2025 09:00:00","","100mm",""
"hid_3220","5924","PAN00001","5924","BRASILIA","Parque Nacional de Brasília","Granja do Torto - Estação da CAESB /Estrada de acesso à Barragem de Santa Maria.","Granja do Torto - Estação da CAESB /Estrada de acesso à Barragem de Santa Maria.",-15.69,-47.926278,true,"Operante","","","17/03/2026 20:24:00","17/03/2026 20:24:00","","100mm",""
"hid_3221","5925","PAN00002","5925","BRASILIA","Parque Nacional de Brasília","Granja do Torto - Estação da CAESB /Estrada de acesso à Barragem de Santa Maria.","Granja do Torto - Estação da CAESB /Estrada de acesso à Barragem de Santa Maria.",-15.679583,-47.93775,true,"Operante","","","17/03/2026 20:23:00","17/03/2026 20:23:00","","100mm",""
"hid_3222","5926","PAN00003","5926","BRASILIA","Parque Nacional de Brasília","Granja do Torto - Estação da CAESB /Estrada de acesso à Barragem de Santa Maria.","Granja do Torto - Estação da CAESB /Estrada de acesso à Barragem de Santa Maria.",-15.670306,-47.93925,true,"Operante","","","17/03/2026 20:23:00","17/03/2026 20:23:00","","100mm",""
"hid_3223","5928","PAN00004","5928","BRASILIA","Parque Nacional de Brasília","Granja do Torto - Estação da CAESB /Estrada de acesso à Barragem de Santa Maria.","Granja do Torto - Estação da CAESB /Estrada de acesso à Barragem de Santa Maria.",-15.667806,-47.947306,true,"Operante","","","17/03/2026 20:21:00","17/03/2026 20:21:00","","100mm",""
"hid_3224","5929","BSB01062","5929","BRASILIA","SHIGS 703, BLOCO ""R"" CASA 36, BRASÍLIA-DF","EM FRENTE AO BLOCO ""R"" CASA 36","EM FRENTE AO BLOCO ""R"" CASA 36",-15.801533,-47.89815,true,"Operante","","","14/05/2025 08:30:00","14/05/2025 08:30:00","","100mm",""
"hid_3225","5930","LAN00147","5930","LAGO NORTE","SHIN QI 14 CANTEIRO CENTRAL","CANTEIRO CENTRAL","CANTEIRO CENTRAL",-15.757417,-47.8355,true,"Operante","","","24/01/2025 09:10:00","24/01/2025 09:10:00","","100mm",""
"hid_3226","5931","PLA00125","5931","PLANALTINA","Quadra 07 conjunto 7E casa 25","frente a casa 25","frente a casa 25",-15.601667,-47.641944,true,"Operante","","","27/01/2026 16:50:00","27/01/2026 16:50:00","","100mm",""
"hid_3227","5932","BSB01063","5932","BRASILIA","SQS 304 BLOCO 'H' BRASÍLIA-DF","LADO DIREITO DO BLOCO 'H'","LADO DIREITO DO BLOCO 'H'",-15.806481,-47.896972,true,"Operante","","","16/05/2025 10:30:00","16/05/2025 10:30:00","","100mm",""
"hid_3228","5933","BSB01064","5933","BRASILIA","SQS 307 BLOCO 'A' BRASÍLIA-DF","FUNDOS DO BLOCO 'A'","FUNDOS DO BLOCO 'A'",-15.813189,-47.902406,true,"Operante","","","15/01/2025 18:03:00","15/01/2025 18:03:00","","100mm",""
"hid_3229","5934","BSB01065","5934","BRASILIA","SQS 307 BLOCO 'G' BRASÍLIA-DF","FUNDOS/LADO ESQUERDO DO BLOCO 'G'","FUNDOS/LADO ESQUERDO DO BLOCO 'G'",-15.812411,-47.903769,true,"Operante","","","15/01/2025 10:47:00","15/01/2025 10:47:00","","100mm",""
"hid_3230","5935","PLA00126","5935","PLANALTINA","Setor de Oficinas - SOF - Conj. ""B"" Lote 25","Frente à Q. 01 da Vila Roriz","Frente à Q. 01 da Vila Roriz",-15.606167,-47.652528,true,"Operante","","","27/01/2026 16:53:00","27/01/2026 16:53:00","","100mm",""
"hid_3231","5936","STM00242","5936","SANTA MARIA","CL 208 LOTE B6 / CEF 209 - AVENIDA ALAGADOS SANTA MARIA","NA FRETE DA ACADEMIA CAPITAL FIT","NA FRETE DA ACADEMIA CAPITAL FIT",-16.021861,-48.024972,true,"Operante","","","07/04/2026 20:27:00","07/04/2026 20:27:00","","100mm",""
"hid_3232","5938","BSB01067","5938","BRASILIA","SQS 308 BLOCO 'G' BRASÍLIA-DF","EM FRENTE AO BLOCO 'G'","EM FRENTE AO BLOCO 'G'",-15.814158,-47.906753,true,"Operante","","","17/03/2026 19:50:00","17/03/2026 19:50:00","","100mm",""
"hid_3233","5939","BSB01068","5939","BRASILIA","SQS 308 BLOCO 'F' BRASÍLIA-DF","EM FRENTE AO BLOCO 'F'","EM FRENTE AO BLOCO 'F'",-15.8155,-47.905983,true,"Operante","","","17/03/2026 19:51:00","17/03/2026 19:51:00","","100mm",""
"hid_3234","5941","BSB01070","5941","BRASILIA","SGAS 907 / COLÉGIO ELEFANTE BRANCO - BRASÍLIA-DF","FUNDOS DO CEB / LADO DIREITO","FUNDOS DO CEB / LADO DIREITO",-15.808139,-47.910139,true,"Operante","","","07/01/2025 11:20:00","07/01/2025 11:20:00","","100mm",""
"hid_3235","5942","BSB01071","5942","BRASILIA","SGAS 907 / COLÉGIO ELEFANTE BRANCO - BRASÍLIA-DF","EM FRENTE AO LADO ESQUERDO DO CEB.","EM FRENTE AO LADO ESQUERDO DO CEB.",-15.80875,-47.909803,true,"Operante","","","07/01/2025 11:40:00","07/01/2025 11:40:00","","100mm",""
"hid_3236","5943","BSB01072","5943","BRASILIA","SGAS 907 / COLÉGIO ELEFANTE BRANCO - BRASÍLIA-DF","FUNDOS DO CEB / LADO ESQUERDO","FUNDOS DO CEB / LADO ESQUERDO",-15.807486,-47.909194,true,"Operante","","","07/01/2025 12:00:00","07/01/2025 12:00:00","","100mm",""
"hid_3237","5944","BSB01073","5944","BRASILIA","SCRS 511 Bl. ""C"" LOJA 67 - W3 SUL - BRASÍLIA-DF","EM FRENTE AO Bl. ""C"" LOJA 67","EM FRENTE AO Bl. ""C"" LOJA 67",-15.819289,-47.915547,true,"Operante","","","03/01/2025 10:25:00","03/01/2025 10:25:00","","100mm",""
"hid_3238","5945","BSB01074","5945","BRASILIA","SCRS 511 Bl. ""A"" LOJA 31 - W3 SUL - BRASÍLIA-DF","EM FRENTE AO Bl. ""A"" LOJA 31","EM FRENTE AO Bl. ""A"" LOJA 31",-15.8181,-47.913972,true,"Operante","","","03/01/2025 10:35:00","03/01/2025 10:35:00","","100mm",""
"hid_3239","5946","BSB01075","5946","BRASILIA","SGAS 907 / ESCOLA DE APERFEIÇOAMENTO DOS PROF. DA EDUCAÇÃO - BRASÍLIA-DF","ENTRADA DO PARQUE DA CIDADE","ENTRADA DO PARQUE DA CIDADE",-15.805525,-47.908189,true,"Operante","","","07/01/2025 12:20:00","07/01/2025 12:20:00","","100mm",""
"hid_3240","5947","BSB01076","5947","BRASILIA","SCS QUADRA 03, BLOCO A LOJA 79","EM FRENTE AO EDIFÍCIO CEDRO II","EM FRENTE AO EDIFÍCIO CEDRO II",-15.797578,-47.887461,false,"Inoperante","REGISTRO SOTERRADO","","04/08/2025 10:30:00","04/08/2025 10:30:00","","100mm",""
"hid_3241","5948","PLA00127","5948","PLANALTINA","QR 1 CONJUNTO01 LOTE 22 SETOR OESTE","AREA VERDE FRENTE AO LOTE 22

Processo SEI - CAESB - 00053-00109192/2023-52","AREA VERDE FRENTE AO LOTE 22

Processo SEI - CAESB - 00053-00109192/2023-52",-15.607361,-47.655167,true,"Operante","","","27/01/2026 16:54:00","27/01/2026 16:54:00","","100mm",""
"hid_3242","5949","PLA00128","5949","PLANALTINA","QD.26C CONJUNTO B","AREA VERDE PROXIMO A ROTATORIA","AREA VERDE PROXIMO A ROTATORIA",-15.620833,-47.642806,false,"Inoperante","FALTAM BUJÕES E TAMPÕES ; HIDRANTE QUEBRADO NO FLANGE","","30/01/2026 10:35:00","30/01/2026 10:35:00","","100mm",""
"hid_3243","5950","PLA00129","5950","PLANALTINA","AREA ESPECIAL 09 SETOR DE AREAS ESPECIAIS NORTE","CASA DE VIVENCIA - SLU","CASA DE VIVENCIA - SLU",-15.611917,-47.650167,true,"Operante","","","30/01/2026 09:16:00","30/01/2026 09:16:00","","100mm",""
"hid_3244","5952","PLA00130","5952","PLANALTINA","QUADRA 26 ÁREA ESPECIAL 02 - BURITI III","EM FRENTE A ASSEMBLEIA DE DEUS

Processo SEI - CAESB - 00053-00109192/2023-52","EM FRENTE A ASSEMBLEIA DE DEUS

Processo SEI - CAESB - 00053-00109192/2023-52",-15.624139,-47.641722,true,"Operante","","","09/02/2026 10:59:00","09/02/2026 10:59:00","","100mm",""
"hid_3245","5953","PLA00131","5953","PLANALTINA","QUADRA 13 CONJUNTO 03 CASA 07","AO LADO DIREITO DA CASA 07 - BURITI III","AO LADO DIREITO DA CASA 07 - BURITI III",-15.613167,-47.633944,true,"Operante","","","06/02/2026 16:11:00","06/02/2026 16:11:00","","100mm",""
"hid_3246","5954","PLA00132","5954","PLANALTINA","HORTA COMUNITÁRIA RUA C - AO LADO DO LOTE 39","AO LADO DO LOTE 39","AO LADO DO LOTE 39",-15.624861,-47.639778,true,"Operante","","","06/02/2026 16:15:00","06/02/2026 16:15:00","","100mm",""
"hid_3247","5955","SAM00368","5955","SAMAMBAIA","QR - 223 CONJUNTO 05 CASA 11","EM FRENTE Á RESIDÊNCIA","EM FRENTE Á RESIDÊNCIA",-15.889754,-48.122886,false,"Inoperante","FALTA FLANGE; FALTAM BUJÕES E TAMPÕES ; FALTAM DOIS TAMPÕES DE 2 1/2","","28/04/2025 12:02:00","28/04/2025 12:02:00","","100mm",""
"hid_3248","5956","PLA00133","5956","PLANALTINA","QUADRA K CONJUNTO 02 CASA 01 SETOR RES. OESTE","ROTATÓRIA 

Processo SEI - CAESB - 00053-00109192/2023-52","ROTATÓRIA 

Processo SEI - CAESB - 00053-00109192/2023-52",-15.607417,-47.657972,true,"Operante","","","27/01/2026 16:55:00","27/01/2026 16:55:00","","100mm",""
"hid_3249","5957","PLA00150","5957","PLANALTINA","QUADRA 13 LOTE 09 AV. SAO PAULO","AV. SAO PAULO","AV. SAO PAULO",-15.61375,-47.655861,true,"Operante","FALTA CABEÇOTE DA HASTE DO REGISTRO (LUVA)","","28/01/2026 15:20:00","28/01/2026 15:20:00","","100mm",""
"hid_3250","5958","PLA00135","5958","PLANALTINA","QUADRA 16 LOTE 23 - SETOR TRADICIONAL","ESQUINA DA QUADRA 16

Processo SEI - CAESB - 00053-00109192/2023-52","ESQUINA DA QUADRA 16

Processo SEI - CAESB - 00053-00109192/2023-52",-15.613611,-47.65925,true,"Operante","","","28/01/2026 15:16:00","28/01/2026 15:16:00","","100mm",""
"hid_3251","5959","PLA00136","5959","PLANALTINA","QUADRA 25 LOTE 09 AV. SAO PAULO","AO LADO DA LOJA 02/03","AO LADO DA LOJA 02/03",-15.617444,-47.656389,true,"Operante","","","28/01/2026 15:28:00","28/01/2026 15:28:00","","100mm",""
"hid_3252","5960","PLA00137","5960","PLANALTINA","QUADRA 29 LOTE 26 AV, SALVADOR COELHO","LATERAL DO LOTE 26 AV, SALVADOR COELHO","LATERAL DO LOTE 26 AV, SALVADOR COELHO",-15.616194,-47.6605,false,"Inoperante","FALTA FLANGE; FALTA TAMPÃO DE 2.1/2""; TAMPA DE CONCRETO QUEBRADA OU REMOVIDA","","28/01/2026 15:05:00","28/01/2026 15:05:00","","100mm",""
"hid_3253","5961","PLA00138","5961","PLANALTINA","SETOR ADM - VIA QL 02","ENXOVAIS PAULISTA","ENXOVAIS PAULISTA",-15.618167,-47.651333,false,"Inoperante","HIDRANTE SEM ÁGUA","","28/01/2026 16:41:00","28/01/2026 16:41:00","","100mm",""
"hid_3254","5962","BSB01077","5962","BRASILIA","SRPS -ESTACIONAMENTO 08 PARQUE DA CIDADE","EM FRENTE AO INSTITUTO TAKESHI MIURA.","EM FRENTE AO INSTITUTO TAKESHI MIURA.",-15.809336,-47.917061,false,"Inoperante","CAIXA DE REGISTRO SOTERRADA","","15/01/2025 14:19:00","15/01/2025 14:19:00","","100mm",""
"hid_3255","5963","PLA00139","5963","PLANALTINA","QUADRA 18 lote 09 VILA VICENTINA","AO LADO DA IGREJA ASSEMBLÉIA DE DEUS


Processo SEI - CAESB 00053-00115466/2023-42","AO LADO DA IGREJA ASSEMBLÉIA DE DEUS


Processo SEI - CAESB 00053-00115466/2023-42",-15.632361,-47.655556,false,"Inoperante","FALTAM BUJÕES E TAMPÕES","","28/01/2026 15:59:00","28/01/2026 15:59:00","","100mm",""
"hid_3256","5964","PLA00140","5964","PLANALTINA","QUADRA 17 CASA 08 VILA VICENTINA","AO LADO DA CASA 08","AO LADO DA CASA 08",-15.631389,-47.65325,true,"Operante","","","28/01/2026 16:03:00","28/01/2026 16:03:00","","100mm",""
"hid_3257","5965","BSB01078","5965","BRASILIA","SGAS 607","CANTEIRO CENTRAL EM FRENTE A SECRETARIA DE INCLUSÃO EDUCACIONAL","CANTEIRO CENTRAL EM FRENTE A SECRETARIA DE INCLUSÃO EDUCACIONAL",-15.820983,-47.895333,true,"Operante","","","17/03/2026 19:52:00","17/03/2026 19:52:00","","100mm",""
"hid_3258","5966","PLA00141","5966","PLANALTINA","MODULO K CASA17 ESTANCIA I - MESTRE DARMAS","FRENTE CASA 17","FRENTE CASA 17",-15.617278,-47.675306,true,"Operante","","","27/01/2026 17:06:00","27/01/2026 17:06:00","","100mm",""
"hid_3259","5967","JAR00052","5967","JARDIM BOTANICO","ST. DE MANSÕES DOM BOSCO 4 - JARDIM BOTÂNICO","PRÓXIMO A ENTRADA DA ESCOLA SUPERIOR DE QUERRA","PRÓXIMO A ENTRADA DA ESCOLA SUPERIOR DE QUERRA",-15.868303,-47.822233,true,"Operante","","","25/11/2025 08:00:00","25/11/2025 08:00:00","","100mm",""
"hid_3260","5968","PLA00142","5968","PLANALTINA","RESIDENCIAL D.V.O RUA 07 CASA 1-A","RUA 07 CASA 1-A","RUA 07 CASA 1-A",-15.622694,-47.71175,true,"Operante","","","28/01/2026 14:11:00","28/01/2026 14:11:00","","100mm",""
"hid_3261","5969","LAS00115","5969","LAGO SUL","QI 19 CONJUNTO 10 CASA 02","LATERAL DA CASA 02.","LATERAL DA CASA 02.",-15.86355,-47.859233,true,"Operante","","","02/01/2025 09:38:00","02/01/2025 09:38:00","","100mm","/hidrantes/lago_sul/LAS00115.jpeg"
"hid_3262","5970","LAS00116","5970","LAGO SUL","QI 19 CONJUNTO 01","FUNDOS DA CASA 15 / VIA EPDB","FUNDOS DA CASA 15 / VIA EPDB",-15.858464,-47.865406,true,"Operante","","","18/06/2025 13:30:00","18/06/2025 13:30:00","","100mm","/hidrantes/lago_sul/LAS00116.jpeg"
"hid_3263","5971","LAS00117","5971","LAGO SUL","QI 19 CONJUNTO 03 CASA 01","FUNDOS DA CASA 01","FUNDOS DA CASA 01",-15.861856,-47.864039,true,"Operante","","","02/01/2025 09:18:00","02/01/2025 09:18:00","","100mm","/hidrantes/lago_sul/LAS00117.jpeg"
"hid_3264","5972","LAS00118","5972","LAGO SUL","QI 17 CONJUNTO 12 CASA 01","FRENTE CASA 01","FRENTE CASA 01",-15.8665,-47.874681,true,"Operante","","","16/01/2025 10:45:00","16/01/2025 10:45:00","","100mm","/hidrantes/lago_sul/LAS00118.jpeg"
"hid_3265","5973","TAG00196","5973","TAGUATINGA","CSB 09 LOTE 01 - Taguatinga SUL, Brasília - DF, Brasil","NA VIA DE ACESSO AV. COMERCIAL SUL - EM FRENTE AO LADO ESQUERDO DA IGREJA BATISTA FILADÉLFIA/PRÓX. AO MARISTA","NA VIA DE ACESSO AV. COMERCIAL SUL - EM FRENTE AO LADO ESQUERDO DA IGREJA BATISTA FILADÉLFIA/PRÓX. AO MARISTA",-15.840639,-48.049778,false,"Inoperante","FALTA TAMPÃO DE 4""","","21/02/2025 07:32:00","21/02/2025 07:32:00","","100mm",""
"hid_3266","5974","JAR00053","5974","JARDIM BOTANICO","Complexo Penitenciario da Papuda - (CIR)","Complexo Penitenciario da Papuda - (CIR)","Complexo Penitenciario da Papuda - (CIR)",-15.914361,-47.786444,true,"Operante","","","17/11/2025 08:00:00","17/11/2025 08:00:00","","100mm",""
"hid_3267","5976","GUA00128","5976","GUARA","QE 40 RUA 15 LOTE 25","FRENTE LOTE 25","FRENTE LOTE 25",-15.850361,-47.977572,false,"Inoperante","REGISTRO COM VAZAMENTO","Caixa inundada.","14/07/2026 10:58:00","14/07/2026 10:58:00","","100mm",""
"hid_3268","5977","STM00243","5977","SANTA MARIA","Qr 309 Conjunto F - Santa Maria, Brasília - DF, 72509-513, Brasil","Em frente à casa 10 / Via de acesso à Av. Santa Maria","Em frente à casa 10 / Via de acesso à Av. Santa Maria",-16.025286,-48.020432,true,"Operante","","","07/04/2026 20:30:00","07/04/2026 20:30:00","","100mm",""
"hid_3269","5978","GUA00123","5978","GUARA","SQB ENTRADA DO SALÃO DE FESTA","ENTRADA DO SALÃO DE FESTA","ENTRADA DO SALÃO DE FESTA",-15.811911,-47.993975,true,"Operante","","","20/08/2026 11:06:00","20/08/2026 11:06:00","","100mm",""
"hid_3270","5979","SOB00046","5979","SOBRADINHO","Quadra 06 Rua F setor de Indústria AE 01","EM FRENTE A SUBESTAÇÃO DE TRATAMENTO DE ESGOTOS DA CAESB.","EM FRENTE A SUBESTAÇÃO DE TRATAMENTO DE ESGOTOS DA CAESB.",-15.661639,-47.810123,true,"Operante","","","14/07/2025 10:05:00","14/07/2025 10:05:00","","100mm",""
"hid_3271","5980","SOB00047","5980","SOBRADINHO","Quadra 17 conjunto J - Residêncial Mariana - Fundos","Fundos, área verde","Fundos, área verde",-15.64425,-47.772917,true,"Operante","","","11/07/2025 08:00:00","11/07/2025 08:00:00","","100mm",""
"hid_3272","5981","SOB00048","5981","SOBRADINHO","QUADRA 10 COMÉRCIO LOCAL 12 LOJA 01","ESTACIONAMENTO DO COMÉRCIO","ESTACIONAMENTO DO COMÉRCIO",-15.640028,-47.801611,true,"Operante","","","14/07/2025 10:25:00","14/07/2025 10:25:00","","100mm",""
"hid_3273","5982","SOB00049","5982","SOBRADINHO","Quadra 02 Conjunto A Casas 20 - Sobradinho - DF","Lateral do Edifício Rio Preto (Área verde)","Lateral do Edifício Rio Preto (Área verde)",-15.657889,-47.803,true,"Operante","","","10/07/2025 10:44:00","10/07/2025 10:44:00","","100mm",""
"hid_3274","5983","BSB01079","5983","BRASILIA","SOFN - Q. 02 CONJUNTO A LOTE 02","EM FRENTE AO LOTE 02","EM FRENTE AO LOTE 02",-15.750186,-47.926364,true,"Operante","","","14/01/2025 11:38:00","14/01/2025 11:38:00","","100mm",""
"hid_3275","5988","SO200016","5988","SOBRADINHO II","QR 04 CONJUNTO C CASA 22","FRENTE CASA 22","FRENTE CASA 22",-15.649917,-47.827639,true,"Operante","REGISTRO COM VAZAMENTO","","14/01/2026 15:11:00","14/01/2026 15:11:00","","100mm",""
"hid_3276","5989","SO200017","5989","SOBRADINHO II","QR 03 CONJUNTO 01 CASA 01","frente a casa 01","frente a casa 01",-15.647,-47.829361,true,"Operante","","","14/01/2026 14:40:00","14/01/2026 14:40:00","","100mm",""
"hid_3277","5990","SO200018","5990","SOBRADINHO II","Grande Colorado, Condomínio Vivendas Bela Vista, entre módulo E39 e E42","Entre módulo E39 e E 42","Entre módulo E39 e E 42",-15.656167,-47.863111,true,"Operante","","","14/01/2026 17:14:00","14/01/2026 17:14:00","","100mm",""
"hid_3278","5991","SO200019","5991","SOBRADINHO II","Grande Colorado, Condomínio Vivendas Bela Vista, ao módulo J17","Frente ao módulo J17","Frente ao módulo J17",-15.657389,-47.863333,true,"Operante","FALTA CABEÇOTE DA HASTE DO REGISTRO (LUVA)","","14/01/2026 17:10:00","14/01/2026 17:10:00","","100mm",""
"hid_3279","5992","SO200020","5992","SOBRADINHO II","Grande Colorado, Condomínio Vivendas Bela Vista, entre módulo B25 e B23","Entre modulo B25 / B23","Entre modulo B25 / B23",-15.658694,-47.861833,true,"Operante","FALTA CABEÇOTE DA HASTE DO REGISTRO (LUVA)","","14/01/2026 17:05:00","14/01/2026 17:05:00","","100mm",""
"hid_3280","5993","SIA00131","5993","SIA (SETOR DE INDUSTRIA E ABASTECIMENTO)","SOF SUL QUADRA 10 CONJ. B LOTE 08","FRENTE AO CONJ. B LOTE 08","FRENTE AO CONJ. B LOTE 08",-15.823733,-47.958306,true,"Operante","","","14/07/2026 11:21:00","14/07/2026 11:21:00","","100mm",""
"hid_3281","5994","SIA00132","5994","SIA (SETOR DE INDUSTRIA E ABASTECIMENTO)","SIA AE NOVACAP","FRENTE AO PORTÃO DA NOVACAP","FRENTE AO PORTÃO DA NOVACAP",-15.81678,-47.950912,true,"Operante","","","22/07/2026 09:36:00","22/07/2026 09:36:00","","100mm",""
"hid_3282","5995","SIA00133","5995","SIA (SETOR DE INDUSTRIA E ABASTECIMENTO)","SIA SGCV LOTE 01.","EM FRENTE A DECATHLON","EM FRENTE A DECATHLON",-15.819615,-47.951365,true,"Operante","","","22/07/2026 09:38:00","22/07/2026 09:38:00","","100mm",""
"hid_3283","5996","SOB00050","5996","SOBRADINHO","TORRE DIGITAL","ENTRADA DO ESTACIONAMENTO - ÁREA VERDE","ENTRADA DO ESTACIONAMENTO - ÁREA VERDE",-15.699111,-47.828167,true,"Operante","","","12/01/2026 15:44:00","12/01/2026 15:44:00","","100mm",""
"hid_3284","5997","SOB00051","5997","SOBRADINHO","CONJUNTO 01 CASA 03 - RODOVIA 001 PARQUE RODOVIARIO D.E.R","RESIDENCIAL DOS ENGENHEIROS ENTRE A CASA 02/03","RESIDENCIAL DOS ENGENHEIROS ENTRE A CASA 02/03",-15.691944,-47.850167,true,"Operante","","","12/01/2026 15:26:00","12/01/2026 15:26:00","","100mm",""
"hid_3285","5998","SOB00052","5998","SOBRADINHO","CONJUNTO 01 CASA 06 - RODOVIA 001 PARQUE RODOVIARIO D.E.R","RESIDENCIAL DOS ENGENHEIROS ENTRE A CASA 06/07","RESIDENCIAL DOS ENGENHEIROS ENTRE A CASA 06/07",-15.692028,-47.848306,true,"Operante","","","12/01/2026 15:27:00","12/01/2026 15:27:00","","100mm",""
"hid_3286","5999","SOB00053","5999","SOBRADINHO","RODOVIA 001 PARQUE RODOVIARIO D.E.R - 2º DISTRITO","PROX. A ADNINISTRAÇÃO","PROX. A ADNINISTRAÇÃO",-15.689389,-47.854,true,"Operante","","","12/01/2026 15:05:00","12/01/2026 15:05:00","","100mm",""
"hid_3287","6000","SOB00054","6000","SOBRADINHO","RODOVIA 001 PARQUE RODOVIARIO D.E.R - 2º DISTRITO","ENTRE O POSTO DE COMBUSTÍVEL E O DEMAT","ENTRE O POSTO DE COMBUSTÍVEL E O DEMAT",-15.689361,-47.850694,true,"Operante","","","12/01/2026 15:18:00","12/01/2026 15:18:00","","100mm",""
"hid_3288","6001","SOB00055","6001","SOBRADINHO","RODOVIA 001 PARQUE RODOVIARIO D.E.R - 2º DISTRITO","EM AO NALMO","EM AO NALMO",-15.689139,-47.85175,true,"Operante","","","12/01/2026 15:08:00","12/01/2026 15:08:00","","100mm",""
"hid_3289","6002","SOB00056","6002","SOBRADINHO","CONDOMINIO NOVA COLINA - 01 CONJUNTO ""C"" AO LADO DA CASA 01","AO LADO DA CASA 01","AO LADO DA CASA 01",-15.646667,-47.758722,true,"Operante","","","12/01/2026 16:21:00","12/01/2026 16:21:00","","100mm",""
"hid_3290","6003","SOB00057","6003","SOBRADINHO","CONDOMINIO RECANTO DA SERRA - FRENTE PARA DF 430","FRENTE PARA DF 430","FRENTE PARA DF 430",-15.660944,-47.756722,false,"Inoperante","FALTA TAMPÃO DE 2.1/2""; FALTA TAMPÃO DE 4""","","12/01/2026 15:59:00","12/01/2026 15:59:00","","100mm",""
"hid_3291","6004","SIA00134","6004","SIA (SETOR DE INDUSTRIA E ABASTECIMENTO)","SIA SGCV - PARK SHOPPING / ENTRADA B - DOCA 4.","EM FRENTE A DOCA 4.","EM FRENTE A DOCA 4.",-15.834262,-47.954408,true,"Operante","","","23/07/2026 11:26:00","23/07/2026 11:26:00","","100mm",""
"hid_3292","6005","SIA00135","6005","SIA (SETOR DE INDUSTRIA E ABASTECIMENTO)","SIA SGCV - PARK SHOPPING / ENTRADA DA HOTZONE.","EM FRENTE A ENTRADA DA HOTZONE.","EM FRENTE A ENTRADA DA HOTZONE.",-15.832771,-47.956349,false,"Inoperante","TAMPA DA CAIXA LACRADA (CONCRETADA)","","14/07/2026 11:27:00","14/07/2026 11:27:00","","100mm",""
"hid_3293","6006","SO200021","6006","SOBRADINHO II","condominio residencial versalis conjunto b casa 06","frente casa 06","frente casa 06",-15.646306,-47.836278,true,"Operante","","","14/01/2026 16:27:00","14/01/2026 16:27:00","","100mm",""
"hid_3294","6008","SEB00089","6008","SAO SEBASTIAO","Parque dos Ipês Condomínio Crixá 07","Condomínio Crixá 07","Condomínio Crixá 07",-15.921806,-47.761278,true,"Operante","","","24/09/2025 08:00:00","24/09/2025 08:00:00","","100mm",""
"hid_3295","6009","SEB00090","6009","SAO SEBASTIAO","Avenida Crixá - Entrada/Saída para o Condomínio Crixa","Avenida Crixá - Ao lado da Escola Classe Parque dos Ipês","Avenida Crixá - Ao lado da Escola Classe Parque dos Ipês",-15.917556,-47.759361,true,"Operante","","","24/09/2025 08:30:00","24/09/2025 08:30:00","","100mm",""
"hid_3296","6010","PAR00089","6010","PARANOA","QUADRA 02 CONJUNTO K","FUNDOS DO HOSPITAL DO PARANOÁ","FUNDOS DO HOSPITAL DO PARANOÁ",-15.782139,-47.782139,false,"Inoperante","TAMPA DA CAIXA LACRADA (CONCRETADA)","","24/10/2025 10:00:00","24/10/2025 10:00:00","","100mm",""
"hid_3297","6011","FER00005","6011","FERCAL","CENTRO EDUCACIONAL FERCAL DF -205","AO LADO DA PARADA DE ONIBUS","AO LADO DA PARADA DE ONIBUS",-15.590472,-47.88075,false,"Inoperante","HIDRANTE SEM ÁGUA","","15/01/2026 10:05:00","15/01/2026 10:05:00","","100mm",""
"hid_3298","6013","GUA00125","6013","GUARA","QI 02 CONJ. B CASA 65","FRENTE A CASA 65 / ÁREA VERDE","FRENTE A CASA 65 / ÁREA VERDE",-15.813572,-47.981475,true,"Operante","","","05/08/2026 09:25:00","05/08/2026 09:25:00","","100mm",""
"hid_3299","6015","GUA00127","6015","GUARA","QE 02 AE / FUNDOS DO 13º GBM.","FUNDOS DO 13º GBM.","FUNDOS DO 13º GBM.",-15.817181,-47.982561,true,"Operante","","","05/08/2026 09:53:00","05/08/2026 09:53:00","","100mm",""
"hid_3300","6016","ITA00014","6016","ITAPOÃ","Avenida Del Lago Quadra 13 Lote 12","Frente ao Lava Jato","Frente ao Lava Jato",-15.751222,-47.777917,false,"Inoperante","REGISTRO DANIFICADO","","28/11/2025 10:00:00","28/11/2025 10:00:00","","100mm",""
"hid_3301","6017","ITA00015","6017","ITAPOÃ","Avenida Del Lago Quadra 21 Lote 01 - Itapoã","Frente ao Lote 01","Frente ao Lote 01",-15.750611,-47.776528,true,"Operante","","","28/11/2025 11:00:00","28/11/2025 11:00:00","","100mm",""
"hid_3302","6018","ITA00016","6018","ITAPOÃ","FAZENDINHA QUADRA 03 CONJUNTO A CASA 177","MURÃO","MURÃO",-15.749278,-47.7625,false,"Inoperante","FALTA TAMPÃO DE 2.1/2""; FALTA TAMPÃO DE 4""","","26/11/2025 11:00:00","26/11/2025 11:00:00","","100mm",""
"hid_3303","6019","ITA00017","6019","ITAPOÃ","QUADRA 501 CONJUNTO 01 LOTE 10 - CONDOMÍNIO 62 - ITAPOÃ PARQUE","CONDOMÍNIO 62","CONDOMÍNIO 62",-15.733556,-47.7855,true,"Operante","","","01/12/2025 11:00:00","01/12/2025 11:00:00","","100mm",""
"hid_3304","6020","ITA00018","6020","ITAPOÃ","QUADRA 501 CONJUNTO 02 LOTE 11 - CONDOMÍNIO 66 - ITAPOÃ PARQUE","CONDOMÍNIO 66","CONDOMÍNIO 66",-15.732111,-47.783639,true,"Operante","","","01/12/2025 12:00:00","01/12/2025 12:00:00","","100mm",""
"hid_3305","6021","ITA00019","6021","ITAPOÃ","QUADRA 502 CONJUNTO 01 LOTE 03 - CONDOMÍNIO 54 - ITAPOÃ PARQUE","APÓS A ESCOLA CLASSE 502","APÓS A ESCOLA CLASSE 502",-15.732694,-47.781472,true,"Operante","","","15/01/2026 11:00:00","15/01/2026 11:00:00","","100mm",""
"hid_3306","6022","ITA00020","6022","ITAPOÃ","QUADRA 502 CONJUNTO 01 LOTE 12 - CONDOMÍNIO 73 - ITAPOÃ PARQUE","CONDOMÍNIO 73","CONDOMÍNIO 73",-15.730639,-47.780472,true,"Operante","","","15/01/2026 10:28:00","15/01/2026 10:28:00","","100mm",""
"hid_3307","6023","ITA00021","6023","ITAPOÃ","QUADRA 502 CONJUNTO 01 LOTE 03 - CONDOMÍNIO 54 - ITAPOÃ PARQUE","CONDOMÍNIO 54","CONDOMÍNIO 54",-15.734111,-47.77925,false,"Inoperante","TAMPA DA CAIXA LACRADA (CONCRETADA)","","15/01/2026 10:58:00","15/01/2026 10:58:00","","100mm",""
"hid_3308","6025","ITA00022","6025","ITAPOÃ","QUADRA 502 CONJUNTO 01 LOTE 03 - CONDOMÍNIO 54 - ITAPOÃ PARQUE","CONDOMÍNIO 54","CONDOMÍNIO 54",-15.735194,-47.780556,true,"Operante","","","15/01/2026 11:00:00","15/01/2026 11:00:00","","100mm",""
"hid_3309","6026","REC00191","6026","RECANTO DAS EMAS","Q 311 lote 1","Em frente à guarita da CAESB","Em frente à guarita da CAESB",-15.932235,-48.111266,true,"Operante","","","08/06/2026 10:57:00","08/06/2026 10:57:00","","100mm",""
"hid_3310","6028","LAN00148","6028","LAGO NORTE","SHIN - QI 02 CONJ 11 CASA 02","Lateral direita casa 02","Lateral direita casa 02",-15.724222,-47.8845,true,"Operante","","","19/12/2025 12:41:00","19/12/2025 12:41:00","","100mm",""
"hid_3311","6029","LAN00149","6029","LAGO NORTE","SHIN - QL 08 CONJUNTO 08 CASA 02","Frente Casa 02","Frente Casa 02",-15.745972,-47.859194,false,"Inoperante","HIDRANTE SEM ÁGUA","","04/12/2025 09:00:00","04/12/2025 09:00:00","","100mm",""
"hid_3312","6030","BSB01080","6030","BRASILIA","SGAS 914 BLOCO 'C'","EM FRENTE A PAROQUIA SANTO CURA D'ARS","EM FRENTE A PAROQUIA SANTO CURA D'ARS",-15.822164,-47.925564,true,"Operante","","","07/01/2025 09:00:00","07/01/2025 09:00:00","","100mm",""
"hid_3313","6031","LAN00150","6031","LAGO NORTE","SHIN - QI 1 CONJUNTO 13","SHIN - QI 1 CONJUNTO 13","SHIN - QI 1 CONJUNTO 13",-15.747389,-47.839611,true,"Operante","","","04/02/2025 10:10:00","04/02/2025 10:10:00","","100mm",""
"hid_3314","6032","BSB01081","6032","BRASILIA","SQS 102 ENTRE OS BLOCOS J/H","ENTRE OS BLOCOS J/H","ENTRE OS BLOCOS J/H",-15.804531,-47.889461,true,"Operante","","","06/08/2025 09:30:00","06/08/2025 09:30:00","","100mm",""
"hid_3315","6033","LAN00151","6033","LAGO NORTE","QI 11CONJUNTO 04 CASA 02","FUNDOS DA CASA 02","FUNDOS DA CASA 02",-15.749722,-47.840111,true,"Operante","","","11/02/2025 13:10:00","11/02/2025 13:10:00","","100mm",""
"hid_3316","6034","LAN00152","6034","LAGO NORTE","QL 09 CONJUNTO 01 CASA 02","LATERAL CASA 02","LATERAL CASA 02",-15.743472,-47.84475,true,"Operante","","","11/02/2025 11:26:00","11/02/2025 11:26:00","","100mm",""
"hid_3317","6035","LAN00153","6035","LAGO NORTE","QL 09 CONJUNTO03 CASA01","FUNDOS DA CASA 01","FUNDOS DA CASA 01",-15.742194,-47.845694,true,"Operante","","","11/02/2025 11:01:00","11/02/2025 11:01:00","","100mm",""
"hid_3318","6037","LAN00154","6037","LAGO NORTE","QL 09 CONIUNTO 01 CASA02","LATERAL CASA 02","LATERAL CASA 02",-15.741111,-47.84675,true,"Operante","","","11/02/2025 09:25:00","11/02/2025 09:25:00","","100mm",""
"hid_3319","6038","BSB01082","6038","BRASILIA","SQS 109 BLOCO 'B'","FRENTE AO BLOCO 'B'","FRENTE AO BLOCO 'B'",-15.818089,-47.906197,true,"Operante","","","17/07/2025 08:00:00","17/07/2025 08:00:00","","100mm",""
"hid_3320","6039","BSB01083","6039","BRASILIA","SMAS TRECHO 03 BLOCO 'E'","FRENTE AO ED. THE UNION","FRENTE AO ED. THE UNION",-15.836131,-47.949931,true,"Operante","","","21/01/2026 14:32:00","21/01/2026 14:32:00","","100mm",""
"hid_3321","6040","BSB01084","6040","BRASILIA","SMAS TRECHO 03","FRENTE AO ASSAI","FRENTE AO ASSAI",-15.833453,-47.949269,true,"Operante","","","08/07/2025 13:30:00","08/07/2025 13:30:00","","100mm",""
"hid_3322","6041","SUD00086","6041","SUDOESTE E OCTOGONAL","CCSW 2 BLOCO A","FRENTE AO RESIDENCIAL GERALDO CARNEIRO","FRENTE AO RESIDENCIAL GERALDO CARNEIRO",-15.796067,-47.927147,true,"Operante","","","07/08/2025 08:00:00","07/08/2025 08:00:00","","100mm",""
"hid_3323","6042","LAN00155","6042","LAGO NORTE","SHIN C.A 06 CONJUNTO 06","FRENTE A CHÁCARA 25","FRENTE A CHÁCARA 25",-15.7105,-47.886833,true,"Operante","","","08/01/2026 15:03:00","08/01/2026 15:03:00","","100mm",""
"hid_3324","6043","LAN00156","6043","LAGO NORTE","CA 05 LOTE - L1","VARANDAS DO LAGO NORTE II","VARANDAS DO LAGO NORTE II",-15.715667,-47.884444,true,"Operante","","","08/01/2026 14:11:00","08/01/2026 14:11:00","","100mm",""
"hid_3325","6044","BSB01085","6044","BRASILIA","SMAS TRECHO 4 CONJUNTO 5.","LADO ESQUERDO DA RODOVIÁRIA INTERESTADUAL DE BRASÍLIA.","LADO ESQUERDO DA RODOVIÁRIA INTERESTADUAL DE BRASÍLIA.",-15.832128,-47.948458,true,"Operante","","","08/07/2025 14:00:00","08/07/2025 14:00:00","","100mm",""
"hid_3326","6045","SEB00091","6045","SAO SEBASTIAO","QUADRA 204 AV. PRINCIPAL","EM FRENTE AO STUDIO ROCHA FITNSS","EM FRENTE AO STUDIO ROCHA FITNSS",-15.897778,-47.783417,true,"Operante","","","22/09/2025 08:00:00","22/09/2025 08:00:00","","100mm",""
"hid_3327","6047","SEB00092","6047","SAO SEBASTIAO","QUADRA 202 conjunto 02 lote 27 AV. PRINCIPAL","AO LADO DA LOJA CONSTRUMAIS","AO LADO DA LOJA CONSTRUMAIS",-15.901667,-47.778667,true,"Operante","","","26/09/2025 10:30:00","26/09/2025 10:30:00","","100mm",""
"hid_3328","6050","SEB00093","6050","SAO SEBASTIAO","Quadra 02 conjunto 09 casa 16 (lateral)","Vila olímpica","Vila olímpica",-15.889472,-47.780833,true,"Operante","","","22/09/2025 09:15:00","22/09/2025 09:15:00","","100mm",""
"hid_3329","6051","SEB00094","6051","SAO SEBASTIAO","Centro de Ensino Fundamental São Bartolomeu","Em frente ao colégio São Bartolomeu","Em frente ao colégio São Bartolomeu",-15.893528,-47.778806,true,"Operante","","","22/09/2025 09:22:00","22/09/2025 09:22:00","","100mm",""
"hid_3330","6052","SEB00095","6052","SAO SEBASTIAO","QUADRA 104 CONJUNTO 03 CASA 19","ESQUINA DA AREA VERDE","ESQUINA DA AREA VERDE",-15.894111,-47.781194,true,"Operante","","","22/09/2025 09:00:00","22/09/2025 09:00:00","","100mm",""
"hid_3331","6053","SEB00096","6053","SAO SEBASTIAO","QUADRA 301 CONJUNTO 10 CASA 15","CASA 15","CASA 15",-15.906417,-47.778944,true,"Operante","","","23/09/2025 11:00:00","23/09/2025 11:00:00","","100mm",""
"hid_3332","6054","BSB01086","6054","BRASILIA","SCES TRECHO 02 - ASBAC.","FRENTE AO GINASIO DE ESPORTE.","FRENTE AO GINASIO DE ESPORTE.",-15.817814,-47.869292,true,"Operante","","","17/03/2026 19:53:00","17/03/2026 19:53:00","","100mm",""
"hid_3333","6055","BSB01087","6055","BRASILIA","SCES TRECHO 02 - ASBAC.","FUNDOS DO GINASIO DE ESPORTE.","FUNDOS DO GINASIO DE ESPORTE.",-15.817119,-47.869347,true,"Operante","","","21/01/2026 14:31:00","21/01/2026 14:31:00","","100mm",""
"hid_3334","6056","BSB01088","6056","BRASILIA","SCES TRECHO 02 - ASBAC.","FRENTE AO SALÃO DE FESTA, LADO DIREITO DA RAMPA DE ACESSO.","FRENTE AO SALÃO DE FESTA, LADO DIREITO DA RAMPA DE ACESSO.",-15.819003,-47.869753,true,"Operante","","","13/08/2025 11:00:00","13/08/2025 11:00:00","","100mm",""
"hid_3335","6057","BSB01089","6057","BRASILIA","SGAS 915","FRENTE AO ED. ADVANCE.","FRENTE AO ED. ADVANCE.",-15.821747,-47.927814,true,"Operante","","","02/07/2025 11:30:00","02/07/2025 11:30:00","","100mm",""
"hid_3336","6058","BSB01090","6058","BRASILIA","SGAS 914","ANTIGO HOSPITAL PLANALTO","ANTIGO HOSPITAL PLANALTO",-15.820675,-47.926311,true,"Operante","","","02/07/2025 12:20:00","02/07/2025 12:20:00","","100mm",""
"hid_3337","6059","BSB01091","6059","BRASILIA","SHS 715/716","FRENTE A LBV","FRENTE A LBV",-15.824569,-47.929094,false,"Inoperante","HIDRANTE QUEBRADO","","23/05/2025 11:00:00","23/05/2025 11:00:00","","100mm",""
"hid_3338","6060","BSB01092","6060","BRASILIA","SHIGS 715 ENTRE OS BLOCOS C/D.","FRENTE AO HOSPITAL PACINI","FRENTE AO HOSPITAL PACINI",-15.824239,-47.927092,true,"Operante","","","02/07/2025 11:00:00","02/07/2025 11:00:00","","100mm",""
"hid_3339","6061","LAS00119","6061","LAGO SUL","SHIS QI 23 CONJUNTO 17 CASA 01.","FUNDOS DA CASA 01.","FUNDOS DA CASA 01.",-15.849219,-47.840125,true,"Operante","","","13/06/2025 11:20:00","13/06/2025 11:20:00","","100mm","/hidrantes/lago_sul/LAS00119.jpeg"
"hid_3340","6066","LAS00122","6066","LAGO SUL","SHIS QI 23 CONJUNTO 18 CASA 04.","FUNDOS DA CASA 04.","FUNDOS DA CASA 04.",-15.850275,-47.845253,true,"Operante","","","13/06/2025 11:30:00","13/06/2025 11:30:00","","100mm","/hidrantes/lago_sul/LAS00122.jpeg"
"hid_3341","6067","LAS00123","6067","LAGO SUL","SHIS QI 23 CONJUNTO 19 CASA 23.","FUNDOS DA CASA 23.","FUNDOS DA CASA 23.",-15.850833,-47.847436,true,"Operante","","","13/06/2025 11:40:00","13/06/2025 11:40:00","","100mm","/hidrantes/lago_sul/LAS00123.jpeg"
"hid_3342","6068","BSB01095","6068","BRASILIA","SQN 514 BLOCO 'B'","FRENTE AO BLOCO 'B'","FRENTE AO BLOCO 'B'",-15.745657,-47.896618,true,"Operante","","","01/07/2025 12:00:00","01/07/2025 12:00:00","","100mm",""
"hid_3343","6069","SEB00097","6069","SAO SEBASTIAO","QUADRA 01 RUA C FRENTE CASA 11/13","PROXIMO A QUADRA DE ESPORTE","PROXIMO A QUADRA DE ESPORTE",-15.886972,-47.817028,true,"Operante","","","09/09/2025 08:30:00","09/09/2025 08:30:00","","100mm",""
"hid_3344","6071","CRU00066","6071","CRUZEIRO","HFA","EM FRENTE A UNIDADE DE INTERNAÇÃO.","EM FRENTE A UNIDADE DE INTERNAÇÃO.",-15.800857,-47.934417,true,"Operante","","","29/07/2026 10:15:00","29/07/2026 10:15:00","","100mm",""
"hid_3345","6072","CRU00067","6072","CRUZEIRO","HFA","EM FRENTE AO LADO ESQUERDO DA UISM.","EM FRENTE AO LADO ESQUERDO DA UISM.",-15.801481,-47.936878,true,"Operante","","","29/07/2026 10:18:00","29/07/2026 10:18:00","","100mm",""
"hid_3346","6073","CRU00068","6073","CRUZEIRO","HFA","FUNDOS AO LADO DIREITO DA UISM.","FUNDOS AO LADO DIREITO DA UISM.",-15.80073,-47.936574,true,"Operante","","","29/07/2026 10:18:00","29/07/2026 10:18:00","","100mm",""
"hid_3347","6074","CRU00069","6074","CRUZEIRO","HFA","FUNDOS AO LADO ESQUERDO DO ICTDF.","FUNDOS AO LADO ESQUERDO DO ICTDF.",-15.801195,-47.936199,true,"Operante","","","29/07/2026 10:18:00","29/07/2026 10:18:00","","100mm",""
"hid_3348","6076","SEB00098","6076","SAO SEBASTIAO","QUADRA 02 RUA E FRENTE CASA 31","FRENTE CASA 31","FRENTE CASA 31",-15.889833,-47.815556,true,"Operante","FALTA CABEÇOTE DA HASTE DO REGISTRO (LUVA)","","09/09/2025 09:15:00","09/09/2025 09:15:00","","100mm",""
"hid_3349","6077","SEB00099","6077","SAO SEBASTIAO","QUADRA 04 RUA H CASA 08","FRENTE CASA 08","FRENTE CASA 08",-15.892417,-47.813917,true,"Operante","","","09/09/2025 09:26:00","09/09/2025 09:26:00","","100mm",""
"hid_3350","6078","BSB01096","6078","BRASILIA","SQN 110 BLOCO 'K'","FRENTE A QUADRA DE ESPORTES.","FRENTE A QUADRA DE ESPORTES.",-15.756281,-47.887528,true,"Operante","","","02/07/2025 09:00:00","02/07/2025 09:00:00","","100mm",""
"hid_3351","7000","PLA00143","7000","PLANALTINA","AVENIDA PRINCIPAL MESTRE D'ARMAS EM FRENTE IGREJA COMUNIDADE ENTRE NAÇÕES","ENTRE A ESCOLA CLASSE 15 E A IGREJA COMUNIDADE ENTRE NAÇÕES","ENTRE A ESCOLA CLASSE 15 E A IGREJA COMUNIDADE ENTRE NAÇÕES",-15.618303,-47.685798,true,"Operante","","","27/01/2026 17:02:00","27/01/2026 17:02:00","","100mm",""
"hid_3352","7001","BSB01097","7001","BRASILIA","SGON Q 5 LOTE 23 - Brasília, DF, 70610-660, Brasil","DENTRO DA SEÇÃO DE LOGÍSTICA","DENTRO DA SEÇÃO DE LOGÍSTICA",-15.774283,-47.911152,true,"Operante","","","23/07/2025 10:00:00","23/07/2025 10:00:00","","100mm",""
"hid_3353","7002","PLA00144","7002","PLANALTINA","BICA DO D.E.R GLEBA D/E","FRENTE A CHÁCARA 12 GLEBA E","FRENTE A CHÁCARA 12 GLEBA E",-15.645079,-47.691068,false,"Inoperante","FALTA TAMPÃO DE 2.1/2""; REGISTRO SOTERRADO","","02/02/2026 09:22:00","02/02/2026 09:22:00","","100mm",""
"hid_3354","7003","PLA00145","7003","PLANALTINA","QUADRA 36 LOTE 01 - BAIRRO NOSSA SENHORA DE FÁTIMA","LATERAL DO LOTE 01","LATERAL DO LOTE 01",-15.638668,-47.660078,false,"Inoperante","FALTAM BUJÕES E TAMPÕES","","28/01/2026 15:56:00","28/01/2026 15:56:00","","100mm",""
"hid_3355","7004","PLA00146","7004","PLANALTINA","QUADRA 58 SETOR TRADICIONAL","FRENTE AO POSTO DE COMBUSTÍVEL PETROBRÁS","FRENTE AO POSTO DE COMBUSTÍVEL PETROBRÁS",-15.620896,-47.662347,true,"Operante","","","28/01/2026 14:53:00","28/01/2026 14:53:00","","100mm",""
"hid_3356","7005","PLA00147","7005","PLANALTINA","Condomínio Mestre D'armas V","Lateral do condomínio Total ville V/via principal","Lateral do condomínio Total ville V/via principal",-15.61412,-47.693523,true,"Operante","","","27/01/2026 17:01:00","27/01/2026 17:01:00","","100mm",""
"hid_3357","7006","BSB01098","7006","BRASILIA","St. de Garagens e Manutenção Norte","Almoxarifado e Depósito do Ministério do Planejamento, Desenvolvimento e Gestão","Almoxarifado e Depósito do Ministério do Planejamento, Desenvolvimento e Gestão",-15.792211,-47.86682,true,"Operante","","","18/08/2025 10:00:00","18/08/2025 10:00:00","","100mm",""
"hid_3358","7007","PLA00148","7007","PLANALTINA","ST. DE AREAS ESPECIAIS NORTE - UBS 20","PARTE INTERNO DA UNIDADE BÁSICA DE SAUDE (UBS 20)","PARTE INTERNO DA UNIDADE BÁSICA DE SAUDE (UBS 20)",-15.612176,-47.653836,true,"Operante","","","30/01/2026 09:00:00","30/01/2026 09:00:00","","100mm",""
"hid_3359","7008","BSB01099","7008","BRASILIA","SQS 403 - FRENTE AO BLOCO D","","",-15.811113,-47.887028,true,"Operante","","","28/05/2025 08:00:00","28/05/2025 08:00:00","","100mm",""
"hid_3360","7013","BRZ00042","7013","BRAZLANDIA","a","","",-15.830221,-47.93303,false,"Inoperante","","","","","","100mm",""
"hid_3361","7015","BSB01100","7015","BRASILIA","SAUS QUADRA 01","Em frente ao TRT Anexo I","Em frente ao TRT Anexo I",-15.798555,-47.87999,true,"Operante","","","19/12/2025 12:13:00","19/12/2025 12:13:00","","100mm",""
"hid_3362","7018","BSB01101","7018","BRASILIA","SAUS QUADRA 01","Na esquina do TRT Anexo I","Na esquina do TRT Anexo I",-15.798225,-47.879868,true,"Operante","","","19/12/2025 12:14:00","19/12/2025 12:14:00","","100mm",""
"hid_3363","7019","BSB01102","7019","BRASILIA","SAUS QUADRA 01","Na área verde próximo ao TRT da 10ª Região","Na área verde próximo ao TRT da 10ª Região",-15.798411,-47.879135,true,"Operante","","","19/12/2025 12:14:00","19/12/2025 12:14:00","","100mm",""
"hid_3364","7020","BSB01103","7020","BRASILIA","SAUS QUADRA 01","Próximo ao DATAPREV","Próximo ao DATAPREV",-15.800606,-47.878149,true,"Operante","","","18/08/2025 08:30:00","18/08/2025 08:30:00","","100mm",""
"hid_3365","7021","BSB01104","7021","BRASILIA","SAUS QUADRA 02","Próximo ao INSS","Próximo ao INSS",-15.801126,-47.878632,true,"Operante","","","18/08/2025 08:00:00","18/08/2025 08:00:00","","100mm",""
"hid_3366","7022","BSB01105","7022","BRASILIA","SCS QUADRA 1","ED. ALVORADA, MINISTÉRIO DA FAZENDA","ED. ALVORADA, MINISTÉRIO DA FAZENDA",-15.79791,-47.88597,true,"Operante","","","06/08/2025 08:45:00","06/08/2025 08:45:00","","100mm",""
"hid_3367","7023","BSB01106","7023","BRASILIA","ERS- GALERIA DOS ESTADOS DF-002, 1490 BRASILA-DF","Abaixo do nível da rua (Eixo W Sul)","Abaixo do nível da rua (Eixo W Sul)",-15.798689,-47.885064,true,"Operante","","","06/08/2025 11:30:00","06/08/2025 11:30:00","","100mm",""
"hid_3368","7024","BSB01107","7024","BRASILIA","Q 01 SHS Setor Hoteleiro Sul","Próximo ao Postal Saúde","Próximo ao Postal Saúde",-15.794245,-47.887524,true,"Operante","","","06/08/2025 11:45:00","06/08/2025 11:45:00","","100mm",""
"hid_3369","7026","SUD00087","7026","SUDOESTE E OCTOGONAL","SQSW 300 BLOCO M","FUNDOS DO BLOCO M","FUNDOS DO BLOCO M",-15.7914,-47.9191,false,"Inoperante","HIDRANTE QUEBRADO NO FLANGE","","11/08/2025 08:00:00","11/08/2025 08:00:00","","100mm",""
"hid_3370","7027","SUD00088","7027","SUDOESTE E OCTOGONAL","SQSW 300 BLOCO P","FRENTE BLOCO P / NA PRIMEIRA AVENIDA","FRENTE BLOCO P / NA PRIMEIRA AVENIDA",-15.7931,-47.9168,true,"Operante","","","30/07/2025 11:17:00","30/07/2025 11:17:00","","100mm",""
"hid_3371","7028","BSB01108","7028","BRASILIA","EMI - MINISTERIO DA AGRICULTURA E PESCA","LATERAL ESQUEDA DO MINISTERIO DA AGRICULTURA E PESCA","LATERAL ESQUEDA DO MINISTERIO DA AGRICULTURA E PESCA",-15.799107,-47.870568,true,"Operante","","","25/01/2026 22:07:00","25/01/2026 22:07:00","","100mm",""
"hid_3372","7029","SUD00089","7029","SUDOESTE E OCTOGONAL","SQSW 100 BLOCO A","LATERAL DIREITA DO BLOCO A","LATERAL DIREITA DO BLOCO A",-15.797981,-47.916663,true,"Operante","","","29/07/2025 10:24:00","29/07/2025 10:24:00","","100mm",""
"hid_3373","7031","LAS00124","7031","LAGO SUL","QI 25 CONJUNTO 11 CASA 01","LATERAL DA CASA 01","LATERAL DA CASA 01",-15.836639,-47.828336,true,"Operante","","","16/06/2025 10:00:00","16/06/2025 10:00:00","","100mm","/hidrantes/lago_sul/LAS00124.jpeg"
"hid_3374","7032","LAS00125","7032","LAGO SUL","QI 25 CONJUNTO 13 CASA 13","FRENTE A CASA 13","FRENTE A CASA 13",-15.841465,-47.829961,true,"Operante","","","16/06/2025 09:41:00","16/06/2025 09:41:00","","100mm","/hidrantes/lago_sul/LAS00125.jpeg"
"hid_3375","7033","LAS00126","7033","LAGO SUL","QI 25 CONJUNTO 14 FUNDOS DA CASA 09","FUNDOS DA CASA 09","FUNDOS DA CASA 09",-15.843592,-47.830766,false,"Inoperante","FALTA TAMPÃO DE 2.1/2""; FALTA TAMPÃO DE 4""","","16/06/2025 09:38:00","16/06/2025 09:38:00","","100mm","/hidrantes/lago_sul/LAS00126.jpeg"
"hid_3376","7034","LAS00127","7034","LAGO SUL","QI 25 CHACARA 05","FRENTE A CHACARA 05","FRENTE A CHACARA 05",-15.84371,-47.834644,true,"Operante","","","16/06/2025 09:35:00","16/06/2025 09:35:00","","100mm","/hidrantes/lago_sul/LAS00127.jpeg"
"hid_3377","7035","LAS00128","7035","LAGO SUL","QI 25 CHACARA 18","FRENTE A CHACARA 18","FRENTE A CHACARA 18",-15.840203,-47.831683,true,"Operante","","","16/06/2025 09:30:00","16/06/2025 09:30:00","","100mm","/hidrantes/lago_sul/LAS00128.jpeg"
"hid_3378","7036","LAS00129","7036","LAGO SUL","QI 25 CONJUNTO 03 CASA 02","LATERAL DA CASA 02","LATERAL DA CASA 02",-15.842348,-47.835975,true,"Operante","","","13/06/2025 11:50:00","13/06/2025 11:50:00","","100mm","/hidrantes/lago_sul/LAS00129.jpeg"
"hid_3379","7037","LAS00130","7037","LAGO SUL","QI 25 CONJUNTO 04 CASA 18","FRENTE A CASA 18","FRENTE A CASA 18",-15.839289,-47.835647,true,"Operante","","","16/06/2025 08:30:00","16/06/2025 08:30:00","","100mm","/hidrantes/lago_sul/LAS00130.jpeg"
"hid_3380","7038","LAS00131","7038","LAGO SUL","QI 25 CONJUNTO 06 CASA 02","LATERAL DA CASA 02","LATERAL DA CASA 02",-15.837125,-47.834086,true,"Operante","","","16/06/2025 08:00:00","16/06/2025 08:00:00","","100mm","/hidrantes/lago_sul/LAS00131.jpeg"
"hid_3381","7039","JAR00054","7039","JARDIM BOTANICO","Rua Buritis casa 01","Frente casa 01","Frente casa 01",-15.882372,-47.752448,false,"Inoperante","HIDRANTE SOTERRADO; TAMPA DA CAIXA LACRADA (CONCRETADA)","","17/11/2025 10:01:00","17/11/2025 10:01:00","","100mm",""
"hid_3382","7040","JAR00055","7040","JARDIM BOTANICO","Rua Coqueiros casa 26","Frente Casa 26","Frente Casa 26",-15.87842,-47.754013,false,"Inoperante","REGISTRO SOTERRADO","","17/11/2025 11:00:00","17/11/2025 11:00:00","","100mm",""
"hid_3383","7041","JAR00056","7041","JARDIM BOTANICO","AV. SAN DIEGO - EM FRENTE AO CONDOMÍNIO MANSÕES CALIFÓNIA","","",-15.873669,-47.822556,true,"Operante","","","14/11/2025 12:00:00","14/11/2025 12:00:00","","100mm",""
"hid_3384","7042","BSB01109","7042","BRASILIA","SQN 412 - FUNDOS DO PARQUE OLHOS D'ÁGUA.","FUNDOS DO PARQUE OLHOS D'ÁGUA / VIA L2 NORTE.","FUNDOS DO PARQUE OLHOS D'ÁGUA / VIA L2 NORTE.",-15.746445,-47.882593,true,"Operante","","","27/05/2025 11:00:00","27/05/2025 11:00:00","","100mm",""
"hid_3385","7043","REC00192","7043","RECANTO DAS EMAS","QR 105 conjunto 02 casa 06","casa 06","casa 06",-15.90438,-48.077466,false,"Inoperante","","","","","","100mm",""
"hid_3386","7044","REC00193","7044","RECANTO DAS EMAS","QR 104/105 LOTE 52 SETOR HOSPITALAR - RECANTO DAS EMAS - DF","EM FRENTE AO LOTE 52 / ESTACIONAMENTO SETOR HOSPITALAR / LATERAL ESQUERDA DO ATACADÃO.","EM FRENTE AO LOTE 52 / ESTACIONAMENTO SETOR HOSPITALAR / LATERAL ESQUERDA DO ATACADÃO.",-15.902514,-48.076307,false,"Inoperante","","","","","","100mm",""
"hid_3387","7045","BSB01110","7045","BRASILIA","SBN Bloco D Edifício INCRA","Na entrada da garagem de carga e descarga do INCRA/ Palácio do Desenvolvimento","Na entrada da garagem de carga e descarga do INCRA/ Palácio do Desenvolvimento",-15.790712,-47.879388,true,"Operante","","","17/03/2026 19:59:00","17/03/2026 19:59:00","","100mm",""
"hid_3388","7046","SAM00372","7046","SAMAMBAIA","QR 104 Cj 05 casa 04","","",-15.872891,-48.081728,true,"Operante","FALTA CABEÇOTE DA HASTE DO REGISTRO (LUVA)","","28/04/2025 09:58:00","28/04/2025 09:58:00","","100mm",""
"hid_3389","7047","LAS00132","7047","LAGO SUL","VI COMAR, nos fundos do rancho","Próximo à cabeceira da pista de pouso","Próximo à cabeceira da pista de pouso",-15.859522,-47.894708,true,"Operante","","","12/06/2025 10:11:00","12/06/2025 10:11:00","","100mm",""
"hid_3390","7050","LAS00133","7050","LAGO SUL","Shis QI 23 conj 6/7","Na calçada da área verde","Na calçada da área verde",-15.846266,-47.845927,true,"Operante","","","13/06/2025 14:46:00","13/06/2025 14:46:00","","100mm","/hidrantes/lago_sul/LAS00133.jpeg"
"hid_3391","7051","LAS00134","7051","LAGO SUL","Shis QI 23 conj 9","Na calçada nossa fundos do campo de futebol","Na calçada nossa fundos do campo de futebol",-15.845182,-47.840442,true,"Operante","","","13/06/2025 14:46:00","13/06/2025 14:46:00","","100mm","/hidrantes/lago_sul/LAS00134.jpeg"
"hid_3392","7052","RIA00033","7052","RIACHO FUNDO II","Av Riacho Fundo 2","No canteiro em frente ao posto PONTÃO","No canteiro em frente ao posto PONTÃO",-15.928312,-48.041879,true,"Operante","","","28/04/2026 11:24:00","28/04/2026 11:24:00","","100mm",""
"hid_3393","7054","RIA00035","7054","RIACHO FUNDO II","Av Riacho Fundo 2, no estacionamenot atrás do Parque Riacho Cond 34","","",-15.953571,-48.028686,true,"Operante","TAMPA METÁLICA T19 QUEBRADA OU REMOVIDA","","05/05/2026 15:01:00","05/05/2026 15:01:00","","100mm",""
"hid_3394","7055","RIA00036","7055","RIACHO FUNDO II","Av Riacho Fundo 2, no canteiro central em frente ao posto Pontão","","",-15.92827,-48.042001,true,"Operante","","","05/05/2026 15:03:00","05/05/2026 15:03:00","","100mm",""
"hid_3395","7056","RIA00037","7056","RIACHO FUNDO II","Av Riacho Fundo 2, atrás da parada de ônibus da CAESB","","",-15.932974,-48.04074,true,"Operante","","","05/05/2026 15:06:00","05/05/2026 15:06:00","","100mm",""
"hid_3396","7057","RIA00038","7057","RIACHO FUNDO II","Av Riacho Fundo 2, no canteiro central na altura da QS 06","Em frente à parada de ônibus e 4 Irmãos Materiais","Em frente à parada de ônibus e 4 Irmãos Materiais",-15.936327,-48.040102,true,"Operante","","","05/05/2026 15:11:00","05/05/2026 15:11:00","","100mm",""
"hid_3397","7058","RIA00039","7058","RIACHO FUNDO II","Av Riacho Fundo 2, QS 08, no canteiro central próximo à Assembléia de Deus","","",-15.939866,-48.038782,false,"Inoperante","","","","","","100mm",""
"hid_3398","7059","CAN00032","7059","CANDANGOLANDIA","Museu da memória candanga","Aces","Aces",-15.860305,-47.958245,true,"Operante","","","01/07/2026 13:08:00","01/07/2026 13:08:00","","100mm",""
"hid_3399","7060","POR00001","7060","PÔR DO SOL E SOL NASCENTE","Residencial Horizonte SHSN trecho 2 quadra 105 conjunto F2 bloco 1","Na esquina do bloco 1","Na esquina do bloco 1",-15.830463,-48.144095,false,"Inoperante","FALTAM BUJÕES E TAMPÕES","","30/07/2026 08:38:00","30/07/2026 08:38:00","","100mm",""